date,temperature,rainfall,solar_radiation,sm_surface,sm_rootzone,sm_surface_wetness,n_obs_3hourly,ndvi,ndvi_observed,is_observed,is_interpolated,fill_method,valid_pixel_fraction,n_images,temp_diff,rainfall_7d_sum,solar_7d_mean,sm_surface_lag1,sm_rootzone_lag1,ndvi_lag1,sm_surface_noisy,ground_truth_decision,failure_type,noise_std
2018-06-01,20.1,0.0,29.81,0.4075424373149872,0.424164354801178,0.7809598445892334,8,0.2308607522601226,0.2308607522601226,1,0,observed,1.0,1.0,0.0,0.0,29.81,0.4075424373149872,0.424164354801178,0.2308607522601226,0.4069806920820709,KEEP,observation_noise,0.0013011840041300745
2018-06-02,21.61,0.0,28.21,0.3987295627593994,0.4214181900024414,0.764167845249176,8,0.2337550395750386,,0,1,interpolated,0.0,0.0,1.509999999999998,0.0,29.01,0.4075424373149872,0.424164354801178,0.2308607522601226,0.39691717743269106,KEEP,observation_noise,0.0013011840041300745
2018-06-03,21.58,0.0,19.17,0.3970503807067871,0.4193564653396606,0.7608667016029358,8,0.2366493268899547,,0,1,interpolated,0.0,0.0,-0.0300000000000011,0.0,25.73,0.3987295627593994,0.4214181900024414,0.2337550395750386,0.3974557914755024,KEEP,observation_noise,0.0013011840041300745
2018-06-04,22.35,0.0,23.57,0.3983989059925079,0.4177184402942657,0.7634599208831787,8,0.2395436142048707,,0,1,interpolated,0.0,0.0,0.7700000000000031,0.0,25.19,0.3970503807067871,0.4193564653396606,0.2366493268899547,0.39838168497846627,KEEP,observation_noise,0.0013011840041300745
2018-06-05,20.41,35.34,5.8,0.4422498941421509,0.4319466948509216,0.8475400805473328,8,0.2424379015197867,,0,1,interpolated,0.0,0.0,-1.9400000000000013,35.34,21.312,0.3983989059925079,0.4177184402942657,0.2395436142048707,0.4441362306478791,KEEP,observation_noise,0.0013011840041300745
2018-06-06,20.08,6.51,8.56,0.4317739903926849,0.4352795481681824,0.8274420499801636,8,0.2453321888347028,,0,1,interpolated,0.0,0.0,-0.3300000000000018,41.85,19.186666666666667,0.4422498941421509,0.4319466948509216,0.2424379015197867,0.4321619419668119,KEEP,observation_noise,0.0013011840041300745
2018-06-07,22.68,0.05,18.63,0.4109032750129699,0.4286295771598816,0.7874821424484253,8,0.2482264761496188,,0,1,interpolated,0.0,0.0,2.6000000000000014,41.900000000000006,19.107142857142858,0.4317739903926849,0.4352795481681824,0.2453321888347028,0.40982342756920975,KEEP,observation_noise,0.0013011840041300745
2018-06-08,22.45,20.19,15.99,0.4062698781490326,0.4253963232040405,0.778599202632904,8,0.2511207634645349,,0,1,interpolated,0.0,0.0,-0.2300000000000004,62.09,17.13285714285714,0.4109032750129699,0.4286295771598816,0.2482264761496188,0.4041929822079455,KEEP,observation_noise,0.0013011840041300745
2018-06-09,22.18,0.13,23.35,0.405066043138504,0.4228802323341369,0.7763257622718811,8,0.2540150507794509,,0,1,interpolated,0.0,0.0,-0.2699999999999996,62.220000000000006,16.43857142857143,0.4062698781490326,0.4253963232040405,0.2511207634645349,0.40586423858509363,KEEP,observation_noise,0.0013011840041300745
2018-06-10,22.01,4.22,14.72,0.4324427843093872,0.4284074306488037,0.8287545442581177,8,0.256909338094367,,0,1,interpolated,0.0,0.0,-0.1699999999999981,66.44,15.802857142857144,0.405066043138504,0.4228802323341369,0.2540150507794509,0.4320295320158531,KEEP,observation_noise,0.0013011840041300745
2018-06-11,20.71,44.52,4.78,0.4382875561714172,0.4367735385894775,0.8400412201881409,8,0.259803625409283,,0,1,interpolated,0.0,0.0,-1.3000000000000007,110.96,13.118571428571428,0.4324427843093872,0.4284074306488037,0.256909338094367,0.43819127291049165,KEEP,observation_noise,0.0013011840041300745
2018-06-12,19.44,3.6,22.45,0.4171523451805115,0.4320844113826751,0.7994688153266907,8,0.2626979127241991,,0,1,interpolated,0.0,0.0,-1.2699999999999996,79.22,15.497142857142858,0.4382875561714172,0.4367735385894775,0.259803625409283,0.4163604043888405,KEEP,observation_noise,0.0013011840041300745
2018-06-13,19.85,0.01,30.0,0.410306841135025,0.4276337027549743,0.7863182425498962,8,0.2655922000391151,,0,1,interpolated,0.0,0.0,0.4100000000000001,72.72,18.56,0.4171523451805115,0.4320844113826751,0.2626979127241991,0.4077046383626058,KEEP,observation_noise,0.0013011840041300745
2018-06-14,20.6,0.01,12.39,0.4085792899131775,0.425306499004364,0.7830818891525269,8,0.2684864873540312,,0,1,interpolated,0.0,0.0,0.75,72.68,17.66857142857143,0.410306841135025,0.4276337027549743,0.2655922000391151,0.40976107817403234,KEEP,observation_noise,0.0013011840041300745
2018-06-15,20.12,0.44,22.42,0.4071903228759765,0.4235178828239441,0.7803583145141602,8,0.2713807746689472,,0,1,interpolated,0.0,0.0,-0.4800000000000004,52.93000000000001,18.587142857142855,0.4085792899131775,0.425306499004364,0.2684864873540312,0.40781876863542227,KEEP,observation_noise,0.0013011840041300745
2018-06-16,20.24,0.0,27.91,0.404936820268631,0.421482503414154,0.7760360836982727,8,0.2742750619838633,,0,1,interpolated,0.0,0.0,0.1199999999999974,52.8,19.23857142857143,0.4071903228759765,0.4235178828239441,0.2713807746689472,0.4052255249597019,KEEP,observation_noise,0.0013011840041300745
2018-06-17,22.01,0.0,26.12,0.4053370058536529,0.4197519421577453,0.7768083810806274,8,0.2771693492987793,,0,1,interpolated,0.0,0.0,1.7700000000000031,48.580000000000005,20.867142857142856,0.404936820268631,0.421482503414154,0.2742750619838633,0.406201029999944,KEEP,observation_noise,0.0013011840041300745
2018-06-18,22.62,3.04,13.75,0.415239155292511,0.4202919006347656,0.795753002166748,8,0.2800636366136954,,0,1,interpolated,0.0,0.0,0.6099999999999994,7.1,22.148571428571422,0.4053370058536529,0.4197519421577453,0.2771693492987793,0.41361813139907033,KEEP,observation_noise,0.0013011840041300745
2018-06-19,22.38,30.18,8.52,0.4420206844806671,0.4309782981872558,0.8470483422279358,8,0.2829579239286114,,0,1,interpolated,0.0,0.0,-0.240000000000002,33.68,20.15857142857143,0.415239155292511,0.4202919006347656,0.2800636366136954,0.4445825584347693,KEEP,observation_noise,0.0013011840041300745
2018-06-20,21.56,53.42,11.93,0.4368682503700256,0.4444364905357361,0.837299108505249,8,0.2858522112435274,,0,1,interpolated,0.0,0.0,-0.8200000000000003,87.09,17.577142857142857,0.4420206844806671,0.4309782981872558,0.2829579239286114,0.43645362948386507,KEEP,observation_noise,0.0013011840041300745
2018-06-21,22.45,0.37,22.72,0.41486656665802,0.4343843162059784,0.7950938940048218,8,0.2887464985584435,,0,1,interpolated,0.0,0.0,0.8900000000000006,87.45,19.052857142857142,0.4368682503700256,0.4444364905357361,0.2858522112435274,0.415334690898228,KEEP,observation_noise,0.0013011840041300745
2018-06-22,23.18,0.09,23.08,0.4180388450622558,0.4313440918922424,0.8011351823806763,8,0.2916407858733595,,0,1,interpolated,0.0,0.0,0.7300000000000004,87.1,19.147142857142857,0.41486656665802,0.4343843162059784,0.2887464985584435,0.4190097508778499,KEEP,observation_noise,0.0013011840041300745
2018-06-23,21.86,10.39,9.71,0.4281557500362396,0.4387072324752807,0.8205125331878662,8,0.2945350731882756,,0,1,interpolated,0.0,0.0,-1.3200000000000005,97.49,16.547142857142855,0.4180388450622558,0.4313440918922424,0.2916407858733595,0.4246102070005087,KEEP,observation_noise,0.0013011840041300745
2018-06-24,22.55,0.0,24.02,0.4133411049842834,0.4325477480888366,0.7921514511108398,8,0.2974293605031917,,0,1,interpolated,0.0,0.0,0.6900000000000013,97.49,16.247142857142855,0.4281557500362396,0.4387072324752807,0.2945350731882756,0.4155210811621176,KEEP,observation_noise,0.0013011840041300745
2018-06-25,24.16,0.02,28.33,0.4033215343952179,0.4283041059970855,0.7728807330131531,8,0.3003236478181077,,0,1,interpolated,0.0,0.0,1.6099999999999994,94.47,18.33,0.4133411049842834,0.4325477480888366,0.2974293605031917,0.40339470348622725,KEEP,observation_noise,0.0013011840041300745
2018-06-26,24.75,2.64,12.52,0.4138163924217224,0.4269443154335022,0.7930539846420288,8,0.3032179351330237,,0,1,interpolated,0.0,0.0,0.5899999999999999,66.93,18.90142857142857,0.4033215343952179,0.4283041059970855,0.3003236478181077,0.41160536141357995,KEEP,observation_noise,0.0013011840041300745
2018-06-27,25.29,3.69,11.28,0.4273248612880707,0.4289200901985168,0.8189656734466553,8,0.3061122224479398,,0,1,interpolated,0.0,0.0,0.5399999999999991,17.200000000000003,18.80857142857143,0.4138163924217224,0.4269443154335022,0.3032179351330237,0.4268546692196121,KEEP,observation_noise,0.0013011840041300745
2018-06-28,25.48,13.88,10.57,0.4519157707691192,0.4413798153400421,0.8661000728607178,8,0.3090065097628558,,0,1,interpolated,0.0,0.0,0.1900000000000012,30.71,17.072857142857142,0.4273248612880707,0.4289200901985168,0.3061122224479398,0.4554676778271381,KEEP,observation_noise,0.0013011840041300745
2018-06-29,24.77,53.01,6.19,0.4718733727931976,0.4668518006801605,0.904309093952179,8,0.3119007970777719,,0,1,interpolated,0.0,0.0,-0.7100000000000009,83.63,14.66,0.4519157707691192,0.4413798153400421,0.3090065097628558,0.471562586280762,KEEP,observation_noise,0.0013011840041300745
2018-06-30,24.63,54.32,8.22,0.4729015231132507,0.4802534282207489,0.9063274264335632,8,0.3147950843926879,,0,1,interpolated,0.0,0.0,-0.1400000000000005,127.56,14.447142857142856,0.4718733727931976,0.4668518006801605,0.3119007970777719,0.4710486912023232,KEEP,observation_noise,0.0013011840041300745
2018-07-01,25.81,0.8,21.84,0.4485116899013519,0.4671270847320556,0.85950767993927,8,0.317689371707604,,0,1,interpolated,0.0,0.0,1.1799999999999995,128.36,14.135714285714286,0.4729015231132507,0.4802534282207489,0.3147950843926879,0.4482971227468207,KEEP,observation_noise,0.0013011840041300745
2018-07-02,25.71,3.67,13.18,0.4637825191020965,0.4666735529899597,0.8887628316879272,8,0.6334596835576256,,0,1,climatology,0.0,0.0,-0.0999999999999978,132.01,11.971428571428572,0.4485116899013519,0.4671270847320556,0.317689371707604,0.4642839594815085,KEEP,observation_noise,0.0013011840041300745
2018-07-03,25.33,73.61,5.82,0.4904603064060211,0.4968016743659973,0.939966320991516,8,0.6324967010606846,,0,1,climatology,0.0,0.0,-0.3800000000000025,202.98,11.014285714285714,0.4637825191020965,0.4666735529899597,0.6334596835576256,0.48965309629287596,KEEP,observation_noise,0.0013011840041300745
2018-07-04,25.51,38.44,23.09,0.4673277139663696,0.4919409155845642,0.8956274390220642,8,0.6315337185637436,,0,1,climatology,0.0,0.0,0.1800000000000032,237.73,12.701428571428574,0.4904603064060211,0.4968016743659973,0.6324967010606846,0.46654318789482074,KEEP,observation_noise,0.0013011840041300745
2018-07-05,25.08,80.14,5.7,0.4950981736183166,0.50107342004776,0.94884192943573,8,0.6305707360668026,,0,1,climatology,0.0,0.0,-0.4300000000000032,303.99,12.005714285714287,0.4673277139663696,0.4919409155845642,0.6315337185637436,0.4966349702043408,KEEP,observation_noise,0.0013011840041300745
2018-07-06,24.07,152.01,2.8,0.5015182495117188,0.5169425010681152,0.9610826969146729,8,0.6296077535698615,,0,1,climatology,0.0,0.0,-1.009999999999998,402.99,11.521428571428572,0.4950981736183166,0.50107342004776,0.6305707360668026,0.5026030506198432,KEEP,observation_noise,0.0013011840041300745
2018-07-07,22.53,10.51,9.87,0.4856030941009521,0.50841224193573,0.9306718707084656,8,0.6052291125503568,,0,1,climatology,0.0,0.0,-1.5399999999999991,359.18,11.757142857142856,0.5015182495117188,0.5169425010681152,0.6296077535698615,0.4855954514479821,KEEP,observation_noise,0.0013011840041300745
2018-07-08,23.6,12.69,11.51,0.4817872047424316,0.5029924511909485,0.9233283996582032,8,0.5808504715308522,,0,1,climatology,0.0,0.0,1.0700000000000005,371.07,10.281428571428572,0.4856030941009521,0.50841224193573,0.6052291125503568,0.48169736597359597,KEEP,observation_noise,0.0013011840041300745
2018-07-09,26.09,2.84,24.19,0.475104957818985,0.4983067214488983,0.9105072021484376,8,0.5564718305113475,,0,1,climatology,0.0,0.0,2.4899999999999984,370.24,11.854285714285714,0.4817872047424316,0.5029924511909485,0.5808504715308522,0.47529539111952074,KEEP,observation_noise,0.0013011840041300745
2018-07-10,26.68,0.15,26.25,0.4708031713962555,0.4934461712837219,0.902289628982544,8,0.5320931894918428,,0,1,climatology,0.0,0.0,0.5899999999999999,296.78,14.772857142857143,0.475104957818985,0.4983067214488983,0.5564718305113475,0.470239257113054,KEEP,observation_noise,0.0013011840041300745
2018-07-11,26.73,0.01,21.45,0.4671288132667541,0.4891835451126098,0.8952291011810303,8,0.4602569251316895,,0,1,climatology,0.0,0.0,0.0500000000000007,258.35,14.53857142857143,0.4708031713962555,0.4934461712837219,0.5320931894918428,0.4671156358137312,KEEP,observation_noise,0.0013011840041300745
2018-07-12,26.58,0.0,24.49,0.4613285958766937,0.4853150248527527,0.8840656876564026,8,0.3884206607715361,,0,1,climatology,0.0,0.0,-0.1500000000000021,178.20999999999998,17.222857142857144,0.4671288132667541,0.4891835451126098,0.4602569251316895,0.4615062279230214,KEEP,observation_noise,0.0013011840041300745
2018-07-13,26.07,0.02,25.83,0.457267165184021,0.481321632862091,0.8763875365257263,8,0.3165843964113828,,0,1,climatology,0.0,0.0,-0.509999999999998,26.22,20.512857142857143,0.4613285958766937,0.4853150248527527,0.3884206607715361,0.4591887029044857,KEEP,observation_noise,0.0013011840041300745
2018-07-14,26.41,0.03,27.22,0.4528676271438598,0.4772030413150787,0.8679079413414001,8,0.2447481320512294,,0,1,climatology,0.0,0.0,0.3399999999999998,15.74,22.99142857142857,0.457267165184021,0.481321632862091,0.3165843964113828,0.4513498215585328,KEEP,observation_noise,0.0013011840041300745
2018-07-15,26.99,0.01,26.6,0.4477003216743469,0.4731127917766571,0.8580151200294495,8,0.1729118676910761,,0,1,climatology,0.0,0.0,0.5799999999999983,3.06,25.147142857142857,0.4528676271438598,0.4772030413150787,0.2447481320512294,0.44892348113174774,KEEP,observation_noise,0.0013011840041300745
2018-07-16,27.17,0.0,25.4,0.4426238536834717,0.4690364003181457,0.8482837677001953,8,0.6437345740683281,,0,1,climatology,0.0,0.0,0.1800000000000032,0.22,25.32,0.4477003216743469,0.4731127917766571,0.1729118676910761,0.4448004633348994,KEEP,observation_noise,0.0013011840041300745
2018-07-17,27.51,0.0,25.25,0.4406308829784393,0.4652823805809021,0.8444797992706299,8,0.5910292424246486,,0,1,climatology,0.0,0.0,0.3399999999999998,0.0699999999999999,25.177142857142854,0.4426238536834717,0.4690364003181457,0.6437345740683281,0.4395159014368601,KEEP,observation_noise,0.0013011840041300745
2018-07-18,27.54,0.01,24.43,0.4377528429031372,0.4617438912391662,0.8389542102813721,8,0.5383239107809691,,0,1,climatology,0.0,0.0,0.0299999999999975,0.0699999999999999,25.602857142857143,0.4406308829784393,0.4652823805809021,0.5910292424246486,0.43799484483722545,KEEP,observation_noise,0.0013011840041300745
2018-07-19,28.16,0.0,25.67,0.4332574903964996,0.4581686556339264,0.830274224281311,8,0.4856185791372896,,0,1,climatology,0.0,0.0,0.620000000000001,0.0699999999999999,25.77142857142857,0.4377528429031372,0.4617438912391662,0.5383239107809691,0.43358513755328953,KEEP,observation_noise,0.0013011840041300745
2018-07-20,28.86,0.07,26.38,0.4310112595558166,0.4545214176177978,0.8259709477424622,8,0.4329132474936101,,0,1,climatology,0.0,0.0,0.6999999999999993,0.12,25.85,0.4332574903964996,0.4581686556339264,0.4856185791372896,0.43080020240890454,KEEP,observation_noise,0.0013011840041300745
2018-07-21,28.16,0.43,20.89,0.4301164150238037,0.4510010182857513,0.8242964148521423,8,0.5001935404270588,,0,1,climatology,0.0,0.0,-0.6999999999999993,0.52,24.945714285714285,0.4310112595558166,0.4545214176177978,0.4329132474936101,0.4294940950186383,KEEP,observation_noise,0.0013011840041300745
2018-07-22,28.84,1.63,18.91,0.4483367800712585,0.454816460609436,0.8591822385787964,8,0.5674738333605075,,0,1,climatology,0.0,0.0,0.6799999999999997,2.14,23.84714285714286,0.4301164150238037,0.4510010182857513,0.5001935404270588,0.4470359456683306,KEEP,observation_noise,0.0013011840041300745
2018-07-23,28.36,1.88,22.53,0.4378018081188202,0.4543168544769287,0.839024543762207,8,0.6347541262939562,,0,1,climatology,0.0,0.0,-0.4800000000000004,4.02,23.437142857142856,0.4483367800712585,0.454816460609436,0.5674738333605075,0.4349235230170861,KEEP,observation_noise,0.0013011840041300745
2018-07-24,28.33,0.07,24.05,0.4307940602302551,0.4504570662975311,0.8256258964538574,8,0.702034419227405,,0,1,climatology,0.0,0.0,-0.0300000000000011,4.09,23.26571428571429,0.4378018081188202,0.4543168544769287,0.6347541262939562,0.4315411358034616,KEEP,observation_noise,0.0013011840041300745
2018-07-25,28.57,0.01,25.43,0.4226840734481811,0.4465200901031494,0.8100383877754211,8,0.7693147121608537,,0,1,climatology,0.0,0.0,0.240000000000002,4.09,23.408571428571427,0.4307940602302551,0.4504570662975311,0.702034419227405,0.4184259169705142,KEEP,observation_noise,0.0013011840041300745
2018-07-26,28.93,0.0,24.06,0.4192190170288086,0.4429889619350433,0.8034045696258545,8,0.5694127448132206,,0,1,climatology,0.0,0.0,0.3599999999999994,4.09,23.178571428571427,0.4226840734481811,0.4465200901031494,0.7693147121608537,0.4198822481021599,KEEP,observation_noise,0.0013011840041300745
2018-07-27,28.75,0.02,24.35,0.4163507223129272,0.4400303363800049,0.7979413866996765,8,0.5269902336343665,,0,1,climatology,0.0,0.0,-0.1799999999999997,4.04,22.888571428571428,0.4192190170288086,0.4429889619350433,0.5694127448132206,0.4175411642352954,KEEP,observation_noise,0.0013011840041300745
2018-07-28,27.89,0.05,25.18,0.4170401692390442,0.4376047551631927,0.7992885708808899,8,0.4845677224555124,,0,1,climatology,0.0,0.0,-0.8599999999999994,3.66,23.50142857142857,0.4163507223129272,0.4400303363800049,0.5269902336343665,0.4156961307727039,KEEP,observation_noise,0.0013011840041300745
2018-07-29,27.13,23.25,8.23,0.4482809901237488,0.4486472904682159,0.859095573425293,8,0.4421452112766583,,0,1,climatology,0.0,0.0,-0.7600000000000016,25.28,21.97571428571428,0.4170401692390442,0.4376047551631927,0.4845677224555124,0.44901334364631973,KEEP,observation_noise,0.0013011840041300745
2018-07-30,27.67,0.48,18.61,0.4268445968627929,0.4454002976417541,0.8179986476898193,8,0.3997227000978042,,0,1,climatology,0.0,0.0,0.5400000000000027,23.880000000000003,21.415714285714284,0.4482809901237488,0.4486472904682159,0.4421452112766583,0.4277750315904419,KEEP,observation_noise,0.0013011840041300745
2018-07-31,28.0,0.2,21.23,0.4207464456558227,0.4401387572288513,0.8063230514526367,8,0.6199813410532953,,0,1,climatology,0.0,0.0,0.3299999999999983,24.01,21.012857142857143,0.4268445968627929,0.4454002976417541,0.3997227000978042,0.42167835713854934,KEEP,observation_noise,0.0013011840041300745
2018-08-01,28.27,0.37,22.69,0.4158022105693817,0.4361941218376159,0.7968746423721313,8,0.5863657422855966,,0,1,climatology,0.0,0.0,0.2699999999999996,24.37,20.62142857142857,0.4207464456558227,0.4401387572288513,0.6199813410532953,0.415223816839825,KEEP,observation_noise,0.0013011840041300745
2018-08-02,28.49,0.58,25.07,0.410617858171463,0.4327490329742431,0.7869449853897095,8,0.5527501435178978,,0,1,climatology,0.0,0.0,0.2199999999999988,24.95,20.76571428571429,0.4158022105693817,0.4361941218376159,0.5863657422855966,0.41107368041299636,KEEP,observation_noise,0.0013011840041300745
2018-08-03,28.66,0.15,25.07,0.4022731184959411,0.4294613599777221,0.7709274291992188,8,0.519134544750199,,0,1,climatology,0.0,0.0,0.1700000000000017,25.08,20.868571428571425,0.410617858171463,0.4327490329742431,0.5527501435178978,0.4025365910678216,KEEP,observation_noise,0.0013011840041300745
2018-08-04,28.45,0.08,24.78,0.4036253988742828,0.4269036948680877,0.7735393047332764,8,0.4855189459825003,,0,1,climatology,0.0,0.0,-0.2100000000000008,25.11,20.81142857142857,0.4022731184959411,0.4294613599777221,0.519134544750199,0.40257456909163086,KEEP,observation_noise,0.0013011840041300745
2018-08-05,28.32,0.18,25.55,0.4032638370990753,0.424753874540329,0.7728628516197205,8,0.5656998335011516,,0,1,climatology,0.0,0.0,-0.129999999999999,2.04,23.285714285714285,0.4036253988742828,0.4269036948680877,0.4855189459825003,0.4025786899830789,KEEP,observation_noise,0.0013011840041300745
2018-08-06,28.59,0.52,24.71,0.3993598818778991,0.4225876629352569,0.765364944934845,8,0.5330260759445441,,0,1,climatology,0.0,0.0,0.2699999999999996,2.08,24.15714285714285,0.4032638370990753,0.424753874540329,0.5656998335011516,0.4002047303233183,KEEP,observation_noise,0.0013011840041300745
2018-08-07,27.94,0.01,23.89,0.3992893397808075,0.4205019474029541,0.7652237415313721,8,0.5003523183879366,,0,1,climatology,0.0,0.0,-0.6499999999999986,1.89,24.53714285714286,0.3993598818778991,0.4225876629352569,0.5330260759445441,0.3985864300574384,KEEP,observation_noise,0.0013011840041300745
2018-08-08,26.97,0.0,26.01,0.3972779512405395,0.4181074500083923,0.7613598108291626,8,0.4676785608313291,,0,1,climatology,0.0,0.0,-0.9700000000000024,1.5199999999999998,25.01142857142857,0.3992893397808075,0.4205019474029541,0.5003523183879366,0.39786431783356235,KEEP,observation_noise,0.0013011840041300745
2018-08-09,26.89,0.02,24.47,0.3988163769245147,0.4162978529930115,0.7643426656723022,8,0.4350048032747216,,0,1,climatology,0.0,0.0,-0.0799999999999983,0.96,24.925714285714285,0.3972779512405395,0.4181074500083923,0.4676785608313291,0.39893961576552067,KEEP,observation_noise,0.0013011840041300745
2018-08-10,27.48,1.22,23.91,0.3940427303314209,0.4142137169837951,0.7551682591438293,8,0.405957702320029,,0,1,climatology,0.0,0.0,0.5899999999999999,2.03,24.76,0.3988163769245147,0.4162978529930115,0.4350048032747216,0.39373793128385964,KEEP,observation_noise,0.0013011840041300745
2018-08-11,28.53,0.38,22.69,0.3907163441181183,0.4122126996517181,0.7487825155258179,8,0.3769106013653364,,0,1,climatology,0.0,0.0,1.0500000000000007,2.33,24.461428571428574,0.3940427303314209,0.4142137169837951,0.405957702320029,0.39086545252322613,KEEP,observation_noise,0.0013011840041300745
2018-08-12,29.07,1.79,22.05,0.3938114941120147,0.4108441472053528,0.754652202129364,8,0.3478635004106438,,0,1,climatology,0.0,0.0,0.5399999999999991,3.94,23.96142857142857,0.3907163441181183,0.4122126996517181,0.3769106013653364,0.3942554190307603,KEEP,observation_noise,0.0013011840041300745
2018-08-13,29.03,0.54,23.5,0.3876036405563354,0.4087722897529602,0.7428626418113708,8,0.3188163994559513,,0,1,climatology,0.0,0.0,-0.0399999999999991,3.96,23.78857142857143,0.3938114941120147,0.4108441472053528,0.3478635004106438,0.38769779089724754,KEEP,observation_noise,0.0013011840041300745
2018-08-14,28.94,0.02,25.28,0.3836541473865509,0.4064940512180328,0.7352728247642517,8,0.2897692985012587,,0,1,climatology,0.0,0.0,-0.0899999999999998,3.97,23.987142857142857,0.3876036405563354,0.4087722897529602,0.3188163994559513,0.3838925828924783,KEEP,observation_noise,0.0013011840041300745
2018-08-15,28.2,27.04,12.42,0.4066618680953979,0.408370703458786,0.7793363332748413,8,0.4260588594831607,,0,1,climatology,0.0,0.0,-0.740000000000002,31.01,22.04571428571429,0.3836541473865509,0.4064940512180328,0.2897692985012587,0.407562527209376,KEEP,observation_noise,0.0013011840041300745
2018-08-16,27.52,2.55,15.2,0.4035741984844208,0.4081269204616546,0.7734248042106628,8,0.374611882218641,,0,1,climatology,0.0,0.0,-0.6799999999999997,33.54,20.72142857142857,0.4066618680953979,0.408370703458786,0.4260588594831607,0.4033609270560826,KEEP,observation_noise,0.0013011840041300745
2018-08-17,25.85,0.21,22.18,0.3874757885932922,0.405638575553894,0.742606520652771,8,0.3231649049541214,,0,1,climatology,0.0,0.0,-1.6699999999999982,32.53,20.474285714285717,0.4035741984844208,0.4081269204616546,0.374611882218641,0.38775589288838036,KEEP,observation_noise,0.0013011840041300745
2018-08-18,25.11,0.0,25.86,0.3786617219448089,0.4026447534561157,0.7256997227668762,8,0.2717179276896017,,0,1,climatology,0.0,0.0,-0.740000000000002,32.15,20.927142857142854,0.3874757885932922,0.405638575553894,0.3231649049541214,0.37841605925668037,KEEP,observation_noise,0.0013011840041300745
2018-08-19,26.32,0.23,23.12,0.3761318325996399,0.4006006419658661,0.7208606004714966,8,0.220270950425082,,0,1,climatology,0.0,0.0,1.2100000000000009,30.59,21.08,0.3786617219448089,0.4026447534561157,0.2717179276896017,0.3766726934789692,KEEP,observation_noise,0.0013011840041300745
2018-08-20,27.27,0.03,23.15,0.371820330619812,0.3985706865787506,0.7125826478004456,8,0.390429129267376,,0,1,climatology,0.0,0.0,0.9499999999999992,30.08,21.03,0.3761318325996399,0.4006006419658661,0.220270950425082,0.3716748614417459,KEEP,observation_noise,0.0013011840041300745
2018-08-21,28.27,0.08,22.94,0.372214138507843,0.3969132900238037,0.713280200958252,8,0.3246581374940415,,0,1,climatology,0.0,0.0,1.0,30.14,20.695714285714285,0.371820330619812,0.3985706865787506,0.390429129267376,0.373154611687681,KEEP,observation_noise,0.0013011840041300745
2018-08-22,28.64,0.09,19.41,0.3743702471256256,0.395611047744751,0.7174468040466309,8,0.258887145720707,,0,1,climatology,0.0,0.0,0.370000000000001,3.19,21.694285714285712,0.372214138507843,0.3969132900238037,0.3246581374940415,0.3758244784004541,KEEP,observation_noise,0.0013011840041300745
2018-08-23,28.59,2.73,17.82,0.3791248798370361,0.3947345018386841,0.7265307903289795,8,0.1931161539473725,,0,1,climatology,0.0,0.0,-0.0500000000000007,3.37,22.068571428571428,0.3743702471256256,0.395611047744751,0.258887145720707,0.3773210818331752,KEEP,observation_noise,0.0013011840041300745
2018-08-24,28.19,0.8,20.91,0.3799765408039093,0.3938733041286468,0.7281558513641357,8,0.1273451621740381,,0,1,climatology,0.0,0.0,-0.3999999999999986,3.96,21.88714285714285,0.3791248798370361,0.3947345018386841,0.1931161539473725,0.38180668834328685,KEEP,observation_noise,0.0013011840041300745
2018-08-25,28.05,2.86,19.83,0.3788899481296539,0.3933938145637512,0.7261044383049011,8,0.2784061376409126,,0,1,climatology,0.0,0.0,-0.1400000000000005,6.82,21.025714285714287,0.3799765408039093,0.3938733041286468,0.1273451621740381,0.38044192655714765,KEEP,observation_noise,0.0013011840041300745
2018-08-26,28.79,0.07,23.73,0.364068865776062,0.3903841972351074,0.697720468044281,8,0.2875734147760438,,0,1,climatology,0.0,0.0,0.7399999999999984,6.66,21.11285714285714,0.3788899481296539,0.3933938145637512,0.2784061376409126,0.36306539291338236,KEEP,observation_noise,0.0013011840041300745
2018-08-27,28.18,2.0,19.07,0.3687479794025421,0.3891099989414215,0.7066806554794312,8,0.2967406919111751,,0,1,climatology,0.0,0.0,-0.6099999999999994,8.63,20.53,0.364068865776062,0.3903841972351074,0.2875734147760438,0.3718752652252641,KEEP,observation_noise,0.0013011840041300745
2018-08-28,27.85,1.32,22.97,0.3654091358184814,0.3879479765892029,0.7003605365753174,8,0.3059079690463064,,0,1,climatology,0.0,0.0,-0.3299999999999983,9.87,20.53428571428572,0.3687479794025421,0.3891099989414215,0.2967406919111751,0.36572265682994376,KEEP,observation_noise,0.0013011840041300745
2018-08-29,28.47,0.31,22.76,0.3587459921836853,0.3860606551170349,0.6874962449073792,8,0.3150752461814377,,0,1,climatology,0.0,0.0,0.6199999999999974,10.09,21.012857142857143,0.3654091358184814,0.3879479765892029,0.3059079690463064,0.3594374559470738,KEEP,observation_noise,0.0013011840041300745
2018-08-30,27.85,3.59,13.92,0.3739688992500305,0.386910617351532,0.7166219353675842,8,0.1804037308485456,,0,1,climatology,0.0,0.0,-0.6199999999999974,10.95,20.455714285714286,0.3587459921836853,0.3860606551170349,0.3150752461814377,0.37619415385222194,KEEP,observation_noise,0.0013011840041300745
2018-08-31,28.08,4.84,14.92,0.424107939004898,0.4040851593017578,0.812737226486206,8,0.1662628850405427,,0,1,climatology,0.0,0.0,0.2299999999999968,14.989999999999998,19.6,0.3739688992500305,0.386910617351532,0.1804037308485456,0.4232981364309805,KEEP,observation_noise,0.0013011840041300745
2018-09-01,25.64,65.74,4.34,0.4380092620849609,0.4273856282234192,0.8393970131874084,8,0.1521220392325398,,0,1,climatology,0.0,0.0,-2.4399999999999977,77.86999999999999,17.38714285714286,0.424107939004898,0.4040851593017578,0.1662628850405427,0.43657493094191857,KEEP,observation_noise,0.0013011840041300745
2018-09-02,26.85,4.15,20.6,0.3969683349132538,0.4173073768615722,0.7607417106628418,8,0.1379811934245369,,0,1,climatology,0.0,0.0,1.2100000000000009,81.95,16.94,0.4380092620849609,0.4273856282234192,0.1521220392325398,0.3965491165473377,KEEP,observation_noise,0.0013011840041300745
2018-09-03,27.96,0.59,23.2,0.3802253305912018,0.4059077501296997,0.7287051677703857,8,0.123840347616534,,0,1,climatology,0.0,0.0,1.1099999999999994,80.53999999999999,17.53,0.3969683349132538,0.4173073768615722,0.1379811934245369,0.38045915321861473,KEEP,observation_noise,0.0013011840041300745
2018-09-04,26.86,3.07,15.59,0.3822766840457916,0.4017221331596374,0.7326507568359375,8,0.1262088183308127,,0,1,climatology,0.0,0.0,-1.1000000000000014,82.28999999999999,16.475714285714286,0.3802253305912018,0.4059077501296997,0.123840347616534,0.38279524008385546,KEEP,observation_noise,0.0013011840041300745
2018-09-05,26.45,0.02,23.48,0.3802953958511352,0.3989664018154144,0.7288303375244141,8,0.1285772890450913,,0,1,climatology,0.0,0.0,-0.4100000000000001,81.99999999999999,16.57857142857143,0.3822766840457916,0.4017221331596374,0.1262088183308127,0.38121873381890936,KEEP,observation_noise,0.0013011840041300745
2018-09-06,26.92,0.25,10.44,0.4049990177154541,0.4024356305599212,0.7761824727058411,8,0.1309457597593699,,0,1,climatology,0.0,0.0,0.4700000000000024,78.65999999999998,16.08142857142857,0.3802953958511352,0.3989664018154144,0.1285772890450913,0.4072165847577857,KEEP,observation_noise,0.0013011840041300745
2018-09-07,25.81,25.55,4.28,0.4357666373252868,0.4253019988536834,0.8350449800491333,8,0.1333142304736485,,0,1,climatology,0.0,0.0,-1.110000000000003,99.37,14.56142857142857,0.4049990177154541,0.4024356305599212,0.1309457597593699,0.43476240256077725,KEEP,observation_noise,0.0013011840041300745
2018-09-08,21.92,22.98,3.92,0.4357854723930359,0.4264683723449707,0.8351966142654419,8,0.1356827011879272,,0,1,climatology,0.0,0.0,-3.889999999999997,56.61,14.501428571428573,0.4357666373252868,0.4253019988536834,0.1333142304736485,0.43421242099772595,KEEP,observation_noise,0.0013011840041300745
2018-09-09,22.67,39.53,8.19,0.4228823781013489,0.4265724718570709,0.810417890548706,8,0.1486391588408814,,0,1,climatology,0.0,0.0,0.75,91.99,12.728571428571428,0.4357854723930359,0.4264683723449707,0.1356827011879272,0.4232989348402358,KEEP,observation_noise,0.0013011840041300745
2018-09-10,23.6,1.9,16.57,0.4054458439350128,0.4180696308612823,0.7770248651504517,8,0.1526538291891798,,0,1,climatology,0.0,0.0,0.9299999999999996,93.3,11.781428571428572,0.4228823781013489,0.4265724718570709,0.1486391588408814,0.405417015501683,KEEP,observation_noise,0.0013011840041300745
2018-09-11,24.16,0.08,18.23,0.4000288844108581,0.4138083755970001,0.7666340470314026,8,0.1566684995374781,,0,1,climatology,0.0,0.0,0.5599999999999987,90.31,12.158571428571426,0.4054458439350128,0.4180696308612823,0.1526538291891798,0.39993887952180424,KEEP,observation_noise,0.0013011840041300745
2018-09-12,24.79,5.49,12.12,0.4006042182445526,0.4122007191181183,0.7677654027938843,8,0.1606831698857764,,0,1,climatology,0.0,0.0,0.629999999999999,95.78,10.535714285714286,0.4000288844108581,0.4138083755970001,0.1566684995374781,0.3988315014555142,KEEP,observation_noise,0.0013011840041300745
2018-09-13,24.77,13.65,10.61,0.4112223982810974,0.4126313030719757,0.7880436182022095,8,0.1646978402340747,,0,1,climatology,0.0,0.0,-0.0199999999999995,109.18,10.56,0.4006042182445526,0.4122007191181183,0.1606831698857764,0.4121007613400822,KEEP,observation_noise,0.0013011840041300745
2018-09-14,25.45,11.19,9.25,0.4169887900352478,0.4157081544399261,0.79917973279953,8,0.168712510582373,,0,1,climatology,0.0,0.0,0.6799999999999997,94.82,11.27,0.4112223982810974,0.4126313030719757,0.1646978402340747,0.41784419666587114,KEEP,observation_noise,0.0013011840041300745
2018-09-15,25.87,7.01,13.06,0.4025430083274841,0.4135679602622986,0.7714807987213135,8,0.1488001717492313,,0,1,climatology,0.0,0.0,0.4200000000000017,78.85000000000001,12.575714285714286,0.4169887900352478,0.4157081544399261,0.168712510582373,0.40217500516816895,KEEP,observation_noise,0.0013011840041300745
2018-09-16,25.65,0.55,17.52,0.3933475315570831,0.4108902812004089,0.7537567615509033,8,0.1288878329160895,,0,1,climatology,0.0,0.0,-0.2200000000000024,39.87,13.90857142857143,0.4025430083274841,0.4135679602622986,0.1488001717492313,0.3968864355911497,KEEP,observation_noise,0.0013011840041300745
2018-09-17,25.27,0.37,12.4,0.3950202763080597,0.4095193445682525,0.7570551037788391,8,0.1089754940829477,,0,1,climatology,0.0,0.0,-0.379999999999999,38.34,13.312857142857142,0.3933475315570831,0.4108902812004089,0.1288878329160895,0.39347960481187777,KEEP,observation_noise,0.0013011840041300745
2018-09-18,25.09,0.0,18.89,0.3861097395420074,0.4075550436973572,0.7399811744689941,8,0.089063155249806,,0,1,climatology,0.0,0.0,-0.1799999999999997,38.260000000000005,13.407142857142857,0.3950202763080597,0.4095193445682525,0.1089754940829477,0.38744183630546597,KEEP,observation_noise,0.0013011840041300745
2018-09-19,25.39,2.95,15.68,0.3993628025054931,0.408188134431839,0.7653244137763977,8,0.1748242038590124,,0,1,climatology,0.0,0.0,0.3000000000000007,35.72,13.915714285714284,0.3861097395420074,0.4075550436973572,0.089063155249806,0.398613235764136,KEEP,observation_noise,0.0013011840041300745
2018-09-20,24.37,43.4,5.68,0.4248103201389313,0.4248166382312774,0.8142135739326477,8,0.2102723387080232,,0,1,climatology,0.0,0.0,-1.0199999999999996,65.47,13.21142857142857,0.3993628025054931,0.408188134431839,0.1748242038590124,0.4236986154187678,KEEP,observation_noise,0.0013011840041300745
2018-09-21,25.22,22.72,6.56,0.4111492335796356,0.4185287952423095,0.787933349609375,8,0.245720473557034,,0,1,climatology,0.0,0.0,0.8499999999999979,77.0,12.827142857142857,0.4248103201389313,0.4248166382312774,0.2102723387080232,0.4096277875023719,KEEP,observation_noise,0.0013011840041300745
2018-09-22,24.27,1.61,18.54,0.3991629779338836,0.4145413041114807,0.7649446725845337,8,0.2811686084060448,,0,1,climatology,0.0,0.0,-0.9499999999999992,71.6,13.61,0.4111492335796356,0.4185287952423095,0.245720473557034,0.40050788034766255,KEEP,observation_noise,0.0013011840041300745
2018-09-23,25.28,0.0,11.66,0.392944872379303,0.4118298292160034,0.7530427575111389,8,0.3166167432550556,,0,1,climatology,0.0,0.0,1.0100000000000016,71.05,12.772857142857143,0.3991629779338836,0.4145413041114807,0.2811686084060448,0.392156437622914,KEEP,observation_noise,0.0013011840041300745
2018-09-24,23.52,0.86,5.16,0.4262697696685791,0.4197976589202881,0.8169732093811035,8,0.1547312015533178,,0,1,climatology,0.0,0.0,-1.7600000000000016,71.53999999999999,11.73857142857143,0.392944872379303,0.4118298292160034,0.3166167432550556,0.4256419651097003,KEEP,observation_noise,0.0013011840041300745
2018-09-25,23.03,0.06,18.71,0.4066854119300842,0.4183336496353149,0.779474139213562,8,0.1770596533730317,,0,1,climatology,0.0,0.0,-0.4899999999999984,71.59999999999998,11.712857142857144,0.4262697696685791,0.4197976589202881,0.1547312015533178,0.40616224846539806,KEEP,observation_noise,0.0013011840041300745
2018-09-26,21.92,0.18,9.9,0.401422917842865,0.4147900640964508,0.7692443132400513,8,0.1993881051927457,,0,1,climatology,0.0,0.0,-1.1099999999999994,68.83,10.88714285714286,0.4066854119300842,0.4183336496353149,0.1770596533730317,0.4019832858964965,KEEP,observation_noise,0.0013011840041300745
2018-09-27,22.13,0.12,19.62,0.4011317491531372,0.4129211008548736,0.7687357664108276,8,0.2217165570124597,,0,1,climatology,0.0,0.0,0.2099999999999973,25.54999999999999,12.87857142857143,0.401422917842865,0.4147900640964508,0.1993881051927457,0.40266765129779664,KEEP,observation_noise,0.0013011840041300745
2018-09-28,22.24,2.83,19.24,0.4067195355892181,0.4125694036483764,0.7794625163078308,8,0.2440450088321737,,0,1,climatology,0.0,0.0,0.1099999999999994,5.659999999999993,14.69,0.4011317491531372,0.4129211008548736,0.2217165570124597,0.40718693179773174,KEEP,observation_noise,0.0013011840041300745
2018-09-29,20.86,65.32,4.27,0.4501743912696838,0.4322483241558075,0.8627227544784546,8,0.2573352305665444,,0,1,climatology,0.0,0.0,-1.379999999999999,69.36999999999999,12.651428571428571,0.4067195355892181,0.4125694036483764,0.2440450088321737,0.4518519235026166,KEEP,observation_noise,0.0013011840041300745
2018-09-30,22.11,49.0,2.73,0.4614356756210327,0.4576820731163025,0.8843086361885071,8,0.2706254523009151,,0,1,climatology,0.0,0.0,1.25,118.37,11.375714285714286,0.4501743912696838,0.4322483241558075,0.2573352305665444,0.4632455160022633,KEEP,observation_noise,0.0013011840041300745
2018-10-01,20.82,0.01,15.32,0.4309576153755188,0.4444209635257721,0.8258975744247437,8,0.2839156740352858,,0,1,climatology,0.0,0.0,-1.2899999999999991,117.52,12.827142857142857,0.4614356756210327,0.4576820731163025,0.2706254523009151,0.43045658507260176,KEEP,observation_noise,0.0013011840041300745
2018-10-02,20.32,0.02,11.99,0.4221502840518951,0.435620367527008,0.8089937567710876,8,0.2972058957696564,,0,1,climatology,0.0,0.0,-0.5,117.48,11.867142857142856,0.4309576153755188,0.4444209635257721,0.2839156740352858,0.4226373149407765,KEEP,observation_noise,0.0013011840041300745
2018-10-03,21.32,0.0,19.34,0.414333164691925,0.4313072860240936,0.7940453290939331,8,0.3104961175040271,,0,1,climatology,0.0,0.0,1.0,117.3,13.215714285714284,0.4221502840518951,0.435620367527008,0.2972058957696564,0.41556180675337234,KEEP,observation_noise,0.0013011840041300745
2018-10-04,20.98,7.23,6.67,0.45012366771698,0.4418815970420837,0.8626059889793396,8,0.1540340886102895,,0,1,climatology,0.0,0.0,-0.3399999999999998,124.41,11.365714285714285,0.414333164691925,0.4313072860240936,0.3104961175040271,0.4511693065258031,KEEP,observation_noise,0.0013011840041300745
2018-10-05,23.76,10.89,9.12,0.4412410855293274,0.4458600282669067,0.8456512689590454,8,0.148180799123694,,0,1,climatology,0.0,0.0,2.780000000000001,132.47,9.92,0.45012366771698,0.4418815970420837,0.1540340886102895,0.441477819936411,KEEP,observation_noise,0.0013011840041300745
2018-10-06,24.6,5.17,5.43,0.4279189109802246,0.4398999512195587,0.8199742436408997,8,0.1423275096370986,,0,1,climatology,0.0,0.0,0.8399999999999999,72.32000000000001,10.085714285714284,0.4412410855293274,0.4458600282669067,0.148180799123694,0.4300533362589088,KEEP,observation_noise,0.0013011840041300745
2018-10-07,22.28,2.1,14.38,0.4213333427906036,0.4363496303558349,0.8074900507926941,8,0.1364742201505032,,0,1,climatology,0.0,0.0,-2.3200000000000003,25.42,11.75,0.4279189109802246,0.4398999512195587,0.1423275096370986,0.4211271701422639,KEEP,observation_noise,0.0013011840041300745
2018-10-08,21.65,0.02,15.81,0.4167039096355438,0.4338681697845459,0.79866623878479,8,0.1306209306639077,,0,1,climatology,0.0,0.0,-0.6300000000000026,25.43,11.820000000000002,0.4213333427906036,0.4363496303558349,0.1364742201505032,0.4165276257427222,KEEP,observation_noise,0.0013011840041300745
2018-10-09,20.86,0.0,16.89,0.4144503176212311,0.4319069683551788,0.7942966222763062,8,0.1247676411773123,,0,1,climatology,0.0,0.0,-0.7899999999999991,25.41,12.52,0.4167039096355438,0.4338681697845459,0.1306209306639077,0.4150289297627364,KEEP,observation_noise,0.0013011840041300745
2018-10-10,21.25,1.11,7.3,0.4269645810127258,0.4324166774749756,0.8182768225669861,8,0.1729064740661399,,0,1,climatology,0.0,0.0,0.3900000000000005,26.52,10.8,0.4144503176212311,0.4319069683551788,0.1247676411773123,0.426862789039926,KEEP,observation_noise,0.0013011840041300745
2018-10-11,17.75,0.69,6.16,0.4215540885925293,0.431506484746933,0.8079369068145752,8,0.2210453069549675,,0,1,climatology,0.0,0.0,-3.5,19.98,10.727142857142857,0.4269645810127258,0.4324166774749756,0.1729064740661399,0.420368027122649,KEEP,observation_noise,0.0013011840041300745
2018-10-12,17.51,0.0,16.1,0.4144445657730102,0.4296057820320129,0.7942408919334412,8,0.2691841398437952,,0,1,climatology,0.0,0.0,-0.2399999999999984,9.09,11.724285714285717,0.4215540885925293,0.431506484746933,0.2210453069549675,0.41598268513549064,KEEP,observation_noise,0.0013011840041300745
2018-10-13,18.71,0.16,18.46,0.4109344184398651,0.4276823401451111,0.7874866724014282,8,0.3173229727326228,,0,1,climatology,0.0,0.0,1.1999999999999993,4.08,13.585714285714287,0.4144445657730102,0.4296057820320129,0.2691841398437952,0.4111041050430351,KEEP,observation_noise,0.0013011840041300745
2018-10-14,19.77,0.01,15.28,0.4116617441177368,0.4264907240867615,0.7888949513435364,8,0.2174907547046195,,0,1,climatology,0.0,0.0,1.0599999999999987,1.99,13.714285714285714,0.4109344184398651,0.4276823401451111,0.3173229727326228,0.41305790612206633,KEEP,observation_noise,0.0013011840041300745
2018-10-15,19.8,0.0,16.17,0.408150851726532,0.4252781271934509,0.7822309732437134,8,0.2739674727128983,,0,1,climatology,0.0,0.0,0.0300000000000011,1.97,13.765714285714283,0.4116617441177368,0.4264907240867615,0.2174907547046195,0.40983658741023177,KEEP,observation_noise,0.0013011840041300745
2018-10-16,19.23,0.55,12.27,0.4089478850364685,0.4242882430553436,0.7837147116661072,8,0.330444190721177,,0,1,climatology,0.0,0.0,-0.5700000000000003,2.52,13.105714285714283,0.408150851726532,0.4252781271934509,0.2739674727128983,0.40751563007250596,KEEP,observation_noise,0.0013011840041300745
2018-10-17,18.95,0.62,14.2,0.4075506031513214,0.4231140315532684,0.7810530066490173,8,0.3869209087294556,,0,1,climatology,0.0,0.0,-0.2800000000000011,2.03,14.09142857142857,0.4089478850364685,0.4242882430553436,0.330444190721177,0.4084282181722361,KEEP,observation_noise,0.0013011840041300745
2018-10-18,18.7,0.49,13.67,0.4106296002864837,0.4222661256790161,0.786925733089447,8,0.4433976267377343,,0,1,climatology,0.0,0.0,-0.25,1.83,15.164285714285716,0.4075506031513214,0.4231140315532684,0.3869209087294556,0.410161042752402,KEEP,observation_noise,0.0013011840041300745
2018-10-19,17.99,7.09,10.96,0.4117807745933532,0.4216995239257812,0.7891687750816345,8,0.2623273041834597,,0,1,climatology,0.0,0.0,-0.7100000000000009,8.92,14.429999999999998,0.4106296002864837,0.4222661256790161,0.4433976267377343,0.412281257797734,KEEP,observation_noise,0.0013011840041300745
2018-10-20,18.04,0.0,16.91,0.4069341123104095,0.4202226996421814,0.7798663973808289,8,0.3733281520583448,,0,1,climatology,0.0,0.0,0.0500000000000007,8.76,14.20857142857143,0.4117807745933532,0.4216995239257812,0.2623273041834597,0.40790821410823824,KEEP,observation_noise,0.0013011840041300745
2018-10-21,18.04,0.0,17.63,0.4039554893970489,0.4188399612903595,0.7741420865058899,8,0.4843289999332298,,0,1,climatology,0.0,0.0,0.0,8.75,14.544285714285715,0.4069341123104095,0.4202226996421814,0.3733281520583448,0.40319441340224377,KEEP,observation_noise,0.0013011840041300745
2018-10-22,18.57,0.14,13.56,0.4078547954559326,0.4184768199920654,0.781593918800354,8,0.5953298478081148,,0,1,climatology,0.0,0.0,0.5300000000000011,8.89,14.171428571428573,0.4039554893970489,0.4188399612903595,0.4843289999332298,0.40675972700717644,KEEP,observation_noise,0.0013011840041300745
2018-10-23,18.72,3.53,4.69,0.4168425500392914,0.4199273586273193,0.7988362312316895,8,0.7063306956829999,,0,1,climatology,0.0,0.0,0.1499999999999985,11.87,13.088571428571427,0.4078547954559326,0.4184768199920654,0.5953298478081148,0.4170181468333125,KEEP,observation_noise,0.0013011840041300745
2018-10-24,18.85,0.0,14.62,0.4052110910415649,0.4183524549007416,0.7765958309173584,8,0.3198309122684791,,0,1,climatology,0.0,0.0,0.1300000000000025,11.25,13.148571428571428,0.4168425500392914,0.4199273586273193,0.7063306956829999,0.4049766563154359,KEEP,observation_noise,0.0013011840041300745
2018-10-25,18.2,0.0,17.43,0.4018134474754333,0.4166697263717651,0.7699674367904663,8,0.3538856625046916,,0,1,climatology,0.0,0.0,-0.6500000000000021,10.76,13.685714285714283,0.4052110910415649,0.4183524549007416,0.3198309122684791,0.4013184957941737,KEEP,observation_noise,0.0013011840041300745
2018-10-26,18.82,15.84,4.63,0.4138887524604797,0.4177347421646118,0.7932141423225403,8,0.387940412740904,,0,1,climatology,0.0,0.0,0.620000000000001,19.51,12.781428571428572,0.4018134474754333,0.4166697263717651,0.3538856625046916,0.41448995125029353,KEEP,observation_noise,0.0013011840041300745
2018-10-27,16.89,0.22,13.99,0.405609518289566,0.4166202545166015,0.777320384979248,8,0.4219951629771165,,0,1,climatology,0.0,0.0,-1.93,19.73,12.364285714285716,0.4138887524604797,0.4177347421646118,0.387940412740904,0.40558007216281,KEEP,observation_noise,0.0013011840041300745
2018-10-28,16.26,0.01,13.01,0.4021733105182647,0.4148250818252563,0.7707451581954956,8,0.4560499132133289,,0,1,climatology,0.0,0.0,-0.629999999999999,19.74,11.704285714285714,0.405609518289566,0.4166202545166015,0.4219951629771165,0.40296750460180925,KEEP,observation_noise,0.0013011840041300745
2018-10-29,18.6,0.11,15.89,0.3973408043384552,0.4131032526493072,0.761497974395752,8,0.4901046634495413,,0,1,climatology,0.0,0.0,2.34,19.71,12.037142857142856,0.4021733105182647,0.4148250818252563,0.4560499132133289,0.3983387549222867,KEEP,observation_noise,0.0013011840041300745
2018-10-30,15.28,0.01,12.5,0.3985851407051086,0.4119519591331482,0.7638311982154846,8,0.5241594136857538,,0,1,climatology,0.0,0.0,-3.320000000000002,16.189999999999998,13.152857142857142,0.3973408043384552,0.4131032526493072,0.4901046634495413,0.3978656347657677,KEEP,observation_noise,0.0013011840041300745
2018-10-31,14.92,0.0,7.15,0.3987678289413452,0.4112080931663513,0.7642554044723511,8,0.5582141639219662,,0,1,climatology,0.0,0.0,-0.3599999999999994,16.189999999999998,12.085714285714284,0.3985851407051086,0.4119519591331482,0.5241594136857538,0.39825612939097765,KEEP,observation_noise,0.0013011840041300745
2018-11-01,15.56,0.35,13.32,0.3973162770271301,0.4104672968387604,0.7613941431045532,8,0.5922689141581787,,0,1,climatology,0.0,0.0,0.6400000000000006,16.54,11.498571428571427,0.3987678289413452,0.4112080931663513,0.5582141639219662,0.3978784153214923,KEEP,observation_noise,0.0013011840041300745
2018-11-02,16.1,0.0,14.02,0.392485499382019,0.4094716012477875,0.7521690726280212,8,0.6263236643943911,,0,1,climatology,0.0,0.0,0.5400000000000009,0.7,12.840000000000002,0.3973162770271301,0.4104672968387604,0.5922689141581787,0.39295541131411216,KEEP,observation_noise,0.0013011840041300745
2018-11-03,16.71,0.0,16.04,0.3928711116313934,0.4085864722728729,0.7528631687164307,8,0.6553837035330464,,0,1,climatology,0.0,0.0,0.6099999999999994,0.48,13.132857142857144,0.392485499382019,0.4094716012477875,0.6263236643943911,0.3932511118733407,KEEP,observation_noise,0.0013011840041300745
2018-11-04,17.29,0.0,15.55,0.3923004269599914,0.4077744781970978,0.7517701387405396,8,0.6844437426717017,,0,1,climatology,0.0,0.0,0.5799999999999983,0.47,13.495714285714286,0.3928711116313934,0.4085864722728729,0.6553837035330464,0.39433486232483256,KEEP,observation_noise,0.0013011840041300745
2018-11-05,17.34,0.0,15.42,0.3915562629699707,0.4070057570934295,0.7503649592399597,8,0.7135037818103569,,0,1,climatology,0.0,0.0,0.0500000000000007,0.36,13.428571428571429,0.3923004269599914,0.4077744781970978,0.6844437426717017,0.39367414012726115,KEEP,observation_noise,0.0013011840041300745
2018-11-06,18.01,0.12,14.42,0.39373978972435,0.4065426886081695,0.7546206712722778,8,0.7425638209490122,,0,1,climatology,0.0,0.0,0.6700000000000017,0.47,13.702857142857145,0.3915562629699707,0.4070057570934295,0.7135037818103569,0.3917717368897788,KEEP,observation_noise,0.0013011840041300745
2018-11-07,17.72,0.03,14.41,0.3917670249938965,0.4060442149639129,0.7507956027984619,8,0.7716238600876675,,0,1,climatology,0.0,0.0,-0.2900000000000027,0.5,14.74,0.39373978972435,0.4065426886081695,0.7425638209490122,0.39198003521467406,KEEP,observation_noise,0.0013011840041300745
2018-11-08,19.24,10.0,5.83,0.4068599045276642,0.409411758184433,0.7796633243560791,8,0.7613361022623696,,0,1,climatology,0.0,0.0,1.5199999999999996,10.15,13.670000000000002,0.3917670249938965,0.4060442149639129,0.7716238600876675,0.40671823167885507,KEEP,observation_noise,0.0013011840041300745
2018-11-09,17.91,9.51,8.91,0.405873566865921,0.4132340848445892,0.777905285358429,8,0.7510483444370717,,0,1,climatology,0.0,0.0,-1.3299999999999983,19.66,12.94,0.4068599045276642,0.409411758184433,0.7613361022623696,0.404757257214897,KEEP,observation_noise,0.0013011840041300745
2018-11-10,16.85,0.0,14.64,0.3953641355037689,0.4094253778457641,0.7576675415039062,8,0.7407605866117739,,0,1,climatology,0.0,0.0,-1.0599999999999987,19.66,12.74,0.405873566865921,0.4132340848445892,0.7510483444370717,0.3934438405596981,KEEP,observation_noise,0.0013011840041300745
2018-11-11,17.16,0.06,13.76,0.3933737576007843,0.4074925184249878,0.7539048194885254,8,0.730472828786476,,0,1,climatology,0.0,0.0,0.3099999999999987,19.72,12.484285714285711,0.3953641355037689,0.4094253778457641,0.7407605866117739,0.3906677043179637,KEEP,observation_noise,0.0013011840041300745
2018-11-12,15.46,7.51,3.01,0.4031113386154175,0.4083236455917358,0.7725327014923096,8,0.7201850709611781,,0,1,climatology,0.0,0.0,-1.6999999999999993,27.23,10.711428571428572,0.3933737576007843,0.4074925184249878,0.730472828786476,0.40285988754653623,KEEP,observation_noise,0.0013011840041300745
2018-11-13,15.84,0.67,11.24,0.3977282345294952,0.4073177874088287,0.762252151966095,8,0.7725269802914944,,0,1,climatology,0.0,0.0,0.379999999999999,27.78,10.257142857142858,0.4031113386154175,0.4083236455917358,0.7201850709611781,0.397242280152558,KEEP,observation_noise,0.0013011840041300745
2018-11-14,14.96,0.13,11.51,0.3946956098079681,0.4063246846199035,0.7564598917961121,8,0.7769846674053884,,0,1,climatology,0.0,0.0,-0.879999999999999,27.880000000000003,9.842857142857143,0.3977282345294952,0.4073177874088287,0.7725269802914944,0.39507496545217363,KEEP,observation_noise,0.0013011840041300745
2018-11-15,14.81,0.03,13.96,0.3929232656955719,0.4054439067840576,0.753020703792572,8,0.7814423545192825,,0,1,climatology,0.0,0.0,-0.1500000000000003,17.91,11.004285714285714,0.3946956098079681,0.4063246846199035,0.7769846674053884,0.39262974926555316,KEEP,observation_noise,0.0013011840041300745
2018-11-16,14.63,0.9,6.32,0.4038222432136535,0.406959980726242,0.7738474607467651,8,0.7859000416331764,,0,1,climatology,0.0,0.0,-0.1799999999999997,9.3,10.634285714285715,0.3929232656955719,0.4054439067840576,0.7814423545192825,0.4048759910698695,KEEP,observation_noise,0.0013011840041300745
2018-11-17,16.12,0.01,9.93,0.3986848890781402,0.4067933559417724,0.7641038298606873,8,0.7903577287470704,,0,1,climatology,0.0,0.0,1.4900000000000002,9.31,9.961428571428572,0.4038222432136535,0.406959980726242,0.7859000416331764,0.4002059082498769,KEEP,observation_noise,0.0013011840041300745
2018-11-18,16.08,0.67,6.08,0.4022533893585205,0.4069783985614776,0.7709539532661438,8,0.7948154158609645,,0,1,climatology,0.0,0.0,-0.0400000000000027,9.919999999999998,8.864285714285714,0.3986848890781402,0.4067933559417724,0.7903577287470704,0.40142139451894376,KEEP,observation_noise,0.0013011840041300745
2018-11-19,14.6,1.39,6.7,0.4012353718280792,0.4083262681961059,0.7689447999000549,8,0.7992731029748585,,0,1,climatology,0.0,0.0,-1.4799999999999986,3.8,9.391428571428571,0.4022533893585205,0.4069783985614776,0.7948154158609645,0.4005871928318937,KEEP,observation_noise,0.0013011840041300745
2018-11-20,13.72,0.0,10.01,0.394649475812912,0.4062877297401428,0.7563164234161377,8,0.8037307900887525,,0,1,climatology,0.0,0.0,-0.879999999999999,3.13,9.215714285714286,0.4012353718280792,0.4083262681961059,0.7992731029748585,0.39640320279749836,KEEP,observation_noise,0.0013011840041300745
2018-11-21,13.98,0.58,7.77,0.4030939936637878,0.4068677425384521,0.7725300788879395,8,0.8081884772026465,,0,1,climatology,0.0,0.0,0.2599999999999998,3.58,8.681428571428572,0.394649475812912,0.4062877297401428,0.8037307900887525,0.4020506636629267,KEEP,observation_noise,0.0013011840041300745
2018-11-22,12.53,3.0,6.1,0.4023900032043457,0.4078676402568817,0.7710958123207092,8,0.8126461643165406,,0,1,climatology,0.0,0.0,-1.450000000000001,6.55,7.558571428571429,0.4030939936637878,0.4068677425384521,0.8081884772026465,0.40464645533435734,KEEP,observation_noise,0.0013011840041300745
2018-11-23,10.4,0.0,10.01,0.3947942554950714,0.4059959053993225,0.7566754221916199,8,0.8222018055355206,,0,1,climatology,0.0,0.0,-2.129999999999999,5.65,8.085714285714285,0.4023900032043457,0.4078676402568817,0.8126461643165406,0.39751173906144677,KEEP,observation_noise,0.0013011840041300745
2018-11-24,12.3,1.68,13.62,0.391579121351242,0.4047268629074096,0.7504785060882568,8,0.8256187944878146,,0,1,climatology,0.0,0.0,1.9000000000000004,7.319999999999999,8.612857142857143,0.3947942554950714,0.4059959053993225,0.8222018055355206,0.3911956807493775,KEEP,observation_noise,0.0013011840041300745
2018-11-25,15.09,1.02,9.21,0.3930504024028778,0.4042342007160187,0.7532516121864319,8,0.8290357834401086,,0,1,climatology,0.0,0.0,2.789999999999999,7.67,9.06,0.391579121351242,0.4047268629074096,0.8256187944878146,0.3932448859418788,KEEP,observation_noise,0.0013011840041300745
2018-11-26,15.09,0.03,7.19,0.3982020616531372,0.4045934975147247,0.7630699276924133,8,0.8324527723924027,,0,1,climatology,0.0,0.0,0.0,6.31,9.13,0.3930504024028778,0.4042342007160187,0.8290357834401086,0.39877916612917425,KEEP,observation_noise,0.0013011840041300745
2018-11-27,16.75,1.33,8.21,0.3966131210327148,0.4053967595100403,0.7600832581520081,8,0.8358697613446967,,0,1,climatology,0.0,0.0,1.66,7.640000000000001,8.872857142857143,0.3982020616531372,0.4045934975147247,0.8324527723924027,0.39505906911657784,KEEP,observation_noise,0.0013011840041300745
2018-11-28,15.68,0.24,3.71,0.3934502303600311,0.4045439958572387,0.7539727687835693,8,0.8387964357080699,,0,1,climatology,0.0,0.0,-1.0700000000000005,7.3,8.292857142857143,0.3966131210327148,0.4053967595100403,0.8358697613446967,0.3961593801086818,KEEP,observation_noise,0.0013011840041300745
2018-11-29,14.41,0.0,12.31,0.3889548182487488,0.4034681916236877,0.7454025149345398,8,0.8417231100714433,,0,1,climatology,0.0,0.0,-1.2699999999999996,4.3,9.179999999999998,0.3934502303600311,0.4045439958572387,0.8387964357080699,0.38625616623531256,KEEP,observation_noise,0.0013011840041300745
2018-11-30,15.29,0.0,10.41,0.3892248570919037,0.4027788341045379,0.7458875179290771,8,0.8446497844348165,,0,1,climatology,0.0,0.0,0.879999999999999,4.3,9.237142857142857,0.3889548182487488,0.4034681916236877,0.8417231100714433,0.3892136618029257,KEEP,observation_noise,0.0013011840041300745
2018-12-01,14.97,0.0,9.88,0.3884809613227844,0.4022874236106872,0.7444573044776917,8,0.8475764587981899,,0,1,climatology,0.0,0.0,-0.3199999999999985,2.62,8.702857142857143,0.3892248570919037,0.4027788341045379,0.8446497844348165,0.3880668054326185,KEEP,observation_noise,0.0013011840041300745
2018-12-02,15.36,3.69,7.78,0.4174486100673675,0.4089703559875488,0.8000267744064331,8,0.8505031331615631,,0,1,climatology,0.0,0.0,0.3899999999999988,5.29,8.498571428571429,0.3884809613227844,0.4022874236106872,0.8475764587981899,0.4200915792781914,KEEP,observation_noise,0.0013011840041300745
2018-12-03,17.93,31.21,4.73,0.415536105632782,0.4202408492565155,0.7963321208953857,8,0.8502941637133091,,0,1,climatology,0.0,0.0,2.5700000000000003,36.47,8.147142857142857,0.4174486100673675,0.4089703559875488,0.8505031331615631,0.4156985179746236,KEEP,observation_noise,0.0013011840041300745
2018-12-04,18.66,10.03,5.46,0.4069191217422485,0.4138393998146057,0.7798003554344177,8,0.8457861380963775,,0,1,climatology,0.0,0.0,0.7300000000000004,45.17,7.754285714285714,0.415536105632782,0.4202408492565155,0.8502941637133091,0.4050976932856423,KEEP,observation_noise,0.0013011840041300745
2018-12-05,15.55,0.11,8.99,0.4007602035999298,0.4104570746421814,0.7680621147155762,8,0.8412781124794458,,0,1,climatology,0.0,0.0,-3.1099999999999994,45.04,8.508571428571429,0.4069191217422485,0.4138393998146057,0.8457861380963775,0.40149035725455,KEEP,observation_noise,0.0013011840041300745
2018-12-06,13.92,6.84,3.45,0.4157814979553222,0.4150819182395935,0.796875536441803,8,0.8367700868625142,,0,1,climatology,0.0,0.0,-1.6300000000000008,51.88,7.242857142857143,0.4007602035999298,0.4104570746421814,0.8412781124794458,0.41622979215167805,KEEP,observation_noise,0.0013011840041300745
2018-12-07,8.65,0.05,2.95,0.4043239951133728,0.4120237827301025,0.7748552560806274,8,0.8322620612455826,,0,1,climatology,0.0,0.0,-5.27,51.93,6.177142857142859,0.4157814979553222,0.4150819182395935,0.8367700868625142,0.40604771769765513,KEEP,observation_noise,0.0013011840041300745
2018-12-08,6.04,0.05,6.98,0.4003950357437134,0.4103181958198547,0.7673285007476807,8,0.8125072833568313,,0,1,climatology,0.0,0.0,-2.6100000000000003,51.98,5.762857142857143,0.4043239951133728,0.4120237827301025,0.8322620612455826,0.39817820823380873,KEEP,observation_noise,0.0013011840041300745
2018-12-09,6.57,0.01,5.84,0.4014835953712463,0.4096783995628357,0.7694092392921448,8,0.7927525054680801,,0,1,climatology,0.0,0.0,0.5300000000000002,48.3,5.485714285714287,0.4003950357437134,0.4103181958198547,0.8125072833568313,0.40281223256935766,KEEP,observation_noise,0.0013011840041300745
2018-12-10,9.7,0.09,6.81,0.4008422195911407,0.4095196723937988,0.768251359462738,8,0.7729977275793287,,0,1,climatology,0.0,0.0,3.129999999999999,17.18,5.782857142857142,0.4014835953712463,0.4096783995628357,0.7927525054680801,0.4022841412377468,KEEP,observation_noise,0.0013011840041300745
2018-12-11,9.6,13.02,4.09,0.4151290357112884,0.4131596088409424,0.7956210374832153,8,0.7532429496905775,,0,1,climatology,0.0,0.0,-0.0999999999999996,20.17,5.587142857142857,0.4008422195911407,0.4095196723937988,0.7729977275793287,0.4143169712901033,KEEP,observation_noise,0.0013011840041300745
2018-12-12,10.47,0.82,6.5,0.4030875265598297,0.4115671217441559,0.7725121378898621,8,0.7334881718018262,,0,1,climatology,0.0,0.0,0.870000000000001,20.88,5.231428571428572,0.4151290357112884,0.4131596088409424,0.7532429496905775,0.4019221251615963,KEEP,observation_noise,0.0013011840041300745
2018-12-13,9.15,0.14,4.9,0.3984199464321136,0.4099691212177276,0.7635203003883362,8,0.713733393913075,,0,1,climatology,0.0,0.0,-1.3200000000000005,14.18,5.438571428571429,0.4030875265598297,0.4115671217441559,0.7334881718018262,0.3976119437459976,KEEP,observation_noise,0.0013011840041300745
2018-12-14,8.4,0.32,9.25,0.3966294825077057,0.4089707434177398,0.7601318359375,8,0.6939786160243238,,0,1,climatology,0.0,0.0,-0.75,14.45,6.338571428571429,0.3984199464321136,0.4099691212177276,0.713733393913075,0.3980577367758732,KEEP,observation_noise,0.0013011840041300745
2018-12-15,10.35,0.53,10.8,0.3948017358779907,0.4083296954631805,0.7566258907318115,8,0.6742238381355725,,0,1,climatology,0.0,0.0,1.9499999999999995,14.93,6.884285714285714,0.3966294825077057,0.4089707434177398,0.6939786160243238,0.39588464930394834,KEEP,observation_noise,0.0013011840041300745
2018-12-16,10.86,10.57,3.79,0.4143942296504974,0.4120211005210876,0.7941700220108032,8,0.6544690602468212,,0,1,climatology,0.0,0.0,0.5099999999999998,25.49,6.591428571428572,0.3948017358779907,0.4083296954631805,0.6742238381355725,0.4138021064986389,KEEP,observation_noise,0.0013011840041300745
2018-12-17,10.78,0.53,6.58,0.4021891355514526,0.4110728502273559,0.7707936763763428,8,0.6347142823580699,,0,1,climatology,0.0,0.0,-0.08,25.93,6.558571428571429,0.4143942296504974,0.4120211005210876,0.6544690602468212,0.40336564817748344,KEEP,observation_noise,0.0013011840041300745
2018-12-18,10.04,0.02,5.93,0.3987517356872558,0.4094122350215912,0.7642652988433838,8,0.6149595044693187,,0,1,climatology,0.0,0.0,-0.7400000000000002,12.93,6.821428571428571,0.4021891355514526,0.4110728502273559,0.6347142823580699,0.4004514039091192,KEEP,observation_noise,0.0013011840041300745
2018-12-19,12.8,0.0,9.38,0.4059498906135559,0.4095185697078705,0.7780057787895203,8,0.6314875332844215,,0,1,climatology,0.0,0.0,2.7600000000000016,12.11,7.232857142857142,0.3987517356872558,0.4094122350215912,0.6149595044693187,0.4055746282300764,KEEP,observation_noise,0.0013011840041300745
2018-12-20,13.85,6.44,3.74,0.4220202267169952,0.4210643172264099,0.8087792992591858,8,0.6480155620995245,,0,1,climatology,0.0,0.0,1.049999999999999,18.410000000000004,7.067142857142857,0.4059498906135559,0.4095185697078705,0.6314875332844215,0.42358109485768985,KEEP,observation_noise,0.0013011840041300745
2018-12-21,13.7,3.89,4.69,0.4070593118667602,0.41623455286026,0.7800830602645874,8,0.6645435909146273,,0,1,climatology,0.0,0.0,-0.1500000000000003,21.98,6.415714285714286,0.4220202267169952,0.4210643172264099,0.6480155620995245,0.40655332333193317,KEEP,observation_noise,0.0013011840041300745
2018-12-22,14.76,0.34,7.04,0.4011339247226715,0.4136536121368408,0.7687179446220398,8,0.6810716197297303,,0,1,climatology,0.0,0.0,1.0600000000000005,21.79,5.878571428571428,0.4070593118667602,0.41623455286026,0.6645435909146273,0.4006879834966273,KEEP,observation_noise,0.0013011840041300745
2018-12-23,13.58,5.23,2.49,0.4132353663444519,0.4152610003948211,0.7919403910636902,8,0.6975996485448331,,0,1,climatology,0.0,0.0,-1.1799999999999995,16.450000000000003,5.692857142857142,0.4011339247226715,0.4136536121368408,0.6810716197297303,0.4130778987184687,KEEP,observation_noise,0.0013011840041300745
2018-12-24,9.75,0.03,10.56,0.4016698002815246,0.413508266210556,0.7697647213935852,8,0.7357647972389598,,0,1,climatology,0.0,0.0,-3.83,15.95,6.261428571428572,0.4132353663444519,0.4152610003948211,0.6975996485448331,0.40206878812906444,KEEP,observation_noise,0.0013011840041300745
2018-12-25,10.44,0.0,11.21,0.399730771780014,0.4122093915939331,0.766063928604126,8,0.7739299459330866,,0,1,climatology,0.0,0.0,0.6899999999999995,15.93,7.015714285714286,0.4016698002815246,0.413508266210556,0.7357647972389598,0.39706102966468665,KEEP,observation_noise,0.0013011840041300745
2018-12-26,10.73,1.59,2.6,0.4054024815559387,0.4121042490005493,0.7769584059715271,8,0.8120950946272133,,0,1,climatology,0.0,0.0,0.2900000000000009,17.52,6.047142857142858,0.399730771780014,0.4122093915939331,0.7739299459330866,0.4040349378322336,KEEP,observation_noise,0.0013011840041300745
2018-12-27,8.34,0.0,11.3,0.3994861841201782,0.4111897647380829,0.7656362056732178,8,0.85026024332134,,0,1,climatology,0.0,0.0,-2.390000000000001,11.080000000000002,7.127142857142857,0.4054024815559387,0.4121042490005493,0.8120950946272133,0.39644283416687864,KEEP,observation_noise,0.0013011840041300745
2018-12-28,3.72,0.57,6.63,0.3997669219970703,0.4104197919368744,0.766121506690979,8,0.85026024332134,,0,1,climatology,0.0,0.0,-4.619999999999999,7.760000000000001,7.404285714285714,0.3994861841201782,0.4111897647380829,0.85026024332134,0.40059630662078854,KEEP,observation_noise,0.0013011840041300745
2018-12-29,4.87,0.03,8.62,0.3993784189224243,0.4097752869129181,0.7653135657310486,8,0.85026024332134,,0,1,climatology,0.0,0.0,1.15,7.45,7.63,0.3997669219970703,0.4104197919368744,0.85026024332134,0.4010257542174568,KEEP,observation_noise,0.0013011840041300745
2018-12-30,6.12,0.17,7.03,0.4003788530826568,0.4093937873840332,0.7672783136367798,8,0.85026024332134,,0,1,climatology,0.0,0.0,1.25,2.39,8.278571428571428,0.3993784189224243,0.4097752869129181,0.85026024332134,0.4022785106840189,KEEP,observation_noise,0.0013011840041300745
2018-12-31,8.55,1.14,11.56,0.3988011479377746,0.4091165065765381,0.7642947435379028,8,0.85026024332134,,0,1,climatology,0.0,0.0,2.4300000000000006,3.5,8.421428571428573,0.4003788530826568,0.4093937873840332,0.85026024332134,0.3962481181479918,KEEP,observation_noise,0.0013011840041300745
2019-01-01,8.37,0.42,3.54,0.3988242745399475,0.4086478352546692,0.7643409967422485,8,0.7808737919092776,,0,1,climatology,0.0,0.0,-0.1800000000000015,3.92,7.325714285714286,0.3988011479377746,0.4091165065765381,0.85026024332134,0.39889301656543424,KEEP,observation_noise,0.0013011840041300745
2019-01-02,6.67,0.02,8.55,0.3981824517250061,0.4081451594829559,0.763128399848938,8,0.7953288201813402,,0,1,climatology,0.0,0.0,-1.6999999999999993,2.35,8.175714285714287,0.3988242745399475,0.4086478352546692,0.7808737919092776,0.39664133968582216,KEEP,observation_noise,0.0013011840041300745
2019-01-03,8.08,0.0,12.15,0.3972828090190887,0.4076254665851593,0.7613735795021057,8,0.8097838484534027,,0,1,climatology,0.0,0.0,1.41,2.35,8.297142857142857,0.3981824517250061,0.4081451594829559,0.7953288201813402,0.39552355815644763,KEEP,observation_noise,0.0013011840041300745
2019-01-04,10.15,1.19,7.97,0.3962208032608032,0.4073755145072937,0.7593259811401367,8,0.8242388767254651,,0,1,climatology,0.0,0.0,2.0700000000000003,2.97,8.48857142857143,0.3972828090190887,0.4076254665851593,0.8097838484534027,0.395474415146322,KEEP,observation_noise,0.0013011840041300745
2019-01-05,10.16,2.37,7.16,0.3984594345092773,0.4075483381748199,0.763597846031189,8,0.8386939049975277,,0,1,climatology,0.0,0.0,0.0099999999999997,5.31,8.28,0.3962208032608032,0.4073755145072937,0.8242388767254651,0.39676638463796216,KEEP,observation_noise,0.0013011840041300745
2019-01-06,9.95,0.34,8.77,0.3967937231063843,0.4070671796798706,0.7604667544364929,8,0.8531489332695903,,0,1,climatology,0.0,0.0,-0.2100000000000008,5.48,8.528571428571428,0.3984594345092773,0.4075483381748199,0.8386939049975277,0.3994545281871353,KEEP,observation_noise,0.0013011840041300745
2019-01-07,9.85,0.02,12.1,0.3957992494106293,0.4064822196960449,0.7585576772689819,8,0.8676039615416528,0.8676039615416528,1,0,observed,0.9956835976711504,1.0,-0.0999999999999996,4.36,8.605714285714287,0.3967937231063843,0.4070671796798706,0.8531489332695903,0.39386947454714594,KEEP,observation_noise,0.0013011840041300745
2019-01-08,9.42,0.0,6.71,0.3953975439071655,0.4060350656509399,0.7577138543128967,8,0.8610775410512453,,0,1,interpolated,0.0,0.0,-0.4299999999999997,3.94,9.05857142857143,0.3957992494106293,0.4064822196960449,0.8676039615416528,0.39410248870422354,KEEP,observation_noise,0.0013011840041300745
2019-01-09,7.16,0.24,7.54,0.3952585458755493,0.4055696427822113,0.7575079798698425,8,0.8545511205608378,,0,1,interpolated,0.0,0.0,-2.26,4.159999999999999,8.914285714285715,0.3953975439071655,0.4060350656509399,0.8610775410512453,0.39502272304718034,KEEP,observation_noise,0.0013011840041300745
2019-01-10,9.14,0.51,2.38,0.4065930545330047,0.4076195359230041,0.7791911363601685,8,0.8480247000704304,,0,1,interpolated,0.0,0.0,1.9800000000000004,4.67,7.518571428571428,0.3952585458755493,0.4055696427822113,0.8545511205608378,0.4066523005133551,KEEP,observation_noise,0.0013011840041300745
2019-01-11,9.81,0.01,6.98,0.408802181482315,0.4093779027462005,0.7834462523460388,8,0.841498279580023,,0,1,interpolated,0.0,0.0,0.6699999999999999,3.49,7.377142857142857,0.4065930545330047,0.4076195359230041,0.8480247000704304,0.40882451562807354,KEEP,observation_noise,0.0013011840041300745
2019-01-12,9.82,4.01,7.53,0.4111972749233246,0.414995402097702,0.7880274653434753,8,0.8349718590896156,,0,1,interpolated,0.0,0.0,0.0099999999999997,5.13,7.430000000000001,0.408802181482315,0.4093779027462005,0.841498279580023,0.40963407705274024,KEEP,observation_noise,0.0013011840041300745
2019-01-13,11.46,1.5,6.49,0.4039767980575561,0.4116859436035156,0.7741459608078003,8,0.828445438599208,,0,1,interpolated,0.0,0.0,1.6400000000000006,6.29,7.104285714285715,0.4111972749233246,0.414995402097702,0.8349718590896156,0.4042772139205118,KEEP,observation_noise,0.0013011840041300745
2019-01-14,11.26,0.18,10.02,0.3977307677268982,0.4095577597618103,0.7622033953666687,8,0.8219190181088006,,0,1,interpolated,0.0,0.0,-0.200000000000001,6.449999999999999,6.807142857142857,0.4039767980575561,0.4116859436035156,0.828445438599208,0.3980724733941326,KEEP,observation_noise,0.0013011840041300745
2019-01-15,10.38,0.42,5.64,0.3997424244880676,0.4085868597030639,0.7660859823226929,8,0.8153925976183932,,0,1,interpolated,0.0,0.0,-0.879999999999999,6.869999999999999,6.654285714285714,0.3977307677268982,0.4095577597618103,0.8219190181088006,0.40064782541682586,KEEP,observation_noise,0.0013011840041300745
2019-01-16,6.69,0.32,9.14,0.3967748284339905,0.4077835083007812,0.7603899240493774,8,0.8088661771279858,,0,1,interpolated,0.0,0.0,-3.69,6.95,6.882857142857143,0.3997424244880676,0.4085868597030639,0.8153925976183932,0.39652948234937335,KEEP,observation_noise,0.0013011840041300745
2019-01-17,7.15,0.01,7.81,0.3961500525474548,0.4070616960525512,0.7592430114746094,8,0.8023397566375783,,0,1,interpolated,0.0,0.0,0.4599999999999999,6.449999999999999,7.658571428571429,0.3967748284339905,0.4077835083007812,0.8088661771279858,0.3973747580469093,KEEP,observation_noise,0.0013011840041300745
2019-01-18,8.77,0.0,13.02,0.3951019942760467,0.4064237177371979,0.7572572827339172,8,0.7958133361471709,,0,1,interpolated,0.0,0.0,1.6199999999999992,6.44,8.52142857142857,0.3961500525474548,0.4070616960525512,0.8023397566375783,0.3932168866674854,KEEP,observation_noise,0.0013011840041300745
2019-01-19,10.73,1.24,10.85,0.4005813002586365,0.4068273901939392,0.7676912546157837,8,0.7892869156567635,,0,1,interpolated,0.0,0.0,1.9600000000000009,3.67,8.995714285714286,0.3951019942760467,0.4064237177371979,0.7958133361471709,0.40226952024875423,KEEP,observation_noise,0.0013011840041300745
2019-01-20,10.99,8.39,8.49,0.403754711151123,0.4095829129219055,0.7737100124359131,8,0.782760495166356,,0,1,interpolated,0.0,0.0,0.2599999999999998,10.56,9.281428571428572,0.4005813002586365,0.4068273901939392,0.7892869156567635,0.40484983468872726,KEEP,observation_noise,0.0013011840041300745
2019-01-21,7.27,0.0,14.05,0.3967303335666656,0.4074783623218536,0.7602810859680176,8,0.7762340746759485,,0,1,interpolated,0.0,0.0,-3.7200000000000006,10.38,9.857142857142858,0.403754711151123,0.4095829129219055,0.782760495166356,0.39713995818514364,KEEP,observation_noise,0.0013011840041300745
2019-01-22,8.94,0.0,11.42,0.3939641714096069,0.4062303304672241,0.7549946308135986,8,0.7697076541855411,0.7697076541855411,1,0,observed,0.989459947801646,1.0,1.67,9.96,10.682857142857143,0.3967303335666656,0.4074783623218536,0.7762340746759485,0.3945577121519347,KEEP,observation_noise,0.0013011840041300745
2019-01-23,9.98,0.0,12.72,0.3909749388694763,0.4053683280944824,0.749261200428009,8,0.775176342055483,,0,1,interpolated,0.0,0.0,1.040000000000001,9.64,11.194285714285714,0.3939641714096069,0.4062303304672241,0.7697076541855411,0.3922314803385475,KEEP,observation_noise,0.0013011840041300745
2019-01-24,9.93,0.0,10.38,0.3919163942337036,0.4047121405601501,0.7510144710540771,8,0.780645029925425,,0,1,interpolated,0.0,0.0,-0.0500000000000007,9.63,11.56142857142857,0.3909749388694763,0.4053683280944824,0.775176342055483,0.3930121845285774,KEEP,observation_noise,0.0013011840041300745
2019-01-25,9.64,0.04,11.9,0.3920199275016784,0.4040956795215606,0.7513092160224915,8,0.7861137177953668,,0,1,interpolated,0.0,0.0,-0.2899999999999991,9.67,11.401428571428571,0.3919163942337036,0.4047121405601501,0.780645029925425,0.3906492463376823,KEEP,observation_noise,0.0013011840041300745
2019-01-26,6.38,6.76,7.7,0.3926722109317779,0.4037347435951233,0.7525822520256042,8,0.7915824056653087,,0,1,interpolated,0.0,0.0,-3.2600000000000007,15.19,10.951428571428574,0.3920199275016784,0.4040956795215606,0.7861137177953668,0.3941036640757832,KEEP,observation_noise,0.0013011840041300745
2019-01-27,7.73,0.05,14.14,0.391252189874649,0.4031509160995483,0.7498297095298767,8,0.7970510935352506,0.7970510935352506,1,0,observed,0.7024693836578998,1.0,1.3500000000000003,6.85,11.758571428571427,0.3926722109317779,0.4037347435951233,0.7915824056653087,0.39152931356584214,KEEP,observation_noise,0.0013011840041300745
2019-01-28,9.59,0.38,5.84,0.3887090682983398,0.4027398824691772,0.7449684143066406,8,0.7780098044527781,,0,1,interpolated,0.0,0.0,1.8599999999999997,7.229999999999999,10.585714285714284,0.391252189874649,0.4031509160995483,0.7970510935352506,0.3902142811728144,KEEP,observation_noise,0.0013011840041300745
2019-01-29,8.35,0.0,13.03,0.3884789943695068,0.402156800031662,0.7444612383842468,8,0.7589685153703055,,0,1,interpolated,0.0,0.0,-1.2400000000000002,7.229999999999999,10.815714285714284,0.3887090682983398,0.4027398824691772,0.7780098044527781,0.3889920062679193,KEEP,observation_noise,0.0013011840041300745
2019-01-30,10.35,0.4,9.37,0.3939328491687774,0.402300089597702,0.7550376057624817,8,0.739927226287833,,0,1,interpolated,0.0,0.0,2.0,7.63,10.337142857142856,0.3884789943695068,0.402156800031662,0.7589685153703055,0.39264366109412135,KEEP,observation_noise,0.0013011840041300745
2019-01-31,8.73,24.95,1.83,0.423936665058136,0.4155826568603515,0.8124629259109497,8,0.7208859372053604,,0,1,interpolated,0.0,0.0,-1.6199999999999992,32.58,9.115714285714285,0.3939328491687774,0.402300089597702,0.739927226287833,0.4225059077895765,KEEP,observation_noise,0.0013011840041300745
2019-02-01,6.58,2.3,9.76,0.4004848897457123,0.4114967882633209,0.7674875855445862,8,0.7018446481228879,,0,1,interpolated,0.0,0.0,-2.1500000000000004,34.84,8.81,0.423936665058136,0.4155826568603515,0.7208859372053604,0.40103649224643473,KEEP,observation_noise,0.0013011840041300745
2019-02-02,8.37,0.0,10.02,0.3943440318107605,0.4079912304878235,0.7557226419448853,8,0.6828033590404153,,0,1,interpolated,0.0,0.0,1.7899999999999991,28.08,9.141428571428571,0.4004848897457123,0.4114967882633209,0.7018446481228879,0.3957542906943391,KEEP,observation_noise,0.0013011840041300745
2019-02-03,12.39,13.29,2.74,0.4051990807056427,0.4080169796943664,0.7764837741851807,8,0.6637620699579428,,0,1,interpolated,0.0,0.0,4.020000000000001,41.31999999999999,7.5128571428571425,0.3943440318107605,0.4079912304878235,0.6828033590404153,0.4032514481449785,KEEP,observation_noise,0.0013011840041300745
2019-02-04,9.96,0.08,14.55,0.3955636322498321,0.4067006111145019,0.7580503225326538,8,0.6447207808754702,,0,1,interpolated,0.0,0.0,-2.43,41.02,8.757142857142856,0.4051990807056427,0.4080169796943664,0.6637620699579428,0.39510912363394335,KEEP,observation_noise,0.0013011840041300745
2019-02-05,10.09,0.19,12.35,0.4072958827018738,0.4081801176071167,0.7805352807044983,8,0.6256794917929978,,0,1,interpolated,0.0,0.0,0.129999999999999,41.21,8.66,0.3955636322498321,0.4067006111145019,0.6447207808754702,0.4086649083737772,KEEP,observation_noise,0.0013011840041300745
2019-02-06,11.47,5.41,8.33,0.4048116207122803,0.4117446541786194,0.7757609486579895,8,0.6066382027105252,,0,1,interpolated,0.0,0.0,1.3800000000000008,46.22,8.51142857142857,0.4072958827018738,0.4081801176071167,0.6256794917929978,0.40433037234085206,KEEP,observation_noise,0.0013011840041300745
2019-02-07,11.62,2.79,4.56,0.4087686240673065,0.4105185270309448,0.7833929657936096,8,0.5875969136280527,,0,1,interpolated,0.0,0.0,0.1499999999999985,24.06,8.901428571428571,0.4048116207122803,0.4117446541786194,0.6066382027105252,0.4110827620054684,KEEP,observation_noise,0.0013011840041300745
2019-02-08,8.23,0.01,7.55,0.4013093709945678,0.4088724553585052,0.7690873742103577,8,0.5685556245455801,,0,1,interpolated,0.0,0.0,-3.389999999999999,21.77,8.585714285714285,0.4087686240673065,0.4105185270309448,0.5875969136280527,0.4021760229229929,KEEP,observation_noise,0.0013011840041300745
2019-02-09,7.4,2.3,5.73,0.4051510989665985,0.4093770384788513,0.77650386095047,8,0.5495143354631076,,0,1,interpolated,0.0,0.0,-0.8300000000000001,24.07,7.972857142857143,0.4013093709945678,0.4088724553585052,0.5685556245455801,0.4067300145039444,KEEP,observation_noise,0.0013011840041300745
2019-02-10,8.47,0.83,14.47,0.3997519910335541,0.4082804024219513,0.7660908102989197,8,0.5304730463806351,,0,1,interpolated,0.0,0.0,1.0700000000000005,11.61,9.648571428571428,0.4051510989665985,0.4093770384788513,0.5495143354631076,0.3988596917790728,KEEP,observation_noise,0.0013011840041300745
2019-02-11,7.64,5.02,7.06,0.4001455008983612,0.4086014926433563,0.7668416500091553,8,0.5114317572981625,,0,1,interpolated,0.0,0.0,-0.830000000000001,16.549999999999997,8.57857142857143,0.3997519910335541,0.4082804024219513,0.5304730463806351,0.4025175447995864,KEEP,observation_noise,0.0013011840041300745
2019-02-12,7.47,0.0,13.67,0.3951569497585296,0.4072214663028717,0.7572953701019287,8,0.4923904682156899,,0,1,interpolated,0.0,0.0,-0.1699999999999999,16.36,8.767142857142858,0.4001455008983612,0.4086014926433563,0.5114317572981625,0.396154685725973,KEEP,observation_noise,0.0013011840041300745
2019-02-13,8.48,0.05,12.31,0.3946323096752167,0.4063391089439392,0.7562724947929382,8,0.4733491791332174,,0,1,interpolated,0.0,0.0,1.010000000000001,11.0,9.335714285714287,0.3951569497585296,0.4072214663028717,0.4923904682156899,0.39514917234770275,KEEP,observation_noise,0.0013011840041300745
2019-02-14,7.98,0.1,9.24,0.3945260345935821,0.4060064256191253,0.7560895681381226,8,0.4543078900507448,,0,1,interpolated,0.0,0.0,-0.5,8.31,10.004285714285714,0.3946323096752167,0.4063391089439392,0.4733491791332174,0.39556455101827726,KEEP,observation_noise,0.0013011840041300745
2019-02-15,8.88,2.24,4.4,0.4143002331256866,0.4112746715545654,0.7939304113388062,8,0.4352666009682723,,0,1,interpolated,0.0,0.0,0.9000000000000004,10.54,9.554285714285715,0.3945260345935821,0.4060064256191253,0.4543078900507448,0.41471754239619013,KEEP,observation_noise,0.0013011840041300745
2019-02-16,8.01,0.28,7.73,0.4020716547966003,0.410651832818985,0.7705053091049194,8,0.4162253118857997,,0,1,interpolated,0.0,0.0,-0.870000000000001,8.52,9.84,0.4143002331256866,0.4112746715545654,0.4352666009682723,0.4039181478030778,KEEP,observation_noise,0.0013011840041300745
2019-02-17,7.2,0.01,15.46,0.3959574103355407,0.4083576798439026,0.7588101029396057,8,0.3971840228033272,,0,1,interpolated,0.0,0.0,-0.8099999999999996,7.699999999999999,9.981428571428571,0.4020716547966003,0.410651832818985,0.4162253118857997,0.39589268820182355,KEEP,observation_noise,0.0013011840041300745
2019-02-18,9.93,0.23,11.43,0.4104073643684387,0.4106281697750091,0.7865340709686279,8,0.3781427337208547,,0,1,interpolated,0.0,0.0,2.7299999999999995,2.91,10.605714285714283,0.3959574103355407,0.4083576798439026,0.3971840228033272,0.41014127625402863,KEEP,observation_noise,0.0013011840041300745
2019-02-19,12.34,25.91,6.18,0.4278149902820587,0.4287069141864776,0.8199173808097839,8,0.3591014446383822,,0,1,interpolated,0.0,0.0,2.41,28.82,9.535714285714286,0.4104073643684387,0.4106281697750091,0.3781427337208547,0.42764723772865887,KEEP,observation_noise,0.0013011840041300745
2019-02-20,10.07,0.05,8.53,0.4103336632251739,0.4199532270431518,0.7863560318946838,8,0.3400601555559096,,0,1,interpolated,0.0,0.0,-2.27,28.82,8.995714285714286,0.4278149902820587,0.4287069141864776,0.3591014446383822,0.410701524056737,KEEP,observation_noise,0.0013011840041300745
2019-02-21,9.77,0.02,15.34,0.4045824408531189,0.4160016477108001,0.775356650352478,8,0.3210188664734371,,0,1,interpolated,0.0,0.0,-0.3000000000000007,28.74,9.867142857142856,0.4103336632251739,0.4199532270431518,0.3400601555559096,0.40474803713345336,KEEP,observation_noise,0.0013011840041300745
2019-02-22,10.04,1.9,6.5,0.4079059958457947,0.4147680401802063,0.781804621219635,8,0.3019775773909645,,0,1,interpolated,0.0,0.0,0.2699999999999996,28.4,10.167142857142856,0.4045824408531189,0.4160016477108001,0.3210188664734371,0.40557002553825927,KEEP,observation_noise,0.0013011840041300745
2019-02-23,10.35,0.01,12.6,0.4035919308662414,0.4136509299278259,0.7735037207603455,8,0.282936288308492,,0,1,interpolated,0.0,0.0,0.3100000000000005,28.13,10.86285714285714,0.4079059958457947,0.4147680401802063,0.3019775773909645,0.4051018182214207,KEEP,observation_noise,0.0013011840041300745
2019-02-24,9.9,0.0,15.95,0.3983594179153442,0.4123965203762054,0.7633918523788452,8,0.2638949992260194,,0,1,interpolated,0.0,0.0,-0.4499999999999993,28.12,10.932857142857143,0.4035919308662414,0.4136509299278259,0.282936288308492,0.39719969406270667,KEEP,observation_noise,0.0013011840041300745
2019-02-25,11.88,0.0,15.3,0.3979398906230926,0.4115075170993805,0.7626208662986755,8,0.2448537101435469,,0,1,interpolated,0.0,0.0,1.9800000000000004,27.89,11.485714285714286,0.3983594179153442,0.4123965203762054,0.2638949992260194,0.3973752666297136,KEEP,observation_noise,0.0013011840041300745
2019-02-26,11.24,0.01,16.26,0.3974915146827698,0.4108660817146301,0.7618230581283569,8,0.2258124210610743,0.2258124210610743,1,0,observed,0.9503111824934752,1.0,-0.6400000000000006,1.99,12.925714285714283,0.3979398906230926,0.4115075170993805,0.2448537101435469,0.39709429364143417,KEEP,observation_noise,0.0013011840041300745
2019-02-27,10.7,4.5,4.94,0.4110327363014221,0.4129867255687713,0.7877210974693298,8,0.2241984769547521,,0,1,interpolated,0.0,0.0,-0.5400000000000009,6.44,12.412857142857144,0.3974915146827698,0.4108660817146301,0.2258124210610743,0.4120987436027137,KEEP,observation_noise,0.0013011840041300745
2019-02-28,10.89,12.09,9.0,0.4085471630096435,0.4155712127685547,0.7829176187515259,8,0.2225845328484299,,0,1,interpolated,0.0,0.0,0.1900000000000012,18.51,11.507142857142858,0.4110327363014221,0.4129867255687713,0.2241984769547521,0.40586206169178696,KEEP,observation_noise,0.0013011840041300745
2019-03-01,11.76,0.0,13.45,0.4025595188140869,0.4131017327308655,0.7714504599571228,8,0.2209705887421078,,0,1,interpolated,0.0,0.0,0.8699999999999992,16.61,12.5,0.4085471630096435,0.4155712127685547,0.2225845328484299,0.40080650916941524,KEEP,observation_noise,0.0013011840041300745
2019-03-02,11.01,2.03,6.83,0.4093118906021118,0.4132093787193298,0.7844149470329285,8,0.2193566446357856,,0,1,interpolated,0.0,0.0,-0.75,18.63,11.675714285714289,0.4025595188140869,0.4131017327308655,0.2209705887421078,0.41249998105663593,KEEP,observation_noise,0.0013011840041300745
2019-03-03,10.14,13.97,4.52,0.421199083328247,0.4180171191692352,0.8071653246879578,8,0.2177427005294634,,0,1,interpolated,0.0,0.0,-0.8699999999999992,32.6,10.042857142857144,0.4093118906021118,0.4132093787193298,0.2193566446357856,0.42297774894297624,KEEP,observation_noise,0.0013011840041300745
2019-03-04,10.93,6.6,8.32,0.4103294610977173,0.4177316725254059,0.7863186597824097,8,0.2161287564231412,,0,1,interpolated,0.0,0.0,0.7899999999999991,39.2,9.045714285714286,0.421199083328247,0.4180171191692352,0.2177427005294634,0.4126389833051724,KEEP,observation_noise,0.0013011840041300745
2019-03-05,12.4,0.0,17.79,0.4060538411140442,0.4152995645999908,0.7781411409378052,8,0.2145148123168191,,0,1,interpolated,0.0,0.0,1.4700000000000006,39.19,9.264285714285714,0.4103294610977173,0.4177316725254059,0.2161287564231412,0.4057585932306386,KEEP,observation_noise,0.0013011840041300745
2019-03-06,10.75,20.76,2.88,0.4373287856578827,0.428480714559555,0.8380907773971558,8,0.2129008682104969,,0,1,interpolated,0.0,0.0,-1.6500000000000004,55.45,8.97,0.4060538411140442,0.4152995645999908,0.2145148123168191,0.438992428798774,KEEP,observation_noise,0.0013011840041300745
2019-03-07,10.55,6.36,9.88,0.4205217659473419,0.4264809191226959,0.8059408664703369,8,0.2112869241041747,,0,1,interpolated,0.0,0.0,-0.1999999999999993,49.72,9.095714285714283,0.4373287856578827,0.428480714559555,0.2129008682104969,0.42030536047618394,KEEP,observation_noise,0.0013011840041300745
2019-03-08,10.14,0.0,21.49,0.4095896482467651,0.4217045903205871,0.7849443554878235,8,0.2096729799978525,0.2096729799978525,1,0,observed,1.0,1.0,-0.4100000000000001,49.72,10.244285714285716,0.4205217659473419,0.4264809191226959,0.2112869241041747,0.40906585226459125,KEEP,observation_noise,0.0013011840041300745
2019-03-09,11.86,0.28,18.27,0.4225876331329345,0.4227601289749145,0.8098771572113037,8,0.207296559835883,,0,1,interpolated,0.0,0.0,1.7199999999999989,47.97,11.87857142857143,0.4095896482467651,0.4217045903205871,0.2096729799978525,0.4202664122120305,KEEP,observation_noise,0.0013011840041300745
2019-03-10,12.35,57.19,2.32,0.4630554616451263,0.4560679793357849,0.8874449133872986,8,0.2049201396739134,,0,1,interpolated,0.0,0.0,0.4900000000000002,91.19,11.564285714285717,0.4225876331329345,0.4227601289749145,0.207296559835883,0.4629961787386881,KEEP,observation_noise,0.0013011840041300745
2019-03-11,12.02,1.39,17.39,0.4361082017421722,0.4468662142753601,0.8357548117637634,8,0.2025437195119439,,0,1,interpolated,0.0,0.0,-0.33,85.98,12.86,0.4630554616451263,0.4560679793357849,0.2049201396739134,0.4358041482539209,KEEP,observation_noise,0.0013011840041300745
2019-03-12,11.73,3.94,16.91,0.4301286339759826,0.4400635659694671,0.824312686920166,8,0.2001672993499743,,0,1,interpolated,0.0,0.0,-0.2899999999999991,89.92,12.734285714285711,0.4361082017421722,0.4468662142753601,0.2025437195119439,0.4272781160277289,KEEP,observation_noise,0.0013011840041300745
2019-03-13,8.67,1.41,20.24,0.4243384599685669,0.4362149238586426,0.8131894469261169,8,0.1977908791880048,0.1977908791880048,1,0,observed,1.0,1.0,-3.0600000000000005,70.57,15.214285714285714,0.4301286339759826,0.4400635659694671,0.2001672993499743,0.42312966461200496,KEEP,observation_noise,0.0013011840041300745
2019-03-14,8.94,0.0,13.59,0.4197020828723907,0.4337575733661651,0.8042948842048645,8,0.1961468439802355,,0,1,interpolated,0.0,0.0,0.2699999999999996,64.21,15.744285714285716,0.4243384599685669,0.4362149238586426,0.1977908791880048,0.419361794905646,KEEP,observation_noise,0.0013011840041300745
2019-03-15,10.64,5.92,15.43,0.4206939339637756,0.4324750304222107,0.806196928024292,8,0.1945028087724662,,0,1,interpolated,0.0,0.0,1.700000000000001,70.13,14.878571428571428,0.4197020828723907,0.4337575733661651,0.1961468439802355,0.4192357880638832,KEEP,observation_noise,0.0013011840041300745
2019-03-16,9.53,0.95,18.73,0.4189114868640899,0.43123260140419,0.8027934432029724,8,0.1928587735646969,,0,1,interpolated,0.0,0.0,-1.1100000000000012,70.8,14.944285714285714,0.4206939339637756,0.4324750304222107,0.1945028087724662,0.41993189641294265,KEEP,observation_noise,0.0013011840041300745
2019-03-17,10.77,0.07,20.22,0.4160577952861786,0.4298179745674133,0.7973659038543701,8,0.1912147383569276,,0,1,interpolated,0.0,0.0,1.2400000000000002,13.68,17.501428571428573,0.4189114868640899,0.43123260140419,0.1928587735646969,0.41567642399494537,KEEP,observation_noise,0.0013011840041300745
2019-03-18,11.36,0.11,14.24,0.4194381833076477,0.4292939603328705,0.8039379119873047,8,0.1895707031491583,,0,1,interpolated,0.0,0.0,0.5899999999999999,12.4,17.05142857142857,0.4160577952861786,0.4298179745674133,0.1912147383569276,0.41988038007267664,KEEP,observation_noise,0.0013011840041300745
2019-03-19,12.49,6.1,17.49,0.4213751256465912,0.430330365896225,0.8075284957885742,8,0.187926667941389,,0,1,interpolated,0.0,0.0,1.1300000000000008,14.56,17.134285714285713,0.4194381833076477,0.4292939603328705,0.1895707031491583,0.4229631926616258,KEEP,observation_noise,0.0013011840041300745
2019-03-20,13.86,0.98,18.09,0.4193280041217804,0.4293605387210846,0.8035940527915955,8,0.1862826327336197,,0,1,interpolated,0.0,0.0,1.3699999999999992,14.13,16.827142857142857,0.4213751256465912,0.430330365896225,0.187926667941389,0.41985398116428546,KEEP,observation_noise,0.0013011840041300745
2019-03-21,15.57,11.43,13.23,0.4195449650287628,0.4292663335800171,0.8040672540664673,8,0.1846385975258504,,0,1,interpolated,0.0,0.0,1.7100000000000009,25.56,16.775714285714283,0.4193280041217804,0.4293605387210846,0.1862826327336197,0.4178046859217559,KEEP,observation_noise,0.0013011840041300745
2019-03-22,12.12,0.07,12.72,0.4147565960884094,0.4274137020111084,0.794889509677887,8,0.1829945623180811,,0,1,interpolated,0.0,0.0,-3.450000000000001,19.71,16.388571428571428,0.4195449650287628,0.4292663335800171,0.1846385975258504,0.4156964849364925,KEEP,observation_noise,0.0013011840041300745
2019-03-23,10.48,1.04,16.79,0.4131869077682495,0.4261729121208191,0.7918863892555237,8,0.1813505271103118,,0,1,interpolated,0.0,0.0,-1.6399999999999988,19.8,16.111428571428572,0.4147565960884094,0.4274137020111084,0.1829945623180811,0.41247297564457064,KEEP,observation_noise,0.0013011840041300745
2019-03-24,9.25,0.0,23.12,0.4093925058841705,0.4246411025524139,0.7845977544784546,8,0.1797064919025425,,0,1,interpolated,0.0,0.0,-1.2300000000000004,19.73,16.525714285714283,0.4131869077682495,0.4261729121208191,0.1813505271103118,0.40727820576046936,KEEP,observation_noise,0.0013011840041300745
2019-03-25,11.09,0.06,7.07,0.4146211743354797,0.4241248667240143,0.7945665121078491,8,0.1780624566947732,,0,1,interpolated,0.0,0.0,1.84,19.68,15.501428571428573,0.4093925058841705,0.4246411025524139,0.1797064919025425,0.41438798495733614,KEEP,observation_noise,0.0013011840041300745
2019-03-26,13.1,0.03,20.75,0.4114671051502228,0.4232025146484375,0.7885568141937256,8,0.1764184214870039,,0,1,interpolated,0.0,0.0,2.01,13.61,15.96714285714286,0.4146211743354797,0.4241248667240143,0.1780624566947732,0.41211056198612805,KEEP,observation_noise,0.0013011840041300745
2019-03-27,14.37,0.04,22.31,0.4101018905639648,0.4218569695949554,0.7859922051429749,8,0.1747743862792347,,0,1,interpolated,0.0,0.0,1.2699999999999996,12.67,16.57,0.4114671051502228,0.4232025146484375,0.1764184214870039,0.4106691742883491,KEEP,observation_noise,0.0013011840041300745
2019-03-28,13.97,0.51,18.21,0.4120762348175049,0.4214448630809784,0.7897021770477295,8,0.1731303510714654,0.1731303510714654,1,0,observed,0.9980927524593451,1.0,-0.3999999999999986,1.75,17.28142857142857,0.4101018905639648,0.4218569695949554,0.1747743862792347,0.4099968457972374,KEEP,observation_noise,0.0013011840041300745
2019-03-29,13.88,0.01,18.2,0.4062924385070801,0.4199497401714325,0.77861088514328,8,0.1764375493838841,,0,1,interpolated,0.0,0.0,-0.0899999999999998,1.69,18.064285714285717,0.4120762348175049,0.4214448630809784,0.1731303510714654,0.40636182994413467,KEEP,observation_noise,0.0013011840041300745
2019-03-30,14.07,0.24,13.93,0.4098913669586181,0.4191887378692627,0.7855309247970581,8,0.1797447476963028,,0,1,interpolated,0.0,0.0,0.1899999999999995,0.89,17.655714285714286,0.4062924385070801,0.4199497401714325,0.1764375493838841,0.41124445256090414,KEEP,observation_noise,0.0013011840041300745
2019-03-31,9.8,0.02,15.87,0.4045177698135376,0.4177186489105224,0.7752569913864136,8,0.1830519460087215,,0,1,interpolated,0.0,0.0,-4.27,0.91,16.62,0.4098913669586181,0.4191887378692627,0.1797447476963028,0.40368489595533324,KEEP,observation_noise,0.0013011840041300745
2019-04-01,9.44,0.25,21.47,0.4022022783756256,0.416491150856018,0.7707677483558655,8,0.1863591443211402,,0,1,interpolated,0.0,0.0,-0.3600000000000012,1.1,18.677142857142854,0.4045177698135376,0.4177186489105224,0.1830519460087215,0.40226201948810214,KEEP,observation_noise,0.0013011840041300745
2019-04-02,10.4,0.05,22.3,0.3996985554695129,0.4152676463127136,0.7660338878631592,8,0.1896663426335589,0.1896663426335589,1,0,observed,1.0,1.0,0.9600000000000009,1.12,18.898571428571422,0.4022022783756256,0.416491150856018,0.1863591443211402,0.3998350497115214,KEEP,observation_noise,0.0013011840041300745
2019-04-03,11.12,0.09,20.18,0.3987777531147003,0.4140936434268951,0.7642650008201599,8,0.1840564582346635,,0,1,interpolated,0.0,0.0,0.7199999999999989,1.17,18.594285714285714,0.3996985554695129,0.4152676463127136,0.1896663426335589,0.3990536436230784,KEEP,observation_noise,0.0013011840041300745
2019-04-04,12.31,0.0,25.73,0.3976767957210541,0.4129276275634765,0.7620840072631836,8,0.1784465738357682,,0,1,interpolated,0.0,0.0,1.1900000000000013,0.66,19.66857142857143,0.3987777531147003,0.4140936434268951,0.1840564582346635,0.3991859679413561,KEEP,observation_noise,0.0013011840041300745
2019-04-05,14.2,0.0,16.7,0.3987851142883301,0.4120320081710815,0.7642309665679932,8,0.1728366894368729,,0,1,interpolated,0.0,0.0,1.8899999999999988,0.65,19.454285714285717,0.3976767957210541,0.4129276275634765,0.1784465738357682,0.39901831387594017,KEEP,observation_noise,0.0013011840041300745
2019-04-06,15.02,0.0,24.33,0.3938088417053222,0.4107728600502014,0.7546975612640381,8,0.1672268050379776,,0,1,interpolated,0.0,0.0,0.8200000000000003,0.41,20.94,0.3987851142883301,0.4120320081710815,0.1728366894368729,0.3921752037891638,KEEP,observation_noise,0.0013011840041300745
2019-04-07,14.75,6.89,20.57,0.3993958234786987,0.410409927368164,0.7653903365135193,8,0.1616169206390822,0.1616169206390822,1,0,observed,0.977313792411162,1.0,-0.2699999999999996,7.279999999999999,21.61142857142857,0.3938088417053222,0.4107728600502014,0.1672268050379776,0.39807133238975645,KEEP,observation_noise,0.0013011840041300745
2019-04-08,14.27,2.99,23.45,0.3982682824134826,0.4101022481918335,0.7632397413253784,8,0.1586959946902569,,0,1,interpolated,0.0,0.0,-0.4800000000000004,10.02,21.89428571428571,0.3993958234786987,0.410409927368164,0.1616169206390822,0.3986227544013664,KEEP,observation_noise,0.0013011840041300745
2019-04-09,13.22,13.75,20.39,0.4132495522499084,0.4130775928497314,0.792034924030304,8,0.1557750687414316,,0,1,interpolated,0.0,0.0,-1.049999999999999,23.72,21.62142857142857,0.3982682824134826,0.4101022481918335,0.1586959946902569,0.41068770729614945,KEEP,observation_noise,0.0013011840041300745
2019-04-10,12.92,18.14,6.65,0.4132092893123626,0.4195832312107086,0.7919074296951294,8,0.1528541427926062,,0,1,interpolated,0.0,0.0,-0.3000000000000007,41.77,19.688571428571432,0.4132495522499084,0.4130775928497314,0.1557750687414316,0.41326276509083254,KEEP,observation_noise,0.0013011840041300745
2019-04-11,11.98,0.02,10.74,0.4072203338146209,0.4153859317302704,0.780410647392273,8,0.1499332168437809,,0,1,interpolated,0.0,0.0,-0.9399999999999996,41.79,17.547142857142855,0.4132092893123626,0.4195832312107086,0.1528541427926062,0.40738596678680655,KEEP,observation_noise,0.0013011840041300745
2019-04-12,12.52,0.07,20.7,0.4047713577747345,0.4134728908538818,0.7757623791694641,8,0.1470122908949555,,0,1,interpolated,0.0,0.0,0.5399999999999991,41.86,18.11857142857143,0.4072203338146209,0.4153859317302704,0.1499332168437809,0.40546995366755706,KEEP,observation_noise,0.0013011840041300745
2019-04-13,13.57,0.0,18.42,0.3989811837673187,0.4114835858345032,0.7645792961120605,8,0.1440913649461302,,0,1,interpolated,0.0,0.0,1.0500000000000007,41.86,17.274285714285714,0.4047713577747345,0.4134728908538818,0.1470122908949555,0.3984998521639269,KEEP,observation_noise,0.0013011840041300745
2019-04-14,14.12,1.57,6.51,0.414490282535553,0.414083182811737,0.7943140268325806,8,0.1411704389973049,,0,1,interpolated,0.0,0.0,0.5499999999999989,36.54,15.265714285714283,0.3989811837673187,0.4114835858345032,0.1440913649461302,0.414633669085418,KEEP,observation_noise,0.0013011840041300745
2019-04-15,13.31,0.0,25.7,0.4028386175632477,0.4138769507408142,0.7719929814338684,8,0.1382495130484795,,0,1,interpolated,0.0,0.0,-0.8099999999999987,33.55,15.587142857142856,0.414490282535553,0.414083182811737,0.1411704389973049,0.4019222227089631,KEEP,observation_noise,0.0013011840041300745
2019-04-16,15.67,0.0,22.07,0.3953553140163421,0.4110919833183288,0.7576888799667358,8,0.1353285870996541,,0,1,interpolated,0.0,0.0,2.3599999999999994,19.8,15.827142857142858,0.4028386175632477,0.4138769507408142,0.1382495130484795,0.39437952366223944,KEEP,observation_noise,0.0013011840041300745
2019-04-17,16.39,0.38,17.39,0.3978103101253509,0.4102816879749298,0.7623652219772339,8,0.1324076611508288,,0,1,interpolated,0.0,0.0,0.7200000000000006,2.04,17.361428571428572,0.3953553140163421,0.4110919833183288,0.1353285870996541,0.39910258446531915,KEEP,observation_noise,0.0013011840041300745
2019-04-18,16.5,0.0,25.13,0.3919932544231415,0.4085281491279602,0.7512248754501343,8,0.1294867352020035,,0,1,interpolated,0.0,0.0,0.1099999999999994,2.02,19.417142857142856,0.3978103101253509,0.4102816879749298,0.1324076611508288,0.3912931405291622,KEEP,observation_noise,0.0013011840041300745
2019-04-19,15.14,0.08,20.0,0.3931198716163635,0.4075976908206939,0.753345787525177,8,0.1265658092531781,,0,1,interpolated,0.0,0.0,-1.3599999999999994,2.03,19.31714285714286,0.3919932544231415,0.4085281491279602,0.1294867352020035,0.393612663814611,KEEP,observation_noise,0.0013011840041300745
2019-04-20,15.51,0.0,25.18,0.3907349705696106,0.4063420593738556,0.7488235235214233,8,0.1236448833043528,,0,1,interpolated,0.0,0.0,0.3699999999999992,2.03,20.282857142857143,0.3931198716163635,0.4075976908206939,0.1265658092531781,0.39225021672137056,KEEP,observation_noise,0.0013011840041300745
2019-04-21,16.82,0.0,24.43,0.3882500827312469,0.4049884378910064,0.7440279722213745,8,0.1207239573555274,,0,1,interpolated,0.0,0.0,1.3100000000000005,0.46,22.842857142857145,0.3907349705696106,0.4063420593738556,0.1236448833043528,0.3904487998769351,KEEP,observation_noise,0.0013011840041300745
2019-04-22,17.45,0.0,22.99,0.3872886300086975,0.4040968120098114,0.7422153949737549,8,0.1178030314067021,0.1178030314067021,1,0,observed,1.0,1.0,0.629999999999999,0.46,22.455714285714286,0.3882500827312469,0.4049884378910064,0.1207239573555274,0.3892421755692613,KEEP,observation_noise,0.0013011840041300745
2019-04-23,17.71,10.94,6.0,0.4230911135673523,0.4116719961166382,0.8108319640159607,8,0.1204595299067005,,0,1,interpolated,0.0,0.0,0.2600000000000015,11.4,20.16,0.3872886300086975,0.4040968120098114,0.1178030314067021,0.4223281228087196,KEEP,observation_noise,0.0013011840041300745
2019-04-24,18.44,17.17,7.84,0.4144851267337799,0.42276531457901,0.7943337559700012,8,0.123116028406699,,0,1,interpolated,0.0,0.0,0.7300000000000004,28.19,18.795714285714286,0.4230911135673523,0.4116719961166382,0.1204595299067005,0.4125359659268933,KEEP,observation_noise,0.0013011840041300745
2019-04-25,16.65,0.44,9.47,0.4037304818630218,0.4154571890830993,0.7737053632736206,8,0.1257725269066975,,0,1,interpolated,0.0,0.0,-1.7900000000000027,28.630000000000003,16.55857142857143,0.4144851267337799,0.42276531457901,0.123116028406699,0.40337933946173354,KEEP,observation_noise,0.0013011840041300745
2019-04-26,14.63,4.34,11.45,0.405989408493042,0.4131262600421905,0.7780337333679199,8,0.1284290254066959,,0,1,interpolated,0.0,0.0,-2.019999999999998,32.89,15.337142857142856,0.4037304818630218,0.4154571890830993,0.1257725269066975,0.4054118981303727,KEEP,observation_noise,0.0013011840041300745
2019-04-27,13.13,0.5,25.44,0.4004970192909241,0.4111911654472351,0.7675657272338867,8,0.1310855239066944,0.1310855239066944,1,0,observed,1.0,1.0,-1.5,33.39,15.374285714285715,0.405989408493042,0.4131262600421905,0.1284290254066959,0.40044252626737775,KEEP,observation_noise,0.0013011840041300745
2019-04-28,14.83,0.26,12.35,0.4017110168933868,0.4101062715053558,0.7698472738265991,8,0.138677920277114,,0,1,interpolated,0.0,0.0,1.6999999999999993,33.650000000000006,13.64857142857143,0.4004970192909241,0.4111911654472351,0.1310855239066944,0.4013980505990551,KEEP,observation_noise,0.0013011840041300745
2019-04-29,16.18,56.26,4.56,0.4414452314376831,0.427358329296112,0.8459827899932861,8,0.1462703166475336,,0,1,interpolated,0.0,0.0,1.3499999999999996,89.91,11.015714285714289,0.4017110168933868,0.4101062715053558,0.138677920277114,0.44130786195227734,KEEP,observation_noise,0.0013011840041300745
2019-04-30,16.33,3.35,7.07,0.4249315559864044,0.4280551373958587,0.8143048286437988,8,0.1538627130179533,,0,1,interpolated,0.0,0.0,0.1499999999999985,82.32000000000001,11.168571428571427,0.4414452314376831,0.427358329296112,0.1462703166475336,0.42255868327166923,KEEP,observation_noise,0.0013011840041300745
2019-05-01,15.65,0.37,10.34,0.4144682884216308,0.4224696457386017,0.7942589521408081,8,0.1614551093883729,,0,1,interpolated,0.0,0.0,-0.6799999999999979,65.52000000000001,11.525714285714288,0.4249315559864044,0.4280551373958587,0.1538627130179533,0.4149335103207836,KEEP,observation_noise,0.0013011840041300745
2019-05-02,16.88,0.12,25.61,0.4046908020973205,0.418785810470581,0.7755885720252991,8,0.1690475057587926,0.1690475057587926,1,0,observed,1.0,1.0,1.2299999999999986,65.2,13.831428571428573,0.4144682884216308,0.4224696457386017,0.1614551093883729,0.40719563795365354,KEEP,observation_noise,0.0013011840041300745
2019-05-03,17.16,0.02,27.62,0.3963289558887481,0.4159255027770996,0.7595142722129822,8,0.1675777086145517,,0,1,interpolated,0.0,0.0,0.2800000000000011,60.88,16.141428571428573,0.4046908020973205,0.418785810470581,0.1690475057587926,0.398706442858383,KEEP,observation_noise,0.0013011840041300745
2019-05-04,18.21,0.09,27.3,0.3895366191864013,0.4133931994438171,0.7464863657951355,8,0.1661079114703108,,0,1,interpolated,0.0,0.0,1.0500000000000007,60.470000000000006,16.40714285714286,0.3963289558887481,0.4159255027770996,0.1675777086145517,0.39036502316690597,KEEP,observation_noise,0.0013011840041300745
2019-05-05,19.09,0.0,24.83,0.388562262058258,0.4116385579109192,0.7445963621139526,8,0.1646381143260699,,0,1,interpolated,0.0,0.0,0.879999999999999,60.21,18.19,0.3895366191864013,0.4133931994438171,0.1661079114703108,0.38953753313335154,KEEP,observation_noise,0.0013011840041300745
2019-05-06,17.3,0.35,15.38,0.3919788599014282,0.4106321036815643,0.7512261867523193,8,0.1631683171818291,,0,1,interpolated,0.0,0.0,-1.7899999999999991,4.3,19.735714285714288,0.388562262058258,0.4116385579109192,0.1646381143260699,0.3909984276432859,KEEP,observation_noise,0.0013011840041300745
2019-05-07,15.17,0.0,29.2,0.3901533782482147,0.4092810750007629,0.7477085590362549,8,0.1616985200375882,0.1616985200375882,1,0,observed,1.0,1.0,-2.130000000000001,0.95,22.897142857142857,0.3919788599014282,0.4106321036815643,0.1631683171818291,0.38958602369423867,KEEP,observation_noise,0.0013011840041300745
2019-05-08,17.31,0.0,26.17,0.3869693875312805,0.4076747000217438,0.7415245175361633,8,0.1611824909551834,,0,1,interpolated,0.0,0.0,2.139999999999999,0.58,25.15857142857143,0.3901533782482147,0.4092810750007629,0.1616985200375882,0.3899342211056309,KEEP,observation_noise,0.0013011840041300745
2019-05-09,17.58,0.83,18.97,0.3920022547245025,0.4073916971683502,0.7512327432632446,8,0.1606664618727786,,0,1,interpolated,0.0,0.0,0.2699999999999996,1.29,24.21,0.3869693875312805,0.4076747000217438,0.1611824909551834,0.39247195455420464,KEEP,observation_noise,0.0013011840041300745
2019-05-10,18.26,0.0,25.57,0.3839400112628937,0.4058305621147156,0.7358202934265137,8,0.1601504327903738,,0,1,interpolated,0.0,0.0,0.6800000000000033,1.27,23.91714285714286,0.3920022547245025,0.4073916971683502,0.1606664618727786,0.3856785006826133,KEEP,observation_noise,0.0013011840041300745
2019-05-11,19.0,0.03,26.14,0.3794029355049133,0.4039789736270904,0.7270818948745728,8,0.159634403707969,,0,1,interpolated,0.0,0.0,0.7399999999999984,1.2099999999999995,23.75142857142857,0.3839400112628937,0.4058305621147156,0.1601504327903738,0.3795786162899491,KEEP,observation_noise,0.0013011840041300745
2019-05-12,19.56,0.05,21.32,0.3788430690765381,0.4027910232543945,0.7260847687721252,8,0.1591183746255642,,0,1,interpolated,0.0,0.0,0.5599999999999987,1.2599999999999998,23.25,0.3794029355049133,0.4039789736270904,0.159634403707969,0.3796384086793635,KEEP,observation_noise,0.0013011840041300745
2019-05-13,20.31,0.06,20.27,0.381204605102539,0.4019271433353424,0.7305644750595093,8,0.1586023455431594,,0,1,interpolated,0.0,0.0,0.75,0.97,23.948571428571427,0.3788430690765381,0.4027910232543945,0.1591183746255642,0.38228961993246435,KEEP,observation_noise,0.0013011840041300745
2019-05-14,20.21,3.81,18.86,0.3845940828323364,0.4017720818519592,0.7370107769966125,8,0.1580863164607546,,0,1,interpolated,0.0,0.0,-0.0999999999999978,4.78,22.47142857142857,0.381204605102539,0.4019271433353424,0.1586023455431594,0.3855105004658901,KEEP,observation_noise,0.0013011840041300745
2019-05-15,20.04,0.19,25.61,0.3770079910755157,0.400083839893341,0.7224858999252319,8,0.1575702873783498,,0,1,interpolated,0.0,0.0,-0.1700000000000017,4.97,22.39142857142857,0.3845940828323364,0.4017720818519592,0.1580863164607546,0.37566850287242004,KEEP,observation_noise,0.0013011840041300745
2019-05-16,20.68,0.0,24.78,0.369556188583374,0.3981243073940277,0.7082047462463379,8,0.157054258295945,,0,1,interpolated,0.0,0.0,0.6400000000000006,4.14,23.221428571428568,0.3770079910755157,0.400083839893341,0.1575702873783498,0.369295334032763,KEEP,observation_noise,0.0013011840041300745
2019-05-17,20.64,0.01,23.49,0.3830827474594116,0.3984934687614441,0.7341702580451965,8,0.1565382292135402,0.1565382292135402,1,0,observed,1.0,1.0,-0.0399999999999991,4.15,22.924285714285716,0.369556188583374,0.3981243073940277,0.157054258295945,0.38597666697505745,KEEP,observation_noise,0.0013011840041300745
2019-05-18,19.35,10.2,8.14,0.4031133949756622,0.4042355418205261,0.7725395560264587,8,0.17298127406708,,0,1,interpolated,0.0,0.0,-1.2899999999999991,14.32,20.352857142857143,0.3830827474594116,0.3984934687614441,0.1565382292135402,0.4031319181096932,KEEP,observation_noise,0.0013011840041300745
2019-05-19,20.41,3.54,13.07,0.3906562924385071,0.4017591178417206,0.7486414909362793,8,0.1894243189206198,,0,1,interpolated,0.0,0.0,1.0599999999999987,17.81,19.174285714285716,0.4031133949756622,0.4042355418205261,0.17298127406708,0.39231045241958123,KEEP,observation_noise,0.0013011840041300745
2019-05-20,19.88,19.58,9.48,0.409487783908844,0.4064089953899383,0.7847999334335327,8,0.2058673637741596,,0,1,interpolated,0.0,0.0,-0.5300000000000011,37.33,17.632857142857144,0.3906562924385071,0.4017591178417206,0.1894243189206198,0.4093840317532818,KEEP,observation_noise,0.0013011840041300745
2019-05-21,17.56,0.0,29.76,0.3825481235980987,0.4030021429061889,0.7330740690231323,8,0.2223104086276995,,0,1,interpolated,0.0,0.0,-2.3200000000000003,33.52,19.19,0.409487783908844,0.4064089953899383,0.2058673637741596,0.3810005377967762,KEEP,observation_noise,0.0013011840041300745
2019-05-22,19.15,0.0,30.23,0.3709262907505035,0.3989824056625366,0.7108609080314636,8,0.2387534534812393,0.2387534534812393,1,0,observed,1.0,1.0,1.59,33.33,19.85,0.3825481235980987,0.4030021429061889,0.2223104086276995,0.36989275410759825,KEEP,observation_noise,0.0013011840041300745
2019-05-23,19.78,0.0,27.54,0.3656284511089325,0.3960450887680053,0.7007200717926025,8,0.2514240186424356,,0,1,interpolated,0.0,0.0,0.6300000000000026,33.33,20.24428571428572,0.3709262907505035,0.3989824056625366,0.2387534534812393,0.363686441533641,KEEP,observation_noise,0.0013011840041300745
2019-05-24,20.71,0.1,27.84,0.363202840089798,0.3937393426895141,0.6960353851318359,8,0.264094583803632,,0,1,interpolated,0.0,0.0,0.9299999999999996,33.419999999999995,20.865714285714287,0.3656284511089325,0.3960450887680053,0.2514240186424356,0.3608392505015865,KEEP,observation_noise,0.0013011840041300745
2019-05-25,21.3,0.12,24.78,0.3569566607475281,0.3913161754608154,0.6841204166412354,8,0.2767651489648283,,0,1,interpolated,0.0,0.0,0.5899999999999999,23.34,23.242857142857144,0.363202840089798,0.3937393426895141,0.264094583803632,0.35656142795470813,KEEP,observation_noise,0.0013011840041300745
2019-05-26,22.75,0.0,25.31,0.3586265444755554,0.3896047472953796,0.687303900718689,8,0.2894357141260247,,0,1,interpolated,0.0,0.0,1.4499999999999993,19.8,24.99142857142857,0.3569566607475281,0.3913161754608154,0.2767651489648283,0.35767671521242494,KEEP,observation_noise,0.0013011840041300745
2019-05-27,20.91,7.11,8.55,0.400685966014862,0.3950046300888061,0.7679307460784912,8,0.302106279287221,,0,1,interpolated,0.0,0.0,-1.84,7.33,24.858571428571427,0.3586265444755554,0.3896047472953796,0.2894357141260247,0.39888627821907285,KEEP,observation_noise,0.0013011840041300745
2019-05-28,19.19,6.18,17.13,0.3899081945419311,0.4005597829818725,0.7472490072250366,8,0.3147768444484174,,0,1,interpolated,0.0,0.0,-1.7199999999999989,13.51,23.054285714285715,0.400685966014862,0.3950046300888061,0.302106279287221,0.3888929378013262,KEEP,observation_noise,0.0013011840041300745
2019-05-29,19.89,0.0,25.36,0.3686303794384002,0.394937127828598,0.7064828872680664,8,0.3274474096096137,,0,1,interpolated,0.0,0.0,0.6999999999999993,13.51,22.358571428571427,0.3899081945419311,0.4005597829818725,0.3147768444484174,0.36787809219535356,KEEP,observation_noise,0.0013011840041300745
2019-05-30,20.45,0.07,22.08,0.3653242290019989,0.3918848931789398,0.7001442909240723,8,0.34011797477081,,0,1,interpolated,0.0,0.0,0.5599999999999987,13.58,21.578571428571426,0.3686303794384002,0.394937127828598,0.3274474096096137,0.36599971174857104,KEEP,observation_noise,0.0013011840041300745
2019-05-31,19.21,3.02,7.99,0.3943329453468323,0.3972908854484558,0.7557502388954163,8,0.3527885399320064,,0,1,interpolated,0.0,0.0,-1.2399999999999984,16.5,18.74285714285714,0.3653242290019989,0.3918848931789398,0.34011797477081,0.3950410625108267,KEEP,observation_noise,0.0013011840041300745
2019-06-01,20.13,0.0,21.76,0.3771879971027374,0.3941196203231811,0.7229035496711731,8,0.3654591050932028,0.3654591050932028,1,0,observed,1.0,1.0,0.9199999999999982,16.38,18.31142857142857,0.3943329453468323,0.3972908854484558,0.3527885399320064,0.377377904864779,KEEP,observation_noise,0.0013011840041300745
2019-06-02,20.67,0.31,10.99,0.3821046352386474,0.3938643634319305,0.7323335409164429,8,0.3760041140074968,,0,1,interpolated,0.0,0.0,0.5400000000000027,16.689999999999998,16.265714285714285,0.3771879971027374,0.3941196203231811,0.3654591050932028,0.3834542870811507,KEEP,observation_noise,0.0013011840041300745
2019-06-03,22.03,0.05,19.35,0.3732486963272095,0.3919919431209564,0.7153235077857971,8,0.3865491229217909,,0,1,interpolated,0.0,0.0,1.3599999999999994,9.63,17.80857142857143,0.3821046352386474,0.3938643634319305,0.3760041140074968,0.3733629056202974,KEEP,observation_noise,0.0013011840041300745
2019-06-04,22.61,1.2,14.32,0.3766310811042785,0.3909766674041748,0.7217713594436646,8,0.397094131836085,,0,1,interpolated,0.0,0.0,0.5799999999999983,4.65,17.407142857142855,0.3732486963272095,0.3919919431209564,0.3865491229217909,0.37697810452311775,KEEP,observation_noise,0.0013011840041300745
2019-06-05,22.47,0.53,25.71,0.3642035722732544,0.3890118896961212,0.6979030966758728,8,0.407639140750379,,0,1,interpolated,0.0,0.0,-0.1400000000000005,5.18,17.45714285714286,0.3766310811042785,0.3909766674041748,0.397094131836085,0.3629035730705683,KEEP,observation_noise,0.0013011840041300745
2019-06-06,24.0,13.14,23.76,0.3913836479187011,0.3940610885620117,0.7500981092453003,8,0.4181841496646731,,0,1,interpolated,0.0,0.0,1.5300000000000011,18.25,17.697142857142858,0.3642035722732544,0.3890118896961212,0.407639140750379,0.39049198412257125,KEEP,observation_noise,0.0013011840041300745
2019-06-07,22.47,35.89,11.21,0.3959260880947113,0.4032967686653137,0.7588016986846924,8,0.4287291585789671,,0,1,interpolated,0.0,0.0,-1.5300000000000011,51.120000000000005,18.15714285714286,0.3913836479187011,0.3940610885620117,0.4181841496646731,0.39585930097984934,KEEP,observation_noise,0.0013011840041300745
2019-06-08,20.24,6.37,15.76,0.3789622485637665,0.3969417810440063,0.7262295484542847,8,0.4392741674932612,,0,1,interpolated,0.0,0.0,-2.2300000000000004,57.49,17.3,0.3959260880947113,0.4032967686653137,0.4287291585789671,0.3784655172963167,KEEP,observation_noise,0.0013011840041300745
2019-06-09,20.15,0.08,19.75,0.3716786503791809,0.3933396935462951,0.7122657895088196,8,0.4498191764075553,,0,1,interpolated,0.0,0.0,-0.0899999999999998,57.260000000000005,18.551428571428573,0.3789622485637665,0.3969417810440063,0.4392741674932612,0.3740174486502475,KEEP,observation_noise,0.0013011840041300745
2019-06-10,19.79,0.34,24.63,0.3669004142284393,0.3911020159721374,0.7030751705169678,8,0.4603641853218493,,0,1,interpolated,0.0,0.0,-0.3599999999999994,57.55,19.305714285714288,0.3716786503791809,0.3933396935462951,0.4498191764075553,0.367686686427936,KEEP,observation_noise,0.0013011840041300745
2019-06-11,19.21,0.08,26.32,0.3650032877922058,0.389613926410675,0.6994860172271729,8,0.4709091942361434,0.4709091942361434,1,0,observed,1.0,1.0,-0.5799999999999983,56.43,21.020000000000003,0.3669004142284393,0.3911020159721374,0.4603641853218493,0.36592253477209796,KEEP,observation_noise,0.0013011840041300745
2019-06-12,19.53,0.19,22.04,0.3640762567520141,0.3883580863475799,0.6977124810218811,8,0.4960965000099371,,0,1,interpolated,0.0,0.0,0.3200000000000003,56.09,20.49571428571429,0.3650032877922058,0.389613926410675,0.4709091942361434,0.36389842023004754,KEEP,observation_noise,0.0013011840041300745
2019-06-13,21.74,0.02,26.77,0.3538859188556671,0.3860613107681274,0.6781837940216064,8,0.5212838057837309,,0,1,interpolated,0.0,0.0,2.2099999999999973,42.97,20.925714285714285,0.3640762567520141,0.3883580863475799,0.4960965000099371,0.35442983065323386,KEEP,observation_noise,0.0013011840041300745
2019-06-14,21.32,7.38,6.61,0.4058950841426849,0.3944816589355469,0.7778897881507874,8,0.5464711115575247,,0,1,interpolated,0.0,0.0,-0.4199999999999981,14.46,20.268571428571427,0.3538859188556671,0.3860613107681274,0.5212838057837309,0.4079236246705849,KEEP,observation_noise,0.0013011840041300745
2019-06-15,19.82,32.74,9.85,0.4210643172264099,0.4194365739822387,0.8069301843643188,8,0.5716584173313184,,0,1,interpolated,0.0,0.0,-1.5,40.83,19.424285714285716,0.4058950841426849,0.3944816589355469,0.5464711115575247,0.42020537581488865,KEEP,observation_noise,0.0013011840041300745
2019-06-16,20.06,1.8,21.6,0.3912451565265655,0.4072475135326385,0.7497981786727905,8,0.5968457231051122,0.5968457231051122,1,0,observed,1.0,1.0,0.2399999999999984,42.55,19.68857142857143,0.4210643172264099,0.4194365739822387,0.5716584173313184,0.39288490789445946,KEEP,observation_noise,0.0013011840041300745
2019-06-17,21.03,0.0,25.46,0.3848386406898498,0.4009834825992584,0.7375127077102661,8,0.5984838246283497,,0,1,interpolated,0.0,0.0,0.9700000000000024,42.21,19.807142857142857,0.3912451565265655,0.4072475135326385,0.5968457231051122,0.38293262498602954,KEEP,observation_noise,0.0013011840041300745
2019-06-18,21.27,0.01,9.4,0.3945624232292175,0.400941789150238,0.7561359405517578,8,0.6001219261515871,,0,1,interpolated,0.0,0.0,0.2399999999999984,42.14000000000001,17.39,0.3848386406898498,0.4009834825992584,0.5984838246283497,0.3953391641315948,KEEP,observation_noise,0.0013011840041300745
2019-06-19,22.43,0.04,23.48,0.382725328207016,0.3993456959724426,0.7334688305854797,8,0.6017600276748246,,0,1,interpolated,0.0,0.0,1.16,41.99000000000001,17.595714285714287,0.3945624232292175,0.400941789150238,0.6001219261515871,0.38407625098349685,KEEP,observation_noise,0.0013011840041300745
2019-06-20,23.09,0.02,24.96,0.3698035478591919,0.3958348333835602,0.7087023854255676,8,0.603398129198062,,0,1,interpolated,0.0,0.0,0.6600000000000001,41.99,17.337142857142858,0.382725328207016,0.3993456959724426,0.6017600276748246,0.3711309531506272,KEEP,observation_noise,0.0013011840041300745
2019-06-21,23.67,0.18,20.48,0.3651030957698822,0.3934393227100372,0.6997179388999939,8,0.6050362307212995,,0,1,interpolated,0.0,0.0,0.5800000000000018,34.790000000000006,19.318571428571428,0.3698035478591919,0.3958348333835602,0.603398129198062,0.3663653824106534,KEEP,observation_noise,0.0013011840041300745
2019-06-22,21.42,0.6,16.72,0.3673290610313415,0.3923603892326355,0.7039647102355957,8,0.606674332244537,,0,1,interpolated,0.0,0.0,-2.25,2.650000000000007,20.3,0.3651030957698822,0.3934393227100372,0.6050362307212995,0.36546805722585735,KEEP,observation_noise,0.0013011840041300745
2019-06-23,20.25,0.02,26.6,0.3656915724277496,0.391185998916626,0.700829267501831,8,0.6083124337677744,,0,1,interpolated,0.0,0.0,-1.1700000000000017,0.8700000000000071,21.01428571428572,0.3673290610313415,0.3923603892326355,0.606674332244537,0.365275913856246,KEEP,observation_noise,0.0013011840041300745
2019-06-24,20.63,0.03,28.3,0.3631458282470703,0.3899969458580017,0.6958928108215332,8,0.609950535291012,,0,1,interpolated,0.0,0.0,0.379999999999999,0.9000000000000071,21.42,0.3656915724277496,0.391185998916626,0.6083124337677744,0.3652924922589876,KEEP,observation_noise,0.0013011840041300745
2019-06-25,22.69,0.0,27.65,0.3567866683006286,0.3880706429481506,0.6837549805641174,8,0.6115886368142494,,0,1,interpolated,0.0,0.0,2.0600000000000023,0.8900000000000071,24.027142857142856,0.3631458282470703,0.3899969458580017,0.609950535291012,0.35820892930538695,KEEP,observation_noise,0.0013011840041300745
2019-06-26,23.35,10.31,7.06,0.4209989011287689,0.4039433300495147,0.8067915439605713,8,0.6132267383374869,,0,1,interpolated,0.0,0.0,0.6600000000000001,11.160000000000007,21.68142857142857,0.3567866683006286,0.3880706429481506,0.6115886368142494,0.42022649088197783,KEEP,observation_noise,0.0013011840041300745
2019-06-27,24.02,10.39,16.16,0.3990627825260162,0.4120844006538391,0.7648011445999146,8,0.6148648398607244,,0,1,interpolated,0.0,0.0,0.6699999999999982,21.53000000000001,20.424285714285716,0.4209989011287689,0.4039433300495147,0.6132267383374869,0.3981346678311911,KEEP,observation_noise,0.0013011840041300745
2019-06-28,23.57,8.19,14.03,0.3824835419654846,0.4027427434921264,0.7329538464546204,8,0.6165029413839618,,0,1,interpolated,0.0,0.0,-0.4499999999999993,29.540000000000006,19.502857142857145,0.3990627825260162,0.4120844006538391,0.6148648398607244,0.38312213509380666,KEEP,observation_noise,0.0013011840041300745
2019-06-29,24.28,15.48,8.53,0.4109755754470825,0.4059799909591675,0.787665843963623,8,0.6181410429071993,,0,1,interpolated,0.0,0.0,0.7100000000000009,44.42000000000001,18.33285714285714,0.3824835419654846,0.4027427434921264,0.6165029413839618,0.4108558588200753,KEEP,observation_noise,0.0013011840041300745
2019-06-30,23.88,7.33,7.81,0.4086752235889435,0.4088970124721527,0.7831875085830688,8,0.6197791444304367,,0,1,interpolated,0.0,0.0,-0.4000000000000021,51.73000000000001,15.64857142857143,0.4109755754470825,0.4059799909591675,0.6181410429071993,0.4084595011702738,KEEP,observation_noise,0.0013011840041300745
2019-07-01,23.11,8.27,9.34,0.4223156571388244,0.4135554432868957,0.8093472123146057,8,0.6214172459536742,,0,1,interpolated,0.0,0.0,-0.7699999999999996,59.97000000000001,12.94,0.4086752235889435,0.4088970124721527,0.6197791444304367,0.4213972222241127,KEEP,observation_noise,0.0013011840041300745
2019-07-02,22.71,5.13,8.97,0.4079318046569824,0.4128771424293518,0.7817966938018799,8,0.6230553474769117,,0,1,interpolated,0.0,0.0,-0.3999999999999986,65.10000000000001,10.27142857142857,0.4223156571388244,0.4135554432868957,0.6214172459536742,0.40833235320736516,KEEP,observation_noise,0.0013011840041300745
2019-07-03,22.63,5.33,5.15,0.4255997538566589,0.4187972545623779,0.8156510591506958,8,0.6246934490001491,,0,1,interpolated,0.0,0.0,-0.0800000000000018,60.120000000000005,9.998571428571427,0.4079318046569824,0.4128771424293518,0.6230553474769117,0.4267212588164411,KEEP,observation_noise,0.0013011840041300745
2019-07-04,23.3,0.19,22.68,0.3991661369800567,0.4139533638954162,0.764968991279602,8,0.6263315505233866,,0,1,interpolated,0.0,0.0,0.6700000000000017,49.92000000000001,10.929999999999998,0.4255997538566589,0.4187972545623779,0.6246934490001491,0.39920088358032907,KEEP,observation_noise,0.0013011840041300745
2019-07-05,23.67,0.02,14.8,0.3942593038082123,0.4095390737056732,0.7555655837059021,8,0.627969652046624,,0,1,interpolated,0.0,0.0,0.370000000000001,41.75000000000001,11.04,0.3991661369800567,0.4139533638954162,0.6263315505233866,0.39520555880461467,KEEP,observation_noise,0.0013011840041300745
2019-07-06,23.73,2.77,25.88,0.3896756470203399,0.406902402639389,0.74674391746521,8,0.6296077535698615,0.6296077535698615,1,0,observed,1.0,1.0,0.0599999999999987,29.040000000000006,13.518571428571429,0.3942593038082123,0.4095390737056732,0.627969652046624,0.3897148008300359,KEEP,observation_noise,0.0013011840041300745
2019-07-07,22.91,0.02,21.01,0.4012340307235718,0.4071954488754272,0.7689805030822754,8,0.6310204356197082,,0,1,interpolated,0.0,0.0,-0.8200000000000003,21.730000000000008,15.404285714285717,0.3896756470203399,0.406902402639389,0.6296077535698615,0.4047461290434294,KEEP,observation_noise,0.0013011840041300745
2019-07-08,23.02,3.68,18.12,0.4006311297416687,0.40913987159729,0.7678200602531433,8,0.6324331176695549,,0,1,interpolated,0.0,0.0,0.1099999999999994,17.140000000000008,16.65857142857143,0.4012340307235718,0.4071954488754272,0.6310204356197082,0.40152836887257287,KEEP,observation_noise,0.0013011840041300745
2019-07-09,23.33,6.24,14.82,0.4014212787151336,0.407435268163681,0.7693548202514648,8,0.6338457997194015,,0,1,interpolated,0.0,0.0,0.3099999999999987,18.250000000000007,17.494285714285716,0.4006311297416687,0.40913987159729,0.6324331176695549,0.4032605364986619,KEEP,observation_noise,0.0013011840041300745
2019-07-10,23.63,23.29,9.92,0.4183316230773926,0.4126378297805786,0.8016486167907715,8,0.6352584817692482,,0,1,interpolated,0.0,0.0,0.3000000000000007,36.21000000000001,18.175714285714285,0.4014212787151336,0.407435268163681,0.6338457997194015,0.41621551910908516,KEEP,observation_noise,0.0013011840041300745
2019-07-11,24.56,4.74,15.04,0.4016411900520324,0.4119004607200622,0.7696911692619324,8,0.6366711638190948,,0,1,interpolated,0.0,0.0,0.9299999999999996,40.760000000000005,17.084285714285716,0.4183316230773926,0.4126378297805786,0.6352584817692482,0.4008182188038829,KEEP,observation_noise,0.0013011840041300745
2019-07-12,23.16,0.38,21.16,0.4079583585262298,0.4103812873363495,0.7818275094032288,8,0.6380838458689415,,0,1,interpolated,0.0,0.0,-1.3999999999999986,41.120000000000005,17.99285714285714,0.4016411900520324,0.4119004607200622,0.6366711638190948,0.4077589908386541,KEEP,observation_noise,0.0013011840041300745
2019-07-13,22.08,41.65,4.34,0.4429772794246673,0.4329174757003784,0.848950207233429,8,0.6394965279187882,,0,1,interpolated,0.0,0.0,-1.0800000000000018,80.0,14.915714285714284,0.4079583585262298,0.4103812873363495,0.6380838458689415,0.4419349209844061,KEEP,observation_noise,0.0013011840041300745
2019-07-14,22.83,1.33,10.77,0.4151986241340637,0.426421195268631,0.7957358956336975,8,0.6409092099686348,,0,1,interpolated,0.0,0.0,0.75,81.31000000000002,13.45285714285714,0.4429772794246673,0.4329174757003784,0.6394965279187882,0.4124155679815162,KEEP,observation_noise,0.0013011840041300745
2019-07-15,23.34,0.11,24.88,0.4021979570388794,0.4191679656505584,0.7708489894866943,8,0.6423218920184814,,0,1,interpolated,0.0,0.0,0.5100000000000016,77.74000000000001,14.418571428571427,0.4151986241340637,0.426421195268631,0.6409092099686348,0.4017438771642375,KEEP,observation_noise,0.0013011840041300745
2019-07-16,24.03,0.12,24.13,0.3945076167583465,0.4151052236557007,0.7560185194015503,8,0.6437345740683281,0.6437345740683281,1,0,observed,0.9729973900823128,1.0,0.6900000000000013,71.62,15.748571428571427,0.4021979570388794,0.4191679656505584,0.6423218920184814,0.39662051358766454,KEEP,observation_noise,0.0013011840041300745
2019-07-17,25.54,7.88,15.28,0.4146585464477539,0.4174217879772186,0.7946361303329468,8,0.6363023911428174,,0,1,interpolated,0.0,0.0,1.509999999999998,56.21,16.514285714285712,0.3945076167583465,0.4151052236557007,0.6437345740683281,0.415264995086664,KEEP,observation_noise,0.0013011840041300745
2019-07-18,25.08,82.43,5.57,0.4716935753822326,0.4492220878601074,0.90394389629364,8,0.6288702082173067,,0,1,interpolated,0.0,0.0,-0.4600000000000008,133.9,15.161428571428573,0.4146585464477539,0.4174217879772186,0.6363023911428174,0.4724062476214327,KEEP,observation_noise,0.0013011840041300745
2019-07-19,25.14,33.01,5.78,0.4879495799541473,0.4811987280845642,0.935121476650238,8,0.6214380252917958,,0,1,interpolated,0.0,0.0,0.0600000000000022,166.53,12.964285714285714,0.4716935753822326,0.4492220878601074,0.6288702082173067,0.4892895696229005,KEEP,observation_noise,0.0013011840041300745
2019-07-20,26.4,80.87,3.74,0.4798677563667297,0.4864714741706848,0.9195979833602904,8,0.6140058423662851,,0,1,interpolated,0.0,0.0,1.259999999999998,205.75,12.87857142857143,0.4879495799541473,0.4811987280845642,0.6214380252917958,0.47961864999588344,KEEP,observation_noise,0.0013011840041300745
2019-07-21,26.09,35.56,11.19,0.4716949462890625,0.4859875440597534,0.9039537906646729,8,0.6065736594407743,,0,1,interpolated,0.0,0.0,-0.3099999999999987,239.98,12.938571428571429,0.4798677563667297,0.4864714741706848,0.6140058423662851,0.4732249623039725,KEEP,observation_noise,0.0013011840041300745
2019-07-22,25.86,21.93,13.85,0.4592416882514953,0.4755281209945678,0.8801285028457642,8,0.5991414765152636,,0,1,interpolated,0.0,0.0,-0.2300000000000004,261.8,11.36285714285714,0.4716949462890625,0.4859875440597534,0.6065736594407743,0.45939219420542077,KEEP,observation_noise,0.0013011840041300745
2019-07-23,25.95,5.93,17.17,0.4512813091278076,0.4700996279716491,0.864862322807312,8,0.5917092935897529,,0,1,interpolated,0.0,0.0,0.0899999999999998,267.61,10.368571428571428,0.4592416882514953,0.4755281209945678,0.5991414765152636,0.4521869512916492,KEEP,observation_noise,0.0013011840041300745
2019-07-24,26.56,0.69,19.1,0.4480508267879486,0.4669145941734314,0.8587040305137634,8,0.584277110664242,,0,1,interpolated,0.0,0.0,0.6099999999999994,260.42,10.914285714285716,0.4512813091278076,0.4700996279716491,0.5917092935897529,0.44677662860110523,KEEP,observation_noise,0.0013011840041300745
2019-07-25,27.14,0.17,20.47,0.4407116770744324,0.4634290635585785,0.8445945382118225,8,0.5768449277387313,,0,1,interpolated,0.0,0.0,0.5800000000000018,178.16,13.042857142857144,0.4480508267879486,0.4669145941734314,0.584277110664242,0.4408189482361944,KEEP,observation_noise,0.0013011840041300745
2019-07-26,27.65,0.75,23.99,0.4344512820243835,0.4595412611961365,0.832617461681366,8,0.5694127448132206,0.5694127448132206,1,0,observed,0.9974904637622964,1.0,0.509999999999998,145.9,15.644285714285717,0.4407116770744324,0.4634290635585785,0.5768449277387313,0.43499489377500966,KEEP,observation_noise,0.0013011840041300745
2019-07-27,27.86,1.59,18.21,0.4329115748405456,0.456504762172699,0.8296629190444946,8,0.5812425725142655,,0,1,interpolated,0.0,0.0,0.2100000000000008,66.62,17.71142857142857,0.4344512820243835,0.4595412611961365,0.5694127448132206,0.4319673032985593,KEEP,observation_noise,0.0013011840041300745
2019-07-28,28.41,1.26,24.0,0.4293391108512878,0.4534813463687897,0.8228039741516113,8,0.5930724002153104,,0,1,interpolated,0.0,0.0,0.5500000000000007,32.32,19.54142857142857,0.4329115748405456,0.456504762172699,0.5812425725142655,0.4279614596197225,KEEP,observation_noise,0.0013011840041300745
2019-07-29,28.1,1.88,12.05,0.4364742040634155,0.4524661898612976,0.8365235328674316,8,0.6049022279163554,,0,1,interpolated,0.0,0.0,-0.3099999999999987,12.27,19.28428571428572,0.4293391108512878,0.4534813463687897,0.5930724002153104,0.4343827106796535,KEEP,observation_noise,0.0013011840041300745
2019-07-30,28.18,0.33,21.73,0.427323967218399,0.4496882855892181,0.8189226388931274,8,0.6167320556174003,,0,1,interpolated,0.0,0.0,0.0799999999999983,6.67,19.935714285714287,0.4364742040634155,0.4524661898612976,0.6049022279163554,0.4278789868113628,KEEP,observation_noise,0.0013011840041300745
2019-07-31,28.59,0.03,24.84,0.4219482839107513,0.4461726546287536,0.8086427450180054,8,0.6285618833184452,0.6285618833184452,1,0,observed,1.0,1.0,0.4100000000000001,6.010000000000001,20.755714285714287,0.427323967218399,0.4496882855892181,0.6167320556174003,0.42225910166366454,KEEP,observation_noise,0.0013011840041300745
2019-08-01,28.37,0.04,24.46,0.4185157418251037,0.4429439604282379,0.8020795583724976,8,0.6145154347368618,,0,1,interpolated,0.0,0.0,-0.2199999999999988,5.88,21.325714285714287,0.4219482839107513,0.4461726546287536,0.6285618833184452,0.4197034564786145,KEEP,observation_noise,0.0013011840041300745
2019-08-02,29.2,0.05,25.25,0.4150415062904358,0.4397477507591247,0.7953552007675171,8,0.6004689861552783,,0,1,interpolated,0.0,0.0,0.8299999999999983,5.18,21.505714285714284,0.4185157418251037,0.4429439604282379,0.6145154347368618,0.4157897546115196,KEEP,observation_noise,0.0013011840041300745
2019-08-03,29.28,0.3,25.47,0.412477046251297,0.4368605017662048,0.7904873490333557,8,0.5864225375736949,,0,1,interpolated,0.0,0.0,0.0800000000000018,3.89,22.54285714285714,0.4150415062904358,0.4397477507591247,0.6004689861552783,0.41502824550718537,KEEP,observation_noise,0.0013011840041300745
2019-08-04,28.65,0.08,26.02,0.4085331261157989,0.43374764919281,0.7829605340957642,8,0.5723760889921115,,0,1,interpolated,0.0,0.0,-0.6300000000000026,2.71,22.83142857142857,0.412477046251297,0.4368605017662048,0.5864225375736949,0.408958935916077,KEEP,observation_noise,0.0013011840041300745
2019-08-05,28.55,0.28,22.69,0.4174469709396362,0.4321260452270508,0.7999939918518066,8,0.558329640410528,,0,1,interpolated,0.0,0.0,-0.0999999999999978,1.11,24.35142857142857,0.4085331261157989,0.43374764919281,0.5723760889921115,0.41858115726063316,KEEP,observation_noise,0.0013011840041300745
2019-08-06,27.39,62.08,4.56,0.4612957239151001,0.4589652121067047,0.8841057419776917,8,0.5442831918289446,,0,1,interpolated,0.0,0.0,-1.16,62.86,21.898571428571422,0.4174469709396362,0.4321260452270508,0.558329640410528,0.4617754597583216,KEEP,observation_noise,0.0013011840041300745
2019-08-07,27.84,3.11,21.57,0.4492779076099396,0.4536488950252533,0.8609822988510132,8,0.5302367432473611,,0,1,interpolated,0.0,0.0,0.4499999999999993,65.94,21.43142857142857,0.4612957239151001,0.4589652121067047,0.5442831918289446,0.44947776257528194,KEEP,observation_noise,0.0013011840041300745
2019-08-08,28.18,0.68,23.52,0.4303732514381408,0.4480601847171783,0.8247624635696411,8,0.5161902946657777,,0,1,interpolated,0.0,0.0,0.3399999999999998,66.58000000000001,21.29714285714286,0.4492779076099396,0.4536488950252533,0.5302367432473611,0.4297914261703149,KEEP,observation_noise,0.0013011840041300745
2019-08-09,27.91,0.04,17.84,0.4251889586448669,0.4430757164955139,0.8148746490478516,8,0.5021438460841943,,0,1,interpolated,0.0,0.0,-0.2699999999999996,66.57,20.23857142857143,0.4303732514381408,0.4480601847171783,0.5161902946657777,0.4260286642019361,KEEP,observation_noise,0.0013011840041300745
2019-08-10,27.94,0.01,22.52,0.421599417924881,0.4397040605545044,0.8079434633255005,8,0.4880973975026108,,0,1,interpolated,0.0,0.0,0.0300000000000011,66.28,19.81714285714286,0.4251889586448669,0.4430757164955139,0.5021438460841943,0.4217092164019294,KEEP,observation_noise,0.0013011840041300745
2019-08-11,28.13,0.06,23.69,0.4168596565723419,0.4362958073616028,0.7988997101783752,8,0.4740509489210274,,0,1,interpolated,0.0,0.0,0.1899999999999977,66.26,19.48428571428571,0.421599417924881,0.4397040605545044,0.4880973975026108,0.41553373829885765,KEEP,observation_noise,0.0013011840041300745
2019-08-12,28.98,0.31,23.88,0.4105691015720367,0.432952880859375,0.7868424654006958,8,0.460004500339444,,0,1,interpolated,0.0,0.0,0.8500000000000014,66.28999999999999,19.654285714285717,0.4168596565723419,0.4362958073616028,0.4740509489210274,0.410807205031344,KEEP,observation_noise,0.0013011840041300745
2019-08-13,28.96,0.22,23.31,0.4078192710876465,0.42995685338974,0.7815274596214294,8,0.4459580517578606,,0,1,interpolated,0.0,0.0,-0.0199999999999995,4.43,22.33285714285714,0.4105691015720367,0.432952880859375,0.460004500339444,0.4064383174724463,KEEP,observation_noise,0.0013011840041300745
2019-08-14,28.55,10.42,14.59,0.4387778639793396,0.4370838403701782,0.840901255607605,8,0.4319116031762771,,0,1,interpolated,0.0,0.0,-0.4100000000000001,11.74,21.335714285714285,0.4078192710876465,0.42995685338974,0.4459580517578606,0.4390407051067643,KEEP,observation_noise,0.0013011840041300745
2019-08-15,27.25,51.11,5.01,0.4624512195587158,0.4588216543197632,0.8862059712409973,8,0.4178651545946937,,0,1,interpolated,0.0,0.0,-1.3000000000000007,62.17,18.69142857142857,0.4387778639793396,0.4370838403701782,0.4319116031762771,0.4638927618962386,KEEP,observation_noise,0.0013011840041300745
2019-08-16,27.45,2.86,16.66,0.435280829668045,0.4515804946422577,0.8341748714447021,8,0.4038187060131102,,0,1,interpolated,0.0,0.0,0.1999999999999993,64.99000000000001,18.52285714285714,0.4624512195587158,0.4588216543197632,0.4178651545946937,0.43623770141888074,KEEP,observation_noise,0.0013011840041300745
2019-08-17,27.24,0.3,23.48,0.426924854516983,0.4444591403007507,0.8181215524673462,8,0.3897722574315268,,0,1,interpolated,0.0,0.0,-0.2100000000000008,65.28,18.66,0.435280829668045,0.4515804946422577,0.4038187060131102,0.42519141186760223,KEEP,observation_noise,0.0013011840041300745
2019-08-18,27.18,0.0,10.94,0.4275571703910827,0.4419251382350921,0.8194059133529663,8,0.3757258088499434,,0,1,interpolated,0.0,0.0,-0.0599999999999987,65.22,16.838571428571427,0.426924854516983,0.4444591403007507,0.3897722574315268,0.4256528253837375,KEEP,observation_noise,0.0013011840041300745
2019-08-19,26.69,18.54,10.78,0.4549141228199005,0.4488024115562439,0.8717926144599915,8,0.3616793602683599,,0,1,interpolated,0.0,0.0,-0.4899999999999984,83.45,14.967142857142855,0.4275571703910827,0.4419251382350921,0.3757258088499434,0.45176929749542927,KEEP,observation_noise,0.0013011840041300745
2019-08-20,26.94,63.86,10.85,0.4708148539066314,0.4746863842010498,0.9022642970085144,8,0.3476329116867765,,0,1,interpolated,0.0,0.0,0.25,147.09,13.187142857142858,0.4549141228199005,0.4488024115562439,0.3616793602683599,0.47034467658589424,KEEP,observation_noise,0.0013011840041300745
2019-08-21,27.92,6.96,19.84,0.446135014295578,0.4647459685802459,0.8550043702125549,8,0.3335864631051931,,0,1,interpolated,0.0,0.0,0.9800000000000004,143.63,13.937142857142858,0.4708148539066314,0.4746863842010498,0.3476329116867765,0.44610068878509446,KEEP,observation_noise,0.0013011840041300745
2019-08-22,27.89,2.72,16.55,0.4447707235813141,0.4588384926319122,0.852368950843811,8,0.3195400145236097,,0,1,interpolated,0.0,0.0,-0.0300000000000011,95.24,15.585714285714287,0.446135014295578,0.4647459685802459,0.3335864631051931,0.4423868906273275,KEEP,observation_noise,0.0013011840041300745
2019-08-23,27.62,11.2,15.03,0.4450992345809936,0.4567618668079376,0.853022575378418,8,0.3054935659420262,,0,1,interpolated,0.0,0.0,-0.2699999999999996,103.57999999999998,15.352857142857143,0.4447707235813141,0.4588384926319122,0.3195400145236097,0.44426288022662525,KEEP,observation_noise,0.0013011840041300745
2019-08-24,26.37,3.45,6.09,0.4426199495792389,0.4547422230243683,0.8482715487480164,8,0.2914471173604428,,0,1,interpolated,0.0,0.0,-1.25,106.73,12.868571428571428,0.4450992345809936,0.4567618668079376,0.3054935659420262,0.44031392883963955,KEEP,observation_noise,0.0013011840041300745
2019-08-25,25.25,3.72,8.5,0.4391549229621887,0.4531650841236114,0.8416558504104614,8,0.2774006687788594,,0,1,interpolated,0.0,0.0,-1.120000000000001,110.45,12.52,0.4426199495792389,0.4547422230243683,0.2914471173604428,0.43830587020589684,KEEP,observation_noise,0.0013011840041300745
2019-08-26,25.49,6.05,9.17,0.4523435533046722,0.4554260075092315,0.8669046759605408,8,0.2633542201972759,,0,1,interpolated,0.0,0.0,0.2399999999999984,97.96,12.29,0.4391549229621887,0.4531650841236114,0.2774006687788594,0.45384338372894084,KEEP,observation_noise,0.0013011840041300745
2019-08-27,25.97,98.49,3.08,0.4867201149463653,0.484782874584198,0.9327387809753418,8,0.2493077716156925,,0,1,interpolated,0.0,0.0,0.4800000000000004,132.58999999999995,11.179999999999998,0.4523435533046722,0.4554260075092315,0.2633542201972759,0.4868979476168186,KEEP,observation_noise,0.0013011840041300745
2019-08-28,26.72,83.4,4.01,0.4946539998054504,0.5014392137527466,0.9479607343673706,8,0.235261323034109,,0,1,interpolated,0.0,0.0,0.75,209.03,8.918571428571429,0.4867201149463653,0.484782874584198,0.2493077716156925,0.496737754999846,KEEP,observation_noise,0.0013011840041300745
2019-08-29,25.83,81.6,10.44,0.4857382774353027,0.5061835050582886,0.9308907389640808,8,0.2212148744525256,,0,1,interpolated,0.0,0.0,-0.8900000000000006,287.91,8.045714285714284,0.4946539998054504,0.5014392137527466,0.235261323034109,0.4866283910735231,KEEP,observation_noise,0.0013011840041300745
2019-08-30,24.61,39.31,13.26,0.4762642979621887,0.4970982372760772,0.9126784801483154,8,0.2071684258709421,0.2071684258709421,1,0,observed,1.0,1.0,-1.2199999999999989,316.02,7.792857142857143,0.4857382774353027,0.5061835050582886,0.2212148744525256,0.47566724037104013,KEEP,observation_noise,0.0013011840041300745
2019-08-31,25.69,0.27,15.07,0.4711362421512604,0.4914630651473999,0.902866542339325,8,0.2013154991679361,,0,1,interpolated,0.0,0.0,1.0800000000000018,312.84,9.075714285714286,0.4762642979621887,0.4970982372760772,0.2071684258709421,0.47317886432821843,KEEP,observation_noise,0.0013011840041300745
2019-09-01,24.31,10.22,8.82,0.4854465126991272,0.4977982342243194,0.9303475618362428,8,0.19546257246493,,0,1,interpolated,0.0,0.0,-1.3800000000000026,319.34,9.12142857142857,0.4711362421512604,0.4914630651473999,0.2013154991679361,0.4865963759825391,KEEP,observation_noise,0.0013011840041300745
2019-09-02,26.02,11.3,7.75,0.4806098043918609,0.4970548748970032,0.9210726618766784,8,0.1896096457619239,,0,1,interpolated,0.0,0.0,1.7100000000000009,324.59,8.918571428571427,0.4854465126991272,0.4977982342243194,0.19546257246493,0.4783622277147907,KEEP,observation_noise,0.0013011840041300745
2019-09-03,26.84,6.48,18.65,0.4788614809513092,0.4959906935691833,0.9176847338676452,8,0.1837567190589178,,0,1,interpolated,0.0,0.0,0.8200000000000003,232.58,11.142857142857142,0.4806098043918609,0.4970548748970032,0.1896096457619239,0.4784021343916914,KEEP,observation_noise,0.0013011840041300745
2019-09-04,27.04,3.97,14.82,0.4736563861370086,0.4938697814941406,0.9077150821685792,8,0.1779037923559118,,0,1,interpolated,0.0,0.0,0.1999999999999993,153.15,12.687142857142858,0.4788614809513092,0.4959906935691833,0.1837567190589178,0.4726862709059132,KEEP,observation_noise,0.0013011840041300745
2019-09-05,26.99,2.03,18.13,0.4686945378780365,0.4899644553661346,0.8982225060462952,8,0.1720508656529057,,0,1,interpolated,0.0,0.0,-0.0500000000000007,73.58,13.785714285714286,0.4736563861370086,0.4938697814941406,0.1779037923559118,0.4684075030213581,KEEP,observation_noise,0.0013011840041300745
2019-09-06,27.49,2.38,17.93,0.467260330915451,0.4862120747566223,0.8954383730888367,8,0.1661979389498996,,0,1,interpolated,0.0,0.0,0.5,36.65,14.452857142857145,0.4686945378780365,0.4899644553661346,0.1720508656529057,0.4676682930946413,KEEP,observation_noise,0.0013011840041300745
2019-09-07,27.97,8.87,11.03,0.4646632373332977,0.4833268523216247,0.8904508948326111,8,0.1603450122468936,,0,1,interpolated,0.0,0.0,0.4800000000000004,45.25,13.875714285714285,0.467260330915451,0.4862120747566223,0.1661979389498996,0.4661251403479187,KEEP,observation_noise,0.0013011840041300745
2019-09-08,28.36,6.73,19.55,0.4566239416599273,0.4798674583435058,0.8750707507133484,8,0.1544920855438875,,0,1,interpolated,0.0,0.0,0.3900000000000005,41.76,15.40857142857143,0.4646632373332977,0.4833268523216247,0.1603450122468936,0.45696818534558664,KEEP,observation_noise,0.0013011840041300745
2019-09-09,28.82,0.48,20.41,0.4528495073318481,0.4762377738952636,0.8677690029144287,8,0.1486391588408814,0.1486391588408814,1,0,observed,1.0,1.0,0.4600000000000008,30.94,17.217142857142857,0.4566239416599273,0.4798674583435058,0.1544920855438875,0.452465637736012,KEEP,observation_noise,0.0013011840041300745
2019-09-10,28.34,0.08,17.95,0.4494962394237518,0.472915381193161,0.8614596128463745,8,0.1526538291891798,,0,1,interpolated,0.0,0.0,-0.4800000000000004,24.54,17.117142857142856,0.4528495073318481,0.4762377738952636,0.1486391588408814,0.4506606667587252,KEEP,observation_noise,0.0013011840041300745
2019-09-11,27.91,0.77,18.82,0.4465698897838592,0.4695827960968017,0.8559045195579529,8,0.1566684995374781,,0,1,interpolated,0.0,0.0,-0.4299999999999997,21.34,17.68857142857143,0.4494962394237518,0.472915381193161,0.1526538291891798,0.4461881176294948,KEEP,observation_noise,0.0013011840041300745
2019-09-12,26.01,0.46,17.16,0.4459351003170013,0.4666794538497925,0.8546234369277954,8,0.1606831698857764,,0,1,interpolated,0.0,0.0,-1.8999999999999984,19.77,17.55,0.4465698897838592,0.4695827960968017,0.1566684995374781,0.4467585768110892,KEEP,observation_noise,0.0013011840041300745
2019-09-13,25.71,0.14,19.4,0.4430275559425354,0.4633503556251526,0.8490609526634216,8,0.1646978402340747,,0,1,interpolated,0.0,0.0,-0.3000000000000007,17.529999999999998,17.759999999999998,0.4459351003170013,0.4666794538497925,0.1606831698857764,0.44275836995390583,KEEP,observation_noise,0.0013011840041300745
2019-09-14,26.84,0.13,21.14,0.438834011554718,0.4603428244590759,0.841038167476654,8,0.168712510582373,0.168712510582373,1,0,observed,1.0,1.0,1.129999999999999,8.790000000000001,19.204285714285717,0.4430275559425354,0.4633503556251526,0.1646978402340747,0.44047892430649105,KEEP,observation_noise,0.0013011840041300745
2019-09-15,26.3,0.09,20.73,0.4373699724674225,0.4575183391571045,0.838223934173584,8,0.1699348492377009,,0,1,interpolated,0.0,0.0,-0.5399999999999991,2.15,19.372857142857143,0.438834011554718,0.4603428244590759,0.168712510582373,0.43748127587401975,KEEP,observation_noise,0.0013011840041300745
2019-09-16,24.91,0.05,19.43,0.434552937746048,0.4544520080089569,0.832770586013794,8,0.1711571878930288,,0,1,interpolated,0.0,0.0,-1.3900000000000006,1.72,19.232857142857146,0.4373699724674225,0.4575183391571045,0.1699348492377009,0.4338346968447876,KEEP,observation_noise,0.0013011840041300745
2019-09-17,24.91,0.22,19.25,0.4331686496734619,0.451370894908905,0.8301611542701721,8,0.1723795265483567,,0,1,interpolated,0.0,0.0,0.0,1.86,19.41857142857143,0.434552937746048,0.4544520080089569,0.1711571878930288,0.43152496105179766,KEEP,observation_noise,0.0013011840041300745
2019-09-18,24.36,0.0,20.81,0.4299315810203552,0.4481920897960663,0.8239221572875977,8,0.1736018652036846,,0,1,interpolated,0.0,0.0,-0.5500000000000007,1.09,19.702857142857145,0.4331686496734619,0.451370894908905,0.1723795265483567,0.430096527301069,KEEP,observation_noise,0.0013011840041300745
2019-09-19,22.92,0.01,22.65,0.4259650111198425,0.445148229598999,0.816338062286377,8,0.1748242038590124,0.1748242038590124,1,0,observed,1.0,1.0,-1.4399999999999975,0.6399999999999999,20.487142857142857,0.4299315810203552,0.4481920897960663,0.1736018652036846,0.4253254081547316,KEEP,observation_noise,0.0013011840041300745
2019-09-20,21.3,12.29,7.8,0.4464041292667389,0.4496407508850097,0.855511486530304,8,0.1734381961757642,,0,1,interpolated,0.0,0.0,-1.620000000000001,12.79,18.83,0.4259650111198425,0.445148229598999,0.1748242038590124,0.4481705959620842,KEEP,observation_noise,0.0013011840041300745
2019-09-21,21.88,8.32,9.24,0.4497045278549194,0.4525488615036011,0.8618636727333069,8,0.172052188492516,,0,1,interpolated,0.0,0.0,0.5799999999999983,20.98,17.13,0.4464041292667389,0.4496407508850097,0.1734381961757642,0.4505255660153676,KEEP,observation_noise,0.0013011840041300745
2019-09-22,25.51,44.63,3.41,0.4680734872817993,0.4711276292800903,0.8969995379447937,8,0.1706661808092678,,0,1,interpolated,0.0,0.0,3.6300000000000026,65.52,14.655714285714286,0.4497045278549194,0.4525488615036011,0.172052188492516,0.46841546524537286,KEEP,observation_noise,0.0013011840041300745
2019-09-23,22.26,4.14,9.38,0.4482604265213012,0.4645701348781585,0.8590967059135437,8,0.1692801731260196,,0,1,interpolated,0.0,0.0,-3.25,69.61,13.22,0.4680734872817993,0.4711276292800903,0.1706661808092678,0.44785632946748344,KEEP,observation_noise,0.0013011840041300745
2019-09-24,21.93,0.2,18.74,0.4386299848556518,0.4586774110794067,0.8406133651733398,8,0.1678941654427714,,0,1,interpolated,0.0,0.0,-0.3300000000000018,69.59,13.147142857142857,0.4482604265213012,0.4645701348781585,0.1692801731260196,0.43942425223527704,KEEP,observation_noise,0.0013011840041300745
2019-09-25,21.96,0.0,19.84,0.4344543516635895,0.4552555084228515,0.8326216340065002,8,0.1665081577595232,,0,1,interpolated,0.0,0.0,0.0300000000000011,69.59,13.008571428571427,0.4386299848556518,0.4586774110794067,0.1678941654427714,0.433179365878093,KEEP,observation_noise,0.0013011840041300745
2019-09-26,23.68,0.03,8.4,0.4333532750606537,0.4530563056468963,0.8305166959762573,8,0.165122150076275,,0,1,interpolated,0.0,0.0,1.7199999999999989,69.61,10.97285714285714,0.4344543516635895,0.4552555084228515,0.1665081577595232,0.43073898584007414,KEEP,observation_noise,0.0013011840041300745
2019-09-27,24.42,8.14,14.24,0.4421495199203491,0.4529483318328857,0.8473711609840393,8,0.1637361423930269,,0,1,interpolated,0.0,0.0,0.740000000000002,65.46000000000001,11.892857142857142,0.4333532750606537,0.4530563056468963,0.165122150076275,0.4405162077707493,KEEP,observation_noise,0.0013011840041300745
2019-09-28,25.05,5.42,15.67,0.4359594881534576,0.451507031917572,0.8355081677436829,8,0.1623501347097787,,0,1,interpolated,0.0,0.0,0.629999999999999,62.56,12.811428571428571,0.4421495199203491,0.4529483318328857,0.1637361423930269,0.43606587171513095,KEEP,observation_noise,0.0013011840041300745
2019-09-29,24.74,16.71,6.51,0.4398692846298218,0.4507532119750976,0.8430059552192688,8,0.1609641270265304,,0,1,interpolated,0.0,0.0,-0.3100000000000023,34.64,13.254285714285714,0.4359594881534576,0.451507031917572,0.1623501347097787,0.4426310188843895,KEEP,observation_noise,0.0013011840041300745
2019-09-30,24.71,3.45,8.05,0.4408130943775177,0.4508849382400512,0.8447491526603699,8,0.1595781193432822,,0,1,interpolated,0.0,0.0,-0.0299999999999975,33.95,13.064285714285711,0.4398692846298218,0.4507532119750976,0.1609641270265304,0.44222218676697644,KEEP,observation_noise,0.0013011840041300745
2019-10-01,24.37,1.29,8.2,0.4395045638084411,0.4501963853836059,0.8422993421554565,8,0.158192111660034,,0,1,interpolated,0.0,0.0,-0.3399999999999998,35.040000000000006,11.558571428571428,0.4408130943775177,0.4508849382400512,0.1595781193432822,0.43970757970976565,KEEP,observation_noise,0.0013011840041300745
2019-10-02,24.75,6.59,9.53,0.4419592022895813,0.4519714713096618,0.846977174282074,8,0.1568061039767859,,0,1,interpolated,0.0,0.0,0.379999999999999,41.63,10.085714285714284,0.4395045638084411,0.4501963853836059,0.158192111660034,0.4415778388940518,KEEP,observation_noise,0.0013011840041300745
2019-10-03,24.8,2.34,8.89,0.4333515167236328,0.4488006830215454,0.8305216431617737,8,0.1554200962935377,,0,1,interpolated,0.0,0.0,0.0500000000000007,43.940000000000005,10.155714285714286,0.4419592022895813,0.4519714713096618,0.1568061039767859,0.4329791107826065,KEEP,observation_noise,0.0013011840041300745
2019-10-04,23.59,0.91,18.62,0.4278229475021362,0.4459526538848877,0.8199006915092468,8,0.1540340886102895,0.1540340886102895,1,0,observed,1.0,1.0,-1.2100000000000009,36.71,10.781428571428572,0.4333515167236328,0.4488006830215454,0.1554200962935377,0.4277681353268994,KEEP,observation_noise,0.0013011840041300745
2019-10-05,23.28,0.94,18.54,0.4235485196113586,0.4435177743434906,0.8117539286613464,8,0.148180799123694,,0,1,interpolated,0.0,0.0,-0.3099999999999987,32.230000000000004,11.191428571428572,0.4278229475021362,0.4459526538848877,0.1540340886102895,0.42328119311074,KEEP,observation_noise,0.0013011840041300745
2019-10-06,21.58,0.24,12.93,0.4245250821113586,0.4417391717433929,0.8135600686073303,8,0.1423275096370986,,0,1,interpolated,0.0,0.0,-1.7000000000000028,15.76,12.108571428571429,0.4235485196113586,0.4435177743434906,0.148180799123694,0.4263382340963618,KEEP,observation_noise,0.0013011840041300745
2019-10-07,22.54,0.98,11.0,0.4227085709571838,0.4402017891407013,0.8100281953811646,8,0.1364742201505032,,0,1,interpolated,0.0,0.0,0.9600000000000009,13.29,12.53,0.4245250821113586,0.4417391717433929,0.1423275096370986,0.4205401233883933,KEEP,observation_noise,0.0013011840041300745
2019-10-08,21.31,1.45,9.95,0.4209515750408172,0.43875852227211,0.8067191243171692,8,0.1306209306639077,,0,1,interpolated,0.0,0.0,-1.2300000000000004,13.45,12.78,0.4227085709571838,0.4402017891407013,0.1364742201505032,0.42240226315554685,KEEP,observation_noise,0.0013011840041300745
2019-10-09,20.76,0.0,19.0,0.4174090623855591,0.4368155002593994,0.7999110221862793,8,0.1247676411773123,0.1247676411773123,1,0,observed,1.0,2.0,-0.5499999999999972,6.859999999999999,14.132857142857144,0.4209515750408172,0.43875852227211,0.1306209306639077,0.41689398851923665,KEEP,observation_noise,0.0013011840041300745
2019-10-10,21.07,0.0,19.48,0.4136620759963989,0.4348028302192688,0.7927629947662354,8,0.1434139548687475,,0,1,interpolated,0.0,0.0,0.3099999999999987,4.52,15.645714285714286,0.4174090623855591,0.4368155002593994,0.1247676411773123,0.4120985156594869,KEEP,observation_noise,0.0013011840041300745
2019-10-11,22.12,0.07,15.71,0.4176522195339203,0.4333678185939789,0.8003931641578674,8,0.1620602685601826,,0,1,interpolated,0.0,0.0,1.0500000000000007,3.68,15.230000000000002,0.4136620759963989,0.4348028302192688,0.1434139548687475,0.4168253283129668,KEEP,observation_noise,0.0013011840041300745
2019-10-12,21.16,0.62,7.93,0.4197719693183899,0.4318956434726715,0.8045173287391663,8,0.1807065822516178,,0,1,interpolated,0.0,0.0,-0.9600000000000009,3.36,13.714285714285714,0.4176522195339203,0.4333678185939789,0.1620602685601826,0.419595497013161,KEEP,observation_noise,0.0013011840041300745
2019-10-13,19.53,0.0,16.94,0.4144772887229919,0.4293801188468933,0.7943069934844971,8,0.1993528959430529,,0,1,interpolated,0.0,0.0,-1.629999999999999,3.12,14.287142857142856,0.4197719693183899,0.4318956434726715,0.1807065822516178,0.4162145483765484,KEEP,observation_noise,0.0013011840041300745
2019-10-14,19.66,0.0,17.67,0.4124010801315307,0.4276615381240845,0.7903174161911011,8,0.2179992096344881,0.2179992096344881,1,0,observed,1.0,1.0,0.129999999999999,2.14,15.239999999999998,0.4144772887229919,0.4293801188468933,0.1993528959430529,0.4114869300304069,KEEP,observation_noise,0.0013011840041300745
2019-10-15,18.41,0.37,12.93,0.4098297357559204,0.4261606633663177,0.7854632139205933,8,0.2331042745320139,,0,1,interpolated,0.0,0.0,-1.25,1.06,15.665714285714287,0.4124010801315307,0.4276615381240845,0.2179992096344881,0.41178349710109097,KEEP,observation_noise,0.0013011840041300745
2019-10-16,17.6,0.0,19.01,0.4072951674461365,0.4245591759681701,0.780583381652832,8,0.2482093394295397,,0,1,interpolated,0.0,0.0,-0.8099999999999987,1.06,15.66714285714286,0.4098297357559204,0.4261606633663177,0.2331042745320139,0.4065120828887764,KEEP,observation_noise,0.0013011840041300745
2019-10-17,18.35,2.59,5.06,0.4332276284694671,0.4309341311454773,0.8302974700927734,8,0.2633144043270655,,0,1,interpolated,0.0,0.0,0.75,3.65,13.607142857142858,0.4072951674461365,0.4245591759681701,0.2482093394295397,0.43510705954040435,KEEP,observation_noise,0.0013011840041300745
2019-10-18,19.39,45.19,3.57,0.4557946920394897,0.4516474604606628,0.8734885454177856,8,0.2784194692245914,,0,1,interpolated,0.0,0.0,1.0399999999999991,48.77,11.872857142857145,0.4332276284694671,0.4309341311454773,0.2633144043270655,0.4554112836405728,KEEP,observation_noise,0.0013011840041300745
2019-10-19,20.6,4.82,10.51,0.434596985578537,0.4473203718662262,0.832844614982605,8,0.2935245341221171,,0,1,interpolated,0.0,0.0,1.2100000000000009,52.97,12.241428571428573,0.4557946920394897,0.4516474604606628,0.2784194692245914,0.4375675714341103,KEEP,observation_noise,0.0013011840041300745
2019-10-20,20.02,0.04,12.46,0.42871955037117,0.4414435029029846,0.8216248750686646,8,0.308629599019643,,0,1,interpolated,0.0,0.0,-0.5800000000000018,53.01,11.601428571428572,0.434596985578537,0.4473203718662262,0.2935245341221171,0.42978951007066046,KEEP,observation_noise,0.0013011840041300745
2019-10-21,19.79,0.11,13.76,0.4253133237361908,0.4392122030258178,0.8150415420532227,8,0.3237346639171687,,0,1,interpolated,0.0,0.0,-0.2300000000000004,53.12,11.042857142857144,0.42871955037117,0.4414435029029846,0.308629599019643,0.42500103837682635,KEEP,observation_noise,0.0013011840041300745
2019-10-22,20.4,0.38,16.44,0.4201836287975311,0.4368844926357269,0.8052801489830017,8,0.3388397288146946,,0,1,interpolated,0.0,0.0,0.6099999999999994,53.13,11.544285714285715,0.4253133237361908,0.4392122030258178,0.3237346639171687,0.4224620001804898,KEEP,observation_noise,0.0013011840041300745
2019-10-23,20.04,5.66,6.78,0.4326241314411163,0.4375645518302917,0.8291445374488831,8,0.3539447937122204,,0,1,interpolated,0.0,0.0,-0.3599999999999994,58.78999999999999,9.797142857142855,0.4201836287975311,0.4368844926357269,0.3388397288146946,0.4328452510817217,KEEP,observation_noise,0.0013011840041300745
2019-10-24,19.41,41.7,2.73,0.4545446336269378,0.4551406502723694,0.8711535334587097,8,0.3690498586097462,,0,1,interpolated,0.0,0.0,-0.629999999999999,97.9,9.464285714285714,0.4326241314411163,0.4375645518302917,0.3539447937122204,0.45305639502386186,KEEP,observation_noise,0.0013011840041300745
2019-10-25,20.73,2.4,9.16,0.4384222626686096,0.4500268995761871,0.8401708602905273,8,0.384154923507272,,0,1,interpolated,0.0,0.0,1.3200000000000005,55.11,10.262857142857143,0.4545446336269378,0.4551406502723694,0.3690498586097462,0.4380358807369389,KEEP,observation_noise,0.0013011840041300745
2019-10-26,19.94,0.38,12.64,0.4313261806964874,0.4458964765071869,0.8265589475631714,8,0.3992599884047978,,0,1,interpolated,0.0,0.0,-0.7899999999999991,50.67,10.567142857142857,0.4384222626686096,0.4500268995761871,0.384154923507272,0.42955081638407955,KEEP,observation_noise,0.0013011840041300745
2019-10-27,18.34,0.01,13.99,0.4252836108207702,0.4430940449237823,0.8150309324264526,8,0.4143650533023236,,0,1,interpolated,0.0,0.0,-1.6000000000000014,50.64,10.785714285714286,0.4313261806964874,0.4458964765071869,0.3992599884047978,0.42366332395926476,KEEP,observation_noise,0.0013011840041300745
2019-10-28,18.32,0.0,15.35,0.4244244992733001,0.4411047995090484,0.8133729696273804,8,0.4294701181998495,,0,1,interpolated,0.0,0.0,-0.0199999999999995,50.53,11.012857142857143,0.4252836108207702,0.4430940449237823,0.4143650533023236,0.4256853042630739,KEEP,observation_noise,0.0013011840041300745
2019-10-29,19.22,0.37,14.28,0.4254012405872345,0.4398578703403473,0.8152414560317993,8,0.4445751830973752,,0,1,interpolated,0.0,0.0,0.8999999999999986,50.52,10.704285714285716,0.4244244992733001,0.4411047995090484,0.4294701181998495,0.42573688160456624,KEEP,observation_noise,0.0013011840041300745
2019-10-30,17.92,0.0,13.58,0.4209602773189544,0.4381727278232574,0.8067448139190674,8,0.4596802479949011,,0,1,interpolated,0.0,0.0,-1.2999999999999972,44.86,11.675714285714289,0.4254012405872345,0.4398578703403473,0.4445751830973752,0.4199259527778154,KEEP,observation_noise,0.0013011840041300745
2019-10-31,18.53,0.0,16.53,0.41948002576828,0.436585932970047,0.8038973808288574,8,0.4747853128924268,,0,1,interpolated,0.0,0.0,0.6099999999999994,3.16,13.647142857142857,0.4209602773189544,0.4381727278232574,0.4596802479949011,0.42011049383293575,KEEP,observation_noise,0.0013011840041300745
2019-11-01,19.07,0.0,15.79,0.4197529852390289,0.4352035820484161,0.8044158220291138,8,0.4898903777899527,,0,1,interpolated,0.0,0.0,0.5399999999999991,0.76,14.594285714285714,0.41948002576828,0.436585932970047,0.4747853128924268,0.418751363129398,KEEP,observation_noise,0.0013011840041300745
2019-11-02,18.61,0.02,15.23,0.4187676608562469,0.4340697526931762,0.8025344014167786,8,0.5049954426874785,,0,1,interpolated,0.0,0.0,-0.4600000000000008,0.4,14.964285714285714,0.4197529852390289,0.4352035820484161,0.4898903777899527,0.41912966751396624,KEEP,observation_noise,0.0013011840041300745
2019-11-03,19.01,0.47,5.6,0.4224494397640228,0.4338410496711731,0.8096104860305786,8,0.5201005075850043,,0,1,interpolated,0.0,0.0,0.4000000000000021,0.86,13.765714285714283,0.4187676608562469,0.4340697526931762,0.5049954426874785,0.4228122977808675,KEEP,observation_noise,0.0013011840041300745
2019-11-04,16.72,1.25,11.02,0.4195455312728882,0.4329682290554046,0.8040656447410583,8,0.5352055724825302,,0,1,interpolated,0.0,0.0,-2.2900000000000027,2.11,13.147142857142857,0.4224494397640228,0.4338410496711731,0.5201005075850043,0.42074391976350634,KEEP,observation_noise,0.0013011840041300745
2019-11-05,16.21,0.0,16.2,0.4154819250106811,0.4314410388469696,0.7962978482246399,8,0.5503106373800559,,0,1,interpolated,0.0,0.0,-0.509999999999998,1.7399999999999998,13.421428571428567,0.4195455312728882,0.4329682290554046,0.5352055724825302,0.4121118536403524,KEEP,observation_noise,0.0013011840041300745
2019-11-06,18.55,0.0,16.09,0.4148396253585815,0.4301307797431946,0.7949957251548767,8,0.5654157022775818,,0,1,interpolated,0.0,0.0,2.34,1.7399999999999998,13.78,0.4154819250106811,0.4314410388469696,0.5503106373800559,0.4154861477783917,KEEP,observation_noise,0.0013011840041300745
2019-11-07,17.3,0.05,9.02,0.4148412346839905,0.429137647151947,0.795070230960846,8,0.5805207671751076,,0,1,interpolated,0.0,0.0,-1.25,1.7899999999999998,12.707142857142856,0.4148396253585815,0.4301307797431946,0.5654157022775818,0.4167019028864651,KEEP,observation_noise,0.0013011840041300745
2019-11-08,17.51,0.91,12.53,0.4117986857891083,0.4280029237270355,0.789202094078064,8,0.5956258320726333,,0,1,interpolated,0.0,0.0,0.2100000000000008,2.7,12.241428571428573,0.4148412346839905,0.429137647151947,0.5805207671751076,0.41356438185584016,KEEP,observation_noise,0.0013011840041300745
2019-11-09,18.06,0.32,12.11,0.4132232367992401,0.4271260499954223,0.7918864488601685,8,0.6107308969701593,,0,1,interpolated,0.0,0.0,0.5499999999999972,3.0,11.795714285714284,0.4117986857891083,0.4280029237270355,0.5956258320726333,0.41434151879589953,KEEP,observation_noise,0.0013011840041300745
2019-11-10,16.73,0.17,11.56,0.4134578108787536,0.4263836443424225,0.7923368811607361,8,0.625835961867685,,0,1,interpolated,0.0,0.0,-1.3299999999999983,2.7,12.647142857142857,0.4132232367992401,0.4271260499954223,0.6107308969701593,0.4134805623030058,KEEP,observation_noise,0.0013011840041300745
2019-11-11,17.89,3.95,10.49,0.4148176610469818,0.4259006381034851,0.7949516177177429,8,0.6409410267652108,,0,1,interpolated,0.0,0.0,1.16,5.4,12.571428571428571,0.4134578108787536,0.4263836443424225,0.625835961867685,0.41469206427566746,KEEP,observation_noise,0.0013011840041300745
2019-11-12,17.58,0.0,12.86,0.4096857011318207,0.4246008992195129,0.7851828932762146,8,0.6560460916627366,,0,1,interpolated,0.0,0.0,-0.3100000000000023,5.4,12.094285714285716,0.4148176610469818,0.4259006381034851,0.6409410267652108,0.4071190679847631,KEEP,observation_noise,0.0013011840041300745
2019-11-13,18.27,1.26,8.68,0.4111448526382446,0.4237824380397796,0.7879371047019958,8,0.6711511565602624,,0,1,interpolated,0.0,0.0,0.6900000000000013,6.66,11.035714285714286,0.4096857011318207,0.4246008992195129,0.6560460916627366,0.41011439215026546,KEEP,observation_noise,0.0013011840041300745
2019-11-14,12.47,1.31,12.16,0.4103314876556396,0.4227993488311767,0.7863574028015137,8,0.7769846674053884,,0,1,climatology,0.0,0.0,-5.799999999999999,7.92,11.484285714285711,0.4111448526382446,0.4237824380397796,0.6711511565602624,0.40989376929108606,KEEP,observation_noise,0.0013011840041300745
2019-11-15,13.56,0.0,14.79,0.4057454764842987,0.4215650558471679,0.7775538563728333,8,0.7814423545192825,,0,1,climatology,0.0,0.0,1.09,7.01,11.80714285714286,0.4103314876556396,0.4227993488311767,0.7769846674053884,0.4038888480337098,KEEP,observation_noise,0.0013011840041300745
2019-11-16,16.66,0.0,13.91,0.4044601917266845,0.4207120239734649,0.7751457691192627,8,0.7859000416331764,,0,1,climatology,0.0,0.0,3.1,6.69,12.064285714285717,0.4057454764842987,0.4215650558471679,0.7814423545192825,0.40211773419858965,KEEP,observation_noise,0.0013011840041300745
2019-11-17,17.19,0.0,9.73,0.4074430763721466,0.4200866222381592,0.7808712124824524,8,0.7903577287470704,,0,1,climatology,0.0,0.0,0.5300000000000011,6.52,11.802857142857144,0.4044601917266845,0.4207120239734649,0.7859000416331764,0.4064915660357185,KEEP,observation_noise,0.0013011840041300745
2019-11-18,17.31,6.01,3.12,0.4175586402416229,0.4220989942550659,0.800317108631134,8,0.7948154158609645,,0,1,climatology,0.0,0.0,0.1199999999999974,8.579999999999998,10.75,0.4074430763721466,0.4200866222381592,0.7903577287470704,0.41543585055896426,KEEP,observation_noise,0.0013011840041300745
2019-11-19,11.87,0.02,7.31,0.4081877171993255,0.4203678965568542,0.7823173999786377,8,0.7992731029748585,,0,1,climatology,0.0,0.0,-5.44,8.6,9.957142857142856,0.4175586402416229,0.4220989942550659,0.7948154158609645,0.40799379230455857,KEEP,observation_noise,0.0013011840041300745
2019-11-20,11.75,0.0,12.37,0.407395452260971,0.4191586375236511,0.7807536721229553,8,0.8037307900887525,,0,1,climatology,0.0,0.0,-0.1199999999999992,7.339999999999999,10.484285714285717,0.4081877171993255,0.4203678965568542,0.7992731029748585,0.4053082016468571,KEEP,observation_noise,0.0013011840041300745
2019-11-21,13.37,0.0,13.88,0.4040344357490539,0.4181596040725708,0.774300217628479,8,0.8081884772026465,,0,1,climatology,0.0,0.0,1.6199999999999992,6.029999999999999,10.73,0.407395452260971,0.4191586375236511,0.8037307900887525,0.4043748058947605,KEEP,observation_noise,0.0013011840041300745
2019-11-22,14.57,0.01,4.22,0.4065192937850952,0.4177912175655365,0.7790824770927429,8,0.8126461643165406,,0,1,climatology,0.0,0.0,1.200000000000001,6.039999999999999,9.22,0.4040344357490539,0.4181596040725708,0.8081884772026465,0.40559129892769424,KEEP,observation_noise,0.0013011840041300745
2019-11-23,16.09,0.0,12.94,0.4063732922077179,0.4173159599304199,0.7787755727767944,8,0.8222018055355206,0.8222018055355206,1,0,observed,1.0,1.0,1.5199999999999996,6.039999999999999,9.081428571428573,0.4065192937850952,0.4177912175655365,0.8126461643165406,0.4051972732466684,KEEP,observation_noise,0.0013011840041300745
2019-11-24,17.55,11.53,4.7,0.4269272089004516,0.4237757325172424,0.8182020783424377,8,0.8139121134928725,,0,1,interpolated,0.0,0.0,1.4600000000000009,17.57,8.362857142857143,0.4063732922077179,0.4173159599304199,0.8222018055355206,0.4265793905519271,KEEP,observation_noise,0.0013011840041300745
2019-11-25,16.43,1.09,6.24,0.4183549880981445,0.4232888221740722,0.801784336566925,8,0.8056224214502244,,0,1,interpolated,0.0,0.0,-1.120000000000001,12.65,8.808571428571428,0.4269272089004516,0.4237757325172424,0.8139121134928725,0.41770469540670063,KEEP,observation_noise,0.0013011840041300745
2019-11-26,13.68,0.1,10.41,0.4101976752281189,0.4208446145057678,0.7861880660057068,8,0.7973327294075764,,0,1,interpolated,0.0,0.0,-2.75,12.73,9.251428571428573,0.4183549880981445,0.4232888221740722,0.8056224214502244,0.41045956548993767,KEEP,observation_noise,0.0013011840041300745
2019-11-27,14.9,2.17,3.46,0.4239134192466736,0.4226276278495788,0.8124130964279175,8,0.7890430373649283,,0,1,interpolated,0.0,0.0,1.2200000000000006,14.9,7.978571428571429,0.4101976752281189,0.4208446145057678,0.7973327294075764,0.42361366948828616,KEEP,observation_noise,0.0013011840041300745
2019-11-28,12.96,3.24,5.49,0.4173078238964081,0.4248178899288177,0.7997345924377441,8,0.7807533453222802,,0,1,interpolated,0.0,0.0,-1.9399999999999995,18.14,6.78,0.4239134192466736,0.4226276278495788,0.7890430373649283,0.41705295175944207,KEEP,observation_noise,0.0013011840041300745
2019-11-29,12.08,0.08,11.64,0.4104084372520447,0.4219391942024231,0.7865589261054993,8,0.7724636532796322,,0,1,interpolated,0.0,0.0,-0.8800000000000008,18.21,7.839999999999999,0.4173078238964081,0.4248178899288177,0.7807533453222802,0.40967075131211367,KEEP,observation_noise,0.0013011840041300745
2019-11-30,13.0,0.0,12.51,0.4062256813049316,0.4203217923641205,0.7784911394119263,8,0.764173961236984,,0,1,interpolated,0.0,0.0,0.92,18.21,7.778571428571429,0.4104084372520447,0.4219391942024231,0.7724636532796322,0.40523047819424896,KEEP,observation_noise,0.0013011840041300745
2019-12-01,15.66,13.45,6.97,0.436297208070755,0.430479347705841,0.8361972570419312,8,0.7558842691943359,,0,1,interpolated,0.0,0.0,2.66,20.13,8.102857142857143,0.4062256813049316,0.4203217923641205,0.764173961236984,0.43672504417210045,KEEP,observation_noise,0.0013011840041300745
2019-12-02,12.88,12.53,6.26,0.4277287125587463,0.4361572861671448,0.8197305798530579,8,0.7475945771516879,,0,1,interpolated,0.0,0.0,-2.78,31.57,8.105714285714287,0.436297208070755,0.430479347705841,0.7558842691943359,0.42714547177108486,KEEP,observation_noise,0.0013011840041300745
2019-12-03,9.41,1.46,6.64,0.4177680313587188,0.4299659132957458,0.8006688356399536,8,0.7393048851090398,,0,1,interpolated,0.0,0.0,-3.4700000000000006,32.93,7.567142857142857,0.4277287125587463,0.4361572861671448,0.7475945771516879,0.4147783883019526,KEEP,observation_noise,0.0013011840041300745
2019-12-04,11.55,0.96,9.11,0.4142757356166839,0.4272307157516479,0.7939367294311523,8,0.7310151930663917,,0,1,interpolated,0.0,0.0,2.140000000000001,31.72,8.374285714285714,0.4177680313587188,0.4299659132957458,0.7393048851090398,0.41386638051066504,KEEP,observation_noise,0.0013011840041300745
2019-12-05,10.74,0.26,6.07,0.4139755368232727,0.4257828295230865,0.7933288216590881,8,0.7227255010237437,,0,1,interpolated,0.0,0.0,-0.8100000000000005,28.74,8.457142857142857,0.4142757356166839,0.4272307157516479,0.7310151930663917,0.4134928513763298,KEEP,observation_noise,0.0013011840041300745
2019-12-06,9.19,17.6,4.5,0.4210270047187805,0.4262155890464782,0.8067749738693237,8,0.7144358089810956,,0,1,interpolated,0.0,0.0,-1.5500000000000007,46.260000000000005,7.437142857142858,0.4139755368232727,0.4257828295230865,0.7227255010237437,0.4221108083070423,KEEP,observation_noise,0.0013011840041300745
2019-12-07,9.93,0.16,10.47,0.414661556482315,0.4251605570316314,0.7946504354476929,8,0.7061461169384475,,0,1,interpolated,0.0,0.0,0.7400000000000002,46.42,7.145714285714285,0.4210270047187805,0.4262155890464782,0.7144358089810956,0.4166236146533297,KEEP,observation_noise,0.0013011840041300745
2019-12-08,11.07,0.0,8.59,0.4125942587852478,0.4242087602615356,0.790722131729126,8,0.6978564248957995,,0,1,interpolated,0.0,0.0,1.1400000000000006,32.97,7.377142857142857,0.414661556482315,0.4251605570316314,0.7061461169384475,0.41582881952670026,KEEP,observation_noise,0.0013011840041300745
2019-12-09,12.13,0.11,11.18,0.4114307761192322,0.423475980758667,0.7884360551834106,8,0.6895667328531514,,0,1,interpolated,0.0,0.0,1.0600000000000005,20.550000000000004,8.08,0.4125942587852478,0.4242087602615356,0.6978564248957995,0.41067318623094656,KEEP,observation_noise,0.0013011840041300745
2019-12-10,13.69,0.0,11.29,0.4106878042221069,0.4226798713207245,0.7870491743087769,8,0.6812770408105033,,0,1,interpolated,0.0,0.0,1.5599999999999987,19.090000000000003,8.744285714285715,0.4114307761192322,0.423475980758667,0.6895667328531514,0.4116714636161898,KEEP,observation_noise,0.0013011840041300745
2019-12-11,14.35,0.08,6.57,0.4104541540145874,0.4222776293754577,0.7866286039352417,8,0.6729873487678553,,0,1,interpolated,0.0,0.0,0.6600000000000001,18.210000000000004,8.381428571428572,0.4106878042221069,0.4226798713207245,0.6812770408105033,0.4114135688676082,KEEP,observation_noise,0.0013011840041300745
2019-12-12,9.92,0.0,10.18,0.4090165197849273,0.4214065074920654,0.7838139533996582,8,0.6646976567252072,,0,1,interpolated,0.0,0.0,-4.43,17.950000000000003,8.968571428571428,0.4104541540145874,0.4222776293754577,0.6729873487678553,0.40665598627463256,KEEP,observation_noise,0.0013011840041300745
2019-12-13,10.78,0.0,11.04,0.4070110917091369,0.4206404089927673,0.7800372838973999,8,0.6564079646825591,,0,1,interpolated,0.0,0.0,0.8599999999999994,0.35,9.902857142857142,0.4090165197849273,0.4214065074920654,0.6646976567252072,0.40440175691690744,KEEP,observation_noise,0.0013011840041300745
2019-12-14,12.7,0.12,7.05,0.4088589251041412,0.4201429188251495,0.7836090326309204,8,0.648118272639911,,0,1,interpolated,0.0,0.0,1.92,0.31,9.414285714285716,0.4070110917091369,0.4206404089927673,0.6564079646825591,0.4061259570946198,KEEP,observation_noise,0.0013011840041300745
2019-12-15,11.64,0.01,11.35,0.4071351289749145,0.4194809198379516,0.7802388668060303,8,0.6398285805972629,,0,1,interpolated,0.0,0.0,-1.0599999999999987,0.32,9.808571428571428,0.4088589251041412,0.4201429188251495,0.648118272639911,0.4072166754936983,KEEP,observation_noise,0.0013011840041300745
2019-12-16,13.25,0.94,7.88,0.4109247028827667,0.4193462133407593,0.7875692844390869,8,0.6315388885546148,,0,1,interpolated,0.0,0.0,1.6099999999999994,1.15,9.337142857142856,0.4071351289749145,0.4194809198379516,0.6398285805972629,0.41004210330738067,KEEP,observation_noise,0.0013011840041300745
2019-12-17,16.21,5.97,3.36,0.4188633561134338,0.420606791973114,0.8027424216270447,8,0.6232491965119668,,0,1,interpolated,0.0,0.0,2.960000000000001,7.119999999999999,8.204285714285714,0.4109247028827667,0.4193462133407593,0.6315388885546148,0.42053096526139644,KEEP,observation_noise,0.0013011840041300745
2019-12-18,15.11,1.76,6.44,0.416255235671997,0.4209103584289551,0.7977303862571716,8,0.6149595044693187,0.6149595044693187,1,0,observed,1.0,1.0,-1.1000000000000014,8.8,8.185714285714285,0.4188633561134338,0.420606791973114,0.6232491965119668,0.4157035252677324,KEEP,observation_noise,0.0013011840041300745
2019-12-19,12.99,0.88,7.3,0.412714421749115,0.4198502600193023,0.7909382581710815,8,0.6314875332844215,,0,1,interpolated,0.0,0.0,-2.119999999999999,9.68,7.774285714285713,0.416255235671997,0.4209103584289551,0.6149595044693187,0.41452151098262785,KEEP,observation_noise,0.0013011840041300745
2019-12-20,9.84,0.01,9.02,0.4092532694339752,0.418981671333313,0.7843354940414429,8,0.6480155620995245,,0,1,interpolated,0.0,0.0,-3.1500000000000004,9.69,7.485714285714286,0.412714421749115,0.4198502600193023,0.6314875332844215,0.41006301966646913,KEEP,observation_noise,0.0013011840041300745
2019-12-21,10.74,0.01,4.88,0.4108681976795196,0.4186901450157165,0.7874383926391602,8,0.6645435909146273,,0,1,interpolated,0.0,0.0,0.9000000000000004,9.58,7.175714285714286,0.4092532694339752,0.418981671333313,0.6480155620995245,0.41366136889753224,KEEP,observation_noise,0.0013011840041300745
2019-12-22,9.46,12.4,1.43,0.4441463053226471,0.4372196495532989,0.8511977195739746,8,0.6810716197297303,,0,1,interpolated,0.0,0.0,-1.2799999999999994,21.97,5.758571428571429,0.4108681976795196,0.4186901450157165,0.6645435909146273,0.4411527902827018,KEEP,observation_noise,0.0013011840041300745
2019-12-23,12.11,0.04,9.41,0.4208347797393799,0.4320601224899292,0.806460440158844,8,0.6975996485448331,0.6975996485448331,1,0,observed,0.9931740614334468,1.0,2.6499999999999986,21.07,5.977142857142857,0.4441463053226471,0.4372196495532989,0.6810716197297303,0.4220646888556715,KEEP,observation_noise,0.0013011840041300745
2019-12-24,12.11,0.01,7.09,0.417842835187912,0.4280794858932495,0.8008320927619934,8,0.6986384407587277,,0,1,interpolated,0.0,0.0,0.0,15.11,6.51,0.4208347797393799,0.4320601224899292,0.6975996485448331,0.41734324745902507,KEEP,observation_noise,0.0013011840041300745
2019-12-25,12.79,6.47,4.07,0.4292149841785431,0.4295940101146698,0.8225801587104797,8,0.6996772329726223,,0,1,interpolated,0.0,0.0,0.6799999999999997,19.82,6.171428571428572,0.417842835187912,0.4280794858932495,0.6986384407587277,0.4296705749995848,KEEP,observation_noise,0.0013011840041300745
2019-12-26,12.95,14.22,4.29,0.4351256191730499,0.4351020157337188,0.833869457244873,8,0.7007160251865169,,0,1,interpolated,0.0,0.0,0.1600000000000001,33.160000000000004,5.741428571428572,0.4292149841785431,0.4295940101146698,0.6996772329726223,0.43592223311519757,KEEP,observation_noise,0.0013011840041300745
2019-12-27,8.84,0.63,7.9,0.4216659665107727,0.4323731362819671,0.8081024289131165,8,0.7017548174004115,,0,1,interpolated,0.0,0.0,-4.109999999999999,33.78,5.581428571428572,0.4351256191730499,0.4351020157337188,0.7007160251865169,0.4208025624826763,KEEP,observation_noise,0.0013011840041300745
2019-12-28,9.13,0.0,8.2,0.4167521297931671,0.4299262762069702,0.7986811399459839,8,0.702793609614306,,0,1,interpolated,0.0,0.0,0.2900000000000009,33.77,6.055714285714286,0.4216659665107727,0.4323731362819671,0.7017548174004115,0.4153621916548961,KEEP,observation_noise,0.0013011840041300745
2019-12-29,10.84,2.72,3.55,0.4287967085838318,0.4315878450870514,0.8217723369598389,8,0.7038324018282006,,0,1,interpolated,0.0,0.0,1.709999999999999,24.09,6.3585714285714285,0.4167521297931671,0.4299262762069702,0.702793609614306,0.43076860028675124,KEEP,observation_noise,0.0013011840041300745
2019-12-30,14.23,8.52,3.34,0.4282499551773071,0.4356119334697723,0.8207237720489502,8,0.7048711940420952,,0,1,interpolated,0.0,0.0,3.390000000000001,32.57,5.491428571428571,0.4287967085838318,0.4315878450870514,0.7038324018282006,0.42886936883900273,KEEP,observation_noise,0.0013011840041300745
2019-12-31,7.22,0.02,7.83,0.4210586845874786,0.4323763251304626,0.8069247007369995,8,0.7059099862559898,,0,1,interpolated,0.0,0.0,-7.010000000000001,32.580000000000005,5.597142857142857,0.4282499551773071,0.4356119334697723,0.7048711940420952,0.4225165615028285,KEEP,observation_noise,0.0013011840041300745
2020-01-01,7.04,0.0,11.74,0.4186071455478668,0.4308269917964935,0.8021931648254395,8,0.7069487784698844,,0,1,interpolated,0.0,0.0,-0.1799999999999997,26.11,6.692857142857142,0.4210586845874786,0.4323763251304626,0.7059099862559898,0.4205405217906816,KEEP,observation_noise,0.0013011840041300745
2020-01-02,9.58,0.0,9.59,0.4173478484153747,0.4298033714294433,0.7997689843177795,8,0.7079875706837789,,0,1,interpolated,0.0,0.0,2.54,11.89,7.45,0.4186071455478668,0.4308269917964935,0.7069487784698844,0.4209085536913195,KEEP,observation_noise,0.0013011840041300745
2020-01-03,10.33,0.0,8.94,0.4162638783454895,0.4289640784263611,0.797700047492981,8,0.7090263628976735,,0,1,interpolated,0.0,0.0,0.75,11.259999999999998,7.598571428571428,0.4173478484153747,0.4298033714294433,0.7079875706837789,0.4167569712052332,KEEP,observation_noise,0.0013011840041300745
2020-01-04,10.03,0.0,11.93,0.4157372713088989,0.4281297028064728,0.7966986298561096,8,0.7100651551115681,,0,1,interpolated,0.0,0.0,-0.3000000000000007,11.259999999999998,8.13142857142857,0.4162638783454895,0.4289640784263611,0.7090263628976735,0.41476980974388583,KEEP,observation_noise,0.0013011840041300745
2020-01-05,10.12,0.01,11.44,0.4144954681396484,0.4272640347480774,0.7943730354309082,8,0.7111039473254627,,0,1,interpolated,0.0,0.0,0.0899999999999998,8.549999999999999,9.258571428571427,0.4157372713088989,0.4281297028064728,0.7100651551115681,0.4148308704455617,KEEP,observation_noise,0.0013011840041300745
2020-01-06,10.36,2.78,4.32,0.421527087688446,0.4274158477783203,0.8078421354293823,8,0.7121427395393573,,0,1,interpolated,0.0,0.0,0.2400000000000002,2.81,9.39857142857143,0.4144954681396484,0.4272640347480774,0.7111039473254627,0.4230995437211765,KEEP,observation_noise,0.0013011840041300745
2020-01-07,15.16,4.79,4.24,0.4277675151824951,0.4298514127731323,0.8198186755180359,8,0.7131815317532518,,0,1,interpolated,0.0,0.0,4.800000000000001,7.58,8.885714285714284,0.421527087688446,0.4274158477783203,0.7121427395393573,0.42718682617846643,KEEP,observation_noise,0.0013011840041300745
2020-01-08,12.32,19.16,7.11,0.4221547544002533,0.4312266409397125,0.8089758157730103,8,0.7142203239671464,,0,1,interpolated,0.0,0.0,-2.84,26.74,8.224285714285713,0.4277675151824951,0.4298514127731323,0.7131815317532518,0.4212099604039807,KEEP,observation_noise,0.0013011840041300745
2020-01-09,10.42,0.11,10.54,0.4163081049919128,0.4286127388477325,0.7978322505950928,8,0.715259116181041,,0,1,interpolated,0.0,0.0,-1.9000000000000004,26.85,8.36,0.4221547544002533,0.4312266409397125,0.7142203239671464,0.4136671852830425,KEEP,observation_noise,0.0013011840041300745
2020-01-10,10.43,0.02,11.19,0.415605753660202,0.427274614572525,0.7964821457862854,8,0.7162979083949356,,0,1,interpolated,0.0,0.0,0.0099999999999997,26.87,8.681428571428572,0.4163081049919128,0.4286127388477325,0.715259116181041,0.4159064867846104,KEEP,observation_noise,0.0013011840041300745
2020-01-11,11.64,0.0,11.12,0.4123712480068207,0.426207423210144,0.7902621626853943,8,0.7173367006088301,,0,1,interpolated,0.0,0.0,1.2100000000000009,26.87,8.565714285714286,0.415605753660202,0.427274614572525,0.7162979083949356,0.4122902242376946,KEEP,observation_noise,0.0013011840041300745
2020-01-12,10.13,2.24,4.39,0.4126221239566803,0.4254348576068878,0.790800929069519,8,0.7183754928227247,,0,1,interpolated,0.0,0.0,-1.5099999999999998,29.1,7.558571428571428,0.4123712480068207,0.426207423210144,0.7173367006088301,0.41213500808201076,KEEP,observation_noise,0.0013011840041300745
2020-01-13,8.49,0.01,6.65,0.4141743779182434,0.4246306419372558,0.7937070727348328,8,0.7194142850366193,,0,1,interpolated,0.0,0.0,-1.6400000000000006,26.33,7.8914285714285715,0.4126221239566803,0.4254348576068878,0.7183754928227247,0.4151238221091675,KEEP,observation_noise,0.0013011840041300745
2020-01-14,7.75,4.45,3.49,0.4204717874526977,0.4256366491317749,0.8058436512947083,8,0.7204530772505139,,0,1,interpolated,0.0,0.0,-0.7400000000000002,25.99,7.784285714285715,0.4141743779182434,0.4246306419372558,0.7194142850366193,0.420588578461893,KEEP,observation_noise,0.0013011840041300745
2020-01-15,7.8,0.0,7.33,0.4147752523422241,0.4249473512172699,0.7949038147926331,8,0.7214918694644085,,0,1,interpolated,0.0,0.0,0.0499999999999998,6.8299999999999965,7.815714285714286,0.4204717874526977,0.4256366491317749,0.7204530772505139,0.4155250137535623,KEEP,observation_noise,0.0013011840041300745
2020-01-16,9.01,0.0,4.97,0.4132131338119507,0.4241731166839599,0.791925311088562,8,0.722530661678303,,0,1,interpolated,0.0,0.0,1.21,6.719999999999996,7.0200000000000005,0.4147752523422241,0.4249473512172699,0.7214918694644085,0.41706763568450445,KEEP,observation_noise,0.0013011840041300745
2020-01-17,9.89,0.7,8.26,0.4134451448917389,0.4237070381641388,0.7923297882080078,8,0.7235694538921976,,0,1,interpolated,0.0,0.0,0.8800000000000008,7.399999999999997,6.6014285714285705,0.4132131338119507,0.4241731166839599,0.722530661678303,0.41498634662969475,KEEP,observation_noise,0.0013011840041300745
2020-01-18,9.61,8.4,5.26,0.4129547774791717,0.4233534336090088,0.791382372379303,8,0.7246082461060922,,0,1,interpolated,0.0,0.0,-0.2800000000000011,15.799999999999995,5.764285714285714,0.4134451448917389,0.4237070381641388,0.7235694538921976,0.41319537958486496,KEEP,observation_noise,0.0013011840041300745
2020-01-19,9.77,0.61,5.37,0.4114016592502594,0.4229430556297302,0.7884458303451538,8,0.7256470383199868,,0,1,interpolated,0.0,0.0,0.1600000000000001,14.169999999999996,5.904285714285714,0.4129547774791717,0.4233534336090088,0.7246082461060922,0.41155364166127906,KEEP,observation_noise,0.0013011840041300745
2020-01-20,9.27,0.0,5.68,0.4085211157798767,0.4220611453056335,0.7829014658927917,8,0.7266858305338814,,0,1,interpolated,0.0,0.0,-0.5,14.159999999999997,5.765714285714286,0.4114016592502594,0.4229430556297302,0.7256470383199868,0.40795699264910795,KEEP,observation_noise,0.0013011840041300745
2020-01-21,8.99,0.0,13.29,0.4099299609661102,0.4213010668754577,0.7855818867683411,8,0.727724622747776,,0,1,interpolated,0.0,0.0,-0.2799999999999993,9.709999999999996,7.1657142857142855,0.4085211157798767,0.4220611453056335,0.7266858305338814,0.41015940559568825,KEEP,observation_noise,0.0013011840041300745
2020-01-22,10.7,15.4,3.75,0.4336523413658142,0.4270054996013641,0.8310222625732422,8,0.7287634149616706,,0,1,interpolated,0.0,0.0,1.709999999999999,25.11,6.654285714285714,0.4099299609661102,0.4213010668754577,0.727724622747776,0.4324038849479282,KEEP,observation_noise,0.0013011840041300745
2020-01-23,13.51,25.28,5.79,0.4285511672496795,0.4343618154525757,0.8212916254997253,8,0.710642693664139,,0,1,climatology,0.0,0.0,2.8100000000000005,50.39,6.771428571428571,0.4336523413658142,0.4270054996013641,0.7287634149616706,0.42868714743551045,KEEP,observation_noise,0.0013011840041300745
2020-01-24,13.38,0.02,7.01,0.4226027727127075,0.4304293692111969,0.8098853230476379,8,0.6515777331427368,,0,1,climatology,0.0,0.0,-0.129999999999999,49.71,6.592857142857143,0.4285511672496795,0.4343618154525757,0.710642693664139,0.4203498107910815,KEEP,observation_noise,0.0013011840041300745
2020-01-25,10.69,7.24,3.85,0.4493523836135864,0.440869927406311,0.8611822724342346,8,0.5925127726213346,,0,1,climatology,0.0,0.0,-2.6900000000000013,48.55,6.391428571428571,0.4226027727127075,0.4304293692111969,0.6515777331427368,0.45074414143714703,KEEP,observation_noise,0.0013011840041300745
2020-01-26,10.41,2.84,7.03,0.4512066543102264,0.4511163234710693,0.8646883964538574,8,0.5334478120999325,,0,1,climatology,0.0,0.0,-0.2799999999999993,50.78,6.628571428571428,0.4493523836135864,0.440869927406311,0.5925127726213346,0.4536077287753487,KEEP,observation_noise,0.0013011840041300745
2020-01-27,8.75,41.49,2.55,0.4676358997821808,0.4711687862873077,0.8961818814277649,8,0.7970510935352506,,0,1,climatology,0.0,0.0,-1.66,92.27,6.181428571428571,0.4512066543102264,0.4511163234710693,0.5334478120999325,0.46681471038086075,KEEP,observation_noise,0.0013011840041300745
2020-01-28,11.5,3.01,7.26,0.4469727873802185,0.4623292684555053,0.8566451072692871,8,0.8040621021576755,,0,1,climatology,0.0,0.0,2.75,95.28,5.32,0.4676358997821808,0.4711687862873077,0.7970510935352506,0.44559541834387956,KEEP,observation_noise,0.0013011840041300745
2020-01-29,10.56,3.5,7.81,0.4419921934604645,0.4569195508956909,0.8471001386642456,8,0.8110731107801005,,0,1,climatology,0.0,0.0,-0.9399999999999996,83.38,5.9,0.4469727873802185,0.4623292684555053,0.8040621021576755,0.44053202021027377,KEEP,observation_noise,0.0013011840041300745
2020-01-30,9.22,3.97,7.41,0.4399140477180481,0.4545681476593017,0.8430851697921753,8,0.8180841194025255,,0,1,climatology,0.0,0.0,-1.34,62.07,6.131428571428572,0.4419921934604645,0.4569195508956909,0.8110731107801005,0.4406943636487905,KEEP,observation_noise,0.0013011840041300745
2020-01-31,8.75,1.49,8.52,0.4369586408138275,0.4528867602348327,0.837428867816925,8,0.8250951280249503,,0,1,climatology,0.0,0.0,-0.4700000000000006,63.54,6.347142857142857,0.4399140477180481,0.4545681476593017,0.8180841194025255,0.43777235006334564,KEEP,observation_noise,0.0013011840041300745
2020-02-01,9.34,0.11,11.12,0.4367614090442657,0.4517879784107208,0.8370051383972168,8,0.8294081238061176,,0,1,climatology,0.0,0.0,0.5899999999999999,56.41,7.385714285714286,0.4369586408138275,0.4528867602348327,0.8250951280249503,0.43803915044914876,KEEP,observation_noise,0.0013011840041300745
2020-02-02,9.9,0.0,10.8,0.4350737333297729,0.4505942761898041,0.8338210582733154,8,0.8337211195872849,,0,1,climatology,0.0,0.0,0.5600000000000005,53.57,7.924285714285714,0.4367614090442657,0.4517879784107208,0.8294081238061176,0.43233264975810726,KEEP,observation_noise,0.0013011840041300745
2020-02-03,9.53,0.03,10.51,0.4327322542667389,0.449493259191513,0.829376220703125,8,0.8380341153684521,,0,1,climatology,0.0,0.0,-0.370000000000001,12.11,9.061428571428571,0.4350737333297729,0.4505942761898041,0.8337211195872849,0.4345925845002716,KEEP,observation_noise,0.0013011840041300745
2020-02-04,9.4,0.01,14.13,0.4319986402988434,0.4483071565628052,0.8279073238372803,8,0.8423471111496194,,0,1,climatology,0.0,0.0,-0.129999999999999,9.11,10.042857142857144,0.4327322542667389,0.449493259191513,0.8380341153684521,0.43171501827006115,KEEP,observation_noise,0.0013011840041300745
2020-02-05,7.11,0.02,12.51,0.4318313300609588,0.4470753967761993,0.8275608420372009,8,0.8466601069307866,,0,1,climatology,0.0,0.0,-2.29,5.63,10.714285714285714,0.4319986402988434,0.4483071565628052,0.8423471111496194,0.433243797105434,KEEP,observation_noise,0.0013011840041300745
2020-02-06,6.23,0.15,13.24,0.4313132762908935,0.4462312459945678,0.8265882730484009,8,0.7866021239018969,,0,1,climatology,0.0,0.0,-0.8799999999999999,1.81,11.54714285714286,0.4318313300609588,0.4470753967761993,0.8466601069307866,0.4338275093260512,KEEP,observation_noise,0.0013011840041300745
2020-02-07,8.4,0.34,7.38,0.4296834468841553,0.4455392956733703,0.8235049843788147,8,0.7265441408730071,,0,1,climatology,0.0,0.0,2.17,0.66,11.384285714285712,0.4313132762908935,0.4462312459945678,0.7866021239018969,0.42920476240568256,KEEP,observation_noise,0.0013011840041300745
2020-02-08,8.2,0.12,10.2,0.4276009500026703,0.4443824291229248,0.8194114565849304,8,0.6664861578441175,,0,1,climatology,0.0,0.0,-0.200000000000001,0.67,11.252857142857144,0.4296834468841553,0.4455392956733703,0.7265441408730071,0.4283135285660267,KEEP,observation_noise,0.0013011840041300745
2020-02-09,7.86,1.35,7.65,0.429496705532074,0.4435667693614959,0.8231224417686462,8,0.6064281748152277,,0,1,climatology,0.0,0.0,-0.3399999999999989,2.02,10.80285714285714,0.4276009500026703,0.4443824291229248,0.6664861578441175,0.42899782009638776,KEEP,observation_noise,0.0013011840041300745
2020-02-10,8.84,0.01,11.53,0.4272364675998688,0.4424670934677124,0.818751871585846,8,0.5463701917863379,,0,1,climatology,0.0,0.0,0.9799999999999996,2.0,10.948571428571428,0.429496705532074,0.4435667693614959,0.6064281748152277,0.42686831016025784,KEEP,observation_noise,0.0013011840041300745
2020-02-11,9.89,0.0,13.59,0.4293445348739624,0.4416791796684265,0.8228552341461182,8,0.5752510862258722,,0,1,climatology,0.0,0.0,1.0500000000000007,1.99,10.87142857142857,0.4272364675998688,0.4424670934677124,0.5463701917863379,0.4314027310238947,KEEP,observation_noise,0.0013011840041300745
2020-02-12,12.1,23.45,3.06,0.4598179757595062,0.4569897055625915,0.8812193870544434,8,0.6041319806654065,,0,1,climatology,0.0,0.0,2.209999999999999,25.42,9.521428571428572,0.4293445348739624,0.4416791796684265,0.5752510862258722,0.45952856430522415,KEEP,observation_noise,0.0013011840041300745
2020-02-13,13.56,0.87,14.08,0.4432329833507538,0.4557218253612518,0.8494054079055786,8,0.6330128751049409,,0,1,climatology,0.0,0.0,1.4600000000000009,26.14,9.641428571428571,0.4598179757595062,0.4569897055625915,0.6041319806654065,0.4444487122755261,KEEP,observation_noise,0.0013011840041300745
2020-02-14,13.18,2.69,14.97,0.4436514973640442,0.4540698826313019,0.8502013683319092,8,0.6618937695444751,,0,1,climatology,0.0,0.0,-0.3800000000000008,28.49,10.725714285714286,0.4432329833507538,0.4557218253612518,0.6330128751049409,0.44455126471453327,KEEP,observation_noise,0.0013011840041300745
2020-02-15,13.72,1.43,9.19,0.445084273815155,0.4532366394996643,0.8529906272888184,8,0.6907746639840093,,0,1,climatology,0.0,0.0,0.5400000000000009,29.8,10.581428571428573,0.4436514973640442,0.4540698826313019,0.6618937695444751,0.446920628164945,KEEP,observation_noise,0.0013011840041300745
2020-02-16,10.84,14.75,2.67,0.4495041370391845,0.4594982862472534,0.8615212440490723,8,0.7196555584235437,,0,1,climatology,0.0,0.0,-2.880000000000001,43.2,9.87,0.445084273815155,0.4532366394996643,0.6907746639840093,0.4522528892140442,KEEP,observation_noise,0.0013011840041300745
2020-02-17,5.14,1.96,8.66,0.4402709305286407,0.4546797275543213,0.8437864780426025,8,0.748536452863078,,0,1,climatology,0.0,0.0,-5.7,45.15,9.46,0.4495041370391845,0.4594982862472534,0.7196555584235437,0.4411906105469438,KEEP,observation_noise,0.0013011840041300745
2020-02-18,5.11,0.23,10.58,0.4351688027381897,0.4519005119800567,0.8339472413063049,8,0.7774173473026122,,0,1,climatology,0.0,0.0,-0.0299999999999993,45.38,9.03,0.4402709305286407,0.4546797275543213,0.748536452863078,0.4365534420202468,KEEP,observation_noise,0.0013011840041300745
2020-02-19,8.72,0.0,17.31,0.4325668215751648,0.4502637684345245,0.8290371894836426,8,0.8062982417421465,,0,1,climatology,0.0,0.0,3.61,21.93,11.065714285714288,0.4351688027381897,0.4519005119800567,0.7774173473026122,0.43489761223926654,KEEP,observation_noise,0.0013011840041300745
2020-02-20,10.83,0.0,16.66,0.4327360093593597,0.4490079581737518,0.8293010592460632,8,0.8351791361816808,,0,1,climatology,0.0,0.0,2.1099999999999994,21.06,11.434285714285716,0.4325668215751648,0.4502637684345245,0.8062982417421465,0.43350749818940326,KEEP,observation_noise,0.0013011840041300745
2020-02-21,11.17,0.06,18.11,0.4380357563495636,0.4488108158111572,0.8394805192947388,8,0.759927181378508,0.759927181378508,1,0,observed,0.420397510540052,1.0,0.3399999999999998,18.43,11.882857142857144,0.4327360093593597,0.4490079581737518,0.8351791361816808,0.43670257084828695,KEEP,observation_noise,0.0013011840041300745
2020-02-22,12.42,14.34,14.46,0.4389164447784424,0.4510612189769745,0.8411421179771423,8,0.7588201256675549,,0,1,interpolated,0.0,0.0,1.25,31.340000000000003,12.635714285714286,0.4380357563495636,0.4488108158111572,0.759927181378508,0.44105020890357144,KEEP,observation_noise,0.0013011840041300745
2020-02-23,8.65,0.0,19.5,0.4325266480445862,0.4477825462818146,0.8288947343826294,8,0.7577130699566016,,0,1,interpolated,0.0,0.0,-3.77,16.590000000000003,15.04,0.4389164447784424,0.4510612189769745,0.7588201256675549,0.43288479354078785,KEEP,observation_noise,0.0013011840041300745
2020-02-24,11.51,0.0,17.8,0.4300239384174347,0.4459214806556701,0.8241192102432251,8,0.7566060142456483,,0,1,interpolated,0.0,0.0,2.8599999999999994,14.63,16.345714285714283,0.4325266480445862,0.4477825462818146,0.7577130699566016,0.43217666123625376,KEEP,observation_noise,0.0013011840041300745
2020-02-25,13.76,12.37,7.88,0.4426789581775665,0.448507010936737,0.8483781218528748,8,0.7554989585346952,,0,1,interpolated,0.0,0.0,2.25,26.77,15.96,0.4300239384174347,0.4459214806556701,0.7566060142456483,0.43897607522079957,KEEP,observation_noise,0.0013011840041300745
2020-02-26,11.85,0.74,10.0,0.4381296038627624,0.4490453898906708,0.8396282196044922,8,0.754391902823742,,0,1,interpolated,0.0,0.0,-1.91,27.51,14.915714285714284,0.4426789581775665,0.448507010936737,0.7554989585346952,0.44018704362687416,KEEP,observation_noise,0.0013011840041300745
2020-02-27,9.09,0.81,10.16,0.4341324865818023,0.4470692873001098,0.8319649696350098,8,0.7532848471127888,,0,1,interpolated,0.0,0.0,-2.76,28.32,13.987142857142857,0.4381296038627624,0.4490453898906708,0.754391902823742,0.43503230676443966,KEEP,observation_noise,0.0013011840041300745
2020-02-28,7.89,9.34,5.3,0.4486699104309082,0.4515998959541321,0.8598268032073975,8,0.7521777914018355,,0,1,interpolated,0.0,0.0,-1.2000000000000002,37.6,12.157142857142857,0.4341324865818023,0.4470692873001098,0.7532848471127888,0.448773721884896,KEEP,observation_noise,0.0013011840041300745
2020-02-29,10.13,11.18,2.48,0.4552701115608215,0.4602643847465515,0.8725112676620483,8,0.7510707356908823,,0,1,interpolated,0.0,0.0,2.240000000000001,34.44,10.445714285714288,0.4486699104309082,0.4515998959541321,0.7521777914018355,0.4566277970752952,KEEP,observation_noise,0.0013011840041300745
2020-03-01,11.35,0.58,5.13,0.4413674771785736,0.4567998051643371,0.845866322517395,8,0.7499636799799292,,0,1,interpolated,0.0,0.0,1.2199999999999989,35.02,8.392857142857142,0.4552701115608215,0.4602643847465515,0.7510707356908823,0.4430179879097134,KEEP,observation_noise,0.0013011840041300745
2020-03-02,10.61,0.08,16.57,0.439875841140747,0.4540732800960541,0.8430439829826355,8,0.7488566242689759,,0,1,interpolated,0.0,0.0,-0.7400000000000002,35.099999999999994,8.217142857142857,0.4413674771785736,0.4567998051643371,0.7499636799799292,0.44102837016073065,KEEP,observation_noise,0.0013011840041300745
2020-03-03,10.76,0.01,14.95,0.439485490322113,0.4524115324020386,0.8422296047210693,8,0.7477495685580227,,0,1,interpolated,0.0,0.0,0.1500000000000003,22.74,9.227142857142857,0.439875841140747,0.4540732800960541,0.7488566242689759,0.4406900339638527,KEEP,observation_noise,0.0013011840041300745
2020-03-04,10.98,1.68,7.02,0.4422385394573211,0.4525042474269867,0.8474969267845154,8,0.7466425128470695,,0,1,interpolated,0.0,0.0,0.2200000000000006,23.680000000000003,8.801428571428572,0.439485490322113,0.4524115324020386,0.7477495685580227,0.44113199417261106,KEEP,observation_noise,0.0013011840041300745
2020-03-05,7.21,0.12,17.97,0.4360830783843994,0.4501846134662628,0.8356663584709167,8,0.7455354571361164,,0,1,interpolated,0.0,0.0,-3.770000000000001,22.99,9.917142857142858,0.4422385394573211,0.4525042474269867,0.7466425128470695,0.43457711751145506,KEEP,observation_noise,0.0013011840041300745
2020-03-06,9.05,0.0,21.62,0.4309384822845459,0.4484243392944336,0.8258534669876099,8,0.7444284014251631,,0,1,interpolated,0.0,0.0,1.8400000000000007,13.65,12.248571428571427,0.4360830783843994,0.4501846134662628,0.7455354571361164,0.42872970029354396,KEEP,observation_noise,0.0013011840041300745
2020-03-07,10.43,19.36,4.37,0.4453304409980774,0.451240599155426,0.8534818887710571,8,0.7433213457142098,,0,1,interpolated,0.0,0.0,1.379999999999999,21.83,12.518571428571429,0.4309384822845459,0.4484243392944336,0.7444284014251631,0.4471388679831486,KEEP,observation_noise,0.0013011840041300745
2020-03-08,11.49,0.49,15.37,0.4379019141197204,0.4510463178157806,0.8392397165298462,8,0.7422142900032567,,0,1,interpolated,0.0,0.0,1.0600000000000005,21.74,13.981428571428571,0.4453304409980774,0.451240599155426,0.7433213457142098,0.43752079026968793,KEEP,observation_noise,0.0013011840041300745
2020-03-09,11.79,12.65,9.29,0.4551608562469482,0.4561624526977539,0.8722870349884033,8,0.7411072342923035,,0,1,interpolated,0.0,0.0,0.2999999999999989,34.31,12.94142857142857,0.4379019141197204,0.4510463178157806,0.7422142900032567,0.45453760841733154,KEEP,observation_noise,0.0013011840041300745
2020-03-10,12.86,24.32,4.97,0.4563699066638946,0.467468798160553,0.8746188282966614,8,0.7400001785813503,,0,1,interpolated,0.0,0.0,1.0700000000000005,58.620000000000005,11.515714285714283,0.4551608562469482,0.4561624526977539,0.7411072342923035,0.45649951999292254,KEEP,observation_noise,0.0013011840041300745
2020-03-11,9.93,0.24,19.7,0.443934679031372,0.460755318403244,0.850715696811676,8,0.738893122870397,,0,1,interpolated,0.0,0.0,-2.93,57.18,13.327142857142857,0.4563699066638946,0.467468798160553,0.7400001785813503,0.44500314226547155,KEEP,observation_noise,0.0013011840041300745
2020-03-12,11.14,0.0,21.58,0.438488245010376,0.4571171700954437,0.8403571844100952,8,0.7377860671594438,0.7377860671594438,1,0,observed,1.0,1.0,1.2100000000000009,57.06,13.842857142857142,0.443934679031372,0.460755318403244,0.738893122870397,0.4370131208029973,KEEP,observation_noise,0.0013011840041300745
2020-03-13,12.5,0.1,11.2,0.4407712817192077,0.4558063149452209,0.8447070717811584,8,0.716554760649628,,0,1,interpolated,0.0,0.0,1.3599999999999994,57.16,12.354285714285714,0.438488245010376,0.4571171700954437,0.7377860671594438,0.44087760968443424,KEEP,observation_noise,0.0013011840041300745
2020-03-14,10.43,7.96,17.14,0.4415503144264221,0.4559011459350586,0.8462285399436951,8,0.6953234541398121,,0,1,interpolated,0.0,0.0,-2.0700000000000003,45.76,14.178571428571429,0.4407712817192077,0.4558063149452209,0.716554760649628,0.44353315593272535,KEEP,observation_noise,0.0013011840041300745
2020-03-15,10.44,0.71,16.78,0.435039758682251,0.4525544643402099,0.8337057828903198,8,0.6740921476299964,,0,1,interpolated,0.0,0.0,0.0099999999999997,45.98,14.38,0.4415503144264221,0.4559011459350586,0.6953234541398121,0.4342538688116589,KEEP,observation_noise,0.0013011840041300745
2020-03-16,8.39,2.33,16.35,0.4332145154476166,0.4501025974750519,0.8301842212677002,8,0.6528608411201805,,0,1,interpolated,0.0,0.0,-2.049999999999999,35.66,15.388571428571428,0.435039758682251,0.4525544643402099,0.6740921476299964,0.4362120825312395,KEEP,observation_noise,0.0013011840041300745
2020-03-17,11.75,0.0,19.99,0.4322651326656341,0.4483098983764648,0.8283758163452148,8,0.6316295346103646,0.6316295346103646,1,0,observed,0.6020879341497688,1.0,3.3599999999999994,11.34,17.534285714285716,0.4332145154476166,0.4501025974750519,0.6528608411201805,0.4335231249431067,KEEP,observation_noise,0.0013011840041300745
2020-03-18,13.47,0.0,18.65,0.4310494065284729,0.4468458294868469,0.8260032534599304,8,0.6111561147608575,,0,1,interpolated,0.0,0.0,1.7200000000000006,11.1,17.384285714285713,0.4322651326656341,0.4483098983764648,0.6316295346103646,0.4305365966809312,KEEP,observation_noise,0.0013011840041300745
2020-03-19,13.63,0.03,17.11,0.4295080602169037,0.4450517296791076,0.8231157064437866,8,0.5906826949113505,,0,1,interpolated,0.0,0.0,0.1600000000000001,11.13,16.745714285714286,0.4310494065284729,0.4468458294868469,0.6111561147608575,0.4303013372663942,KEEP,observation_noise,0.0013011840041300745
2020-03-20,10.96,0.0,24.2,0.42554372549057,0.4427825212478637,0.8155295848846436,8,0.5702092750618434,,0,1,interpolated,0.0,0.0,-2.67,11.03,18.602857142857143,0.4295080602169037,0.4450517296791076,0.5906826949113505,0.42555808011422,KEEP,observation_noise,0.0013011840041300745
2020-03-21,13.77,0.0,21.99,0.4248024821281433,0.4409859478473663,0.8141108751296997,8,0.5497358552123364,,0,1,interpolated,0.0,0.0,2.8099999999999987,3.07,19.295714285714286,0.42554372549057,0.4427825212478637,0.5702092750618434,0.4249615749199728,KEEP,observation_noise,0.0013011840041300745
2020-03-22,14.23,1.42,8.57,0.4324142336845398,0.4412383437156677,0.8287479877471924,8,0.5292624353628292,,0,1,interpolated,0.0,0.0,0.4600000000000008,3.78,18.12285714285714,0.4248024821281433,0.4409859478473663,0.5497358552123364,0.43208726732728864,KEEP,observation_noise,0.0013011840041300745
2020-03-23,12.87,0.0,23.17,0.4246313571929931,0.4396154582500458,0.8138095140457153,8,0.5087890155133221,,0,1,interpolated,0.0,0.0,-1.3600000000000012,1.45,19.09714285714286,0.4324142336845398,0.4412383437156677,0.5292624353628292,0.4245366810370781,KEEP,observation_noise,0.0013011840041300745
2020-03-24,12.22,0.0,22.44,0.4205486178398132,0.437777578830719,0.8060253858566284,8,0.4883155956638151,,0,1,interpolated,0.0,0.0,-0.6499999999999986,1.45,19.447142857142858,0.4246313571929931,0.4396154582500458,0.5087890155133221,0.42081756303517365,KEEP,observation_noise,0.0013011840041300745
2020-03-25,12.69,0.0,23.41,0.4194038510322571,0.4359786212444305,0.8037949800491333,8,0.467842175814308,,0,1,interpolated,0.0,0.0,0.4699999999999988,1.45,20.127142857142854,0.4205486178398132,0.437777578830719,0.4883155956638151,0.4185316061231008,KEEP,observation_noise,0.0013011840041300745
2020-03-26,14.5,10.52,4.97,0.4678209125995636,0.4552918374538421,0.8965224623680115,8,0.4473687559648009,,0,1,interpolated,0.0,0.0,1.8100000000000005,11.94,18.392857142857142,0.4194038510322571,0.4359786212444305,0.467842175814308,0.46737163682740057,KEEP,observation_noise,0.0013011840041300745
2020-03-27,16.39,45.61,4.02,0.4667684733867645,0.4754672050476074,0.8945229649543762,8,0.4268953361152938,,0,1,interpolated,0.0,0.0,1.8900000000000008,57.55,15.51,0.4678209125995636,0.4552918374538421,0.4473687559648009,0.4682706558506265,KEEP,observation_noise,0.0013011840041300745
2020-03-28,11.73,11.79,3.89,0.4642439484596252,0.4723834991455078,0.88970947265625,8,0.4064219162657867,,0,1,interpolated,0.0,0.0,-4.66,69.34,12.924285714285714,0.4667684733867645,0.4754672050476074,0.4268953361152938,0.464087904241402,KEEP,observation_noise,0.0013011840041300745
2020-03-29,11.15,0.05,21.26,0.4519073367118835,0.4673249125480652,0.866137683391571,8,0.3859484964162797,,0,1,interpolated,0.0,0.0,-0.5800000000000001,67.97,14.737142857142858,0.4642439484596252,0.4723834991455078,0.4064219162657867,0.45482171342056316,KEEP,observation_noise,0.0013011840041300745
2020-03-30,11.53,0.42,8.0,0.450650691986084,0.464732676744461,0.8636926412582397,8,0.3654750765667726,,0,1,interpolated,0.0,0.0,0.379999999999999,68.39,12.570000000000002,0.4519073367118835,0.4673249125480652,0.3859484964162797,0.4517139578979566,KEEP,observation_noise,0.0013011840041300745
2020-03-31,13.52,1.99,11.99,0.4548231363296509,0.4644439816474914,0.8715975284576416,8,0.3450016567172655,,0,1,interpolated,0.0,0.0,1.99,70.38,11.077142857142857,0.450650691986084,0.464732676744461,0.3654750765667726,0.4544266150902986,KEEP,observation_noise,0.0013011840041300745
2020-04-01,12.35,39.18,5.41,0.4584521949291229,0.4709023237228393,0.8786184191703796,8,0.3245282368677584,,0,1,interpolated,0.0,0.0,-1.17,109.56,8.505714285714285,0.4548231363296509,0.4644439816474914,0.3450016567172655,0.45830543607143515,KEEP,observation_noise,0.0013011840041300745
2020-04-02,12.52,0.42,23.66,0.4470143318176269,0.4661997556686401,0.856680691242218,8,0.3040548170182513,,0,1,interpolated,0.0,0.0,0.1699999999999999,99.46,11.175714285714289,0.4584521949291229,0.4709023237228393,0.3245282368677584,0.4462056254071967,KEEP,observation_noise,0.0013011840041300745
2020-04-03,13.62,0.0,17.33,0.4428057074546814,0.4633482098579407,0.8486148118972778,8,0.2835813971687442,,0,1,interpolated,0.0,0.0,1.0999999999999996,53.85,13.077142857142858,0.4470143318176269,0.4661997556686401,0.3040548170182513,0.4433812206873949,KEEP,observation_noise,0.0013011840041300745
2020-04-04,13.96,0.21,25.18,0.4416938722133636,0.4607221484184265,0.8464643955230713,8,0.2631079773192372,,0,1,interpolated,0.0,0.0,0.3400000000000016,42.27,16.118571428571432,0.4428057074546814,0.4633482098579407,0.2835813971687442,0.44166060636778953,KEEP,observation_noise,0.0013011840041300745
2020-04-05,10.75,0.49,23.47,0.439584881067276,0.4582180082798004,0.842454195022583,8,0.2426345574697301,,0,1,interpolated,0.0,0.0,-3.210000000000001,42.71,16.434285714285714,0.4416938722133636,0.4607221484184265,0.2631079773192372,0.4394787331146753,KEEP,observation_noise,0.0013011840041300745
2020-04-06,11.9,0.0,26.17,0.4367706775665283,0.4559502005577087,0.8370485305786133,8,0.222161137620223,0.222161137620223,1,0,observed,1.0,1.0,1.1500000000000004,42.29,19.03,0.439584881067276,0.4582180082798004,0.2426345574697301,0.4380415897718898,KEEP,observation_noise,0.0013011840041300745
2020-04-07,13.77,0.0,24.61,0.4351698756217956,0.4539707601070404,0.8339285254478455,8,0.2142541798111123,,0,1,interpolated,0.0,0.0,1.8699999999999992,40.3,20.832857142857144,0.4367706775665283,0.4559502005577087,0.222161137620223,0.43441523924601155,KEEP,observation_noise,0.0013011840041300745
2020-04-08,13.84,0.0,20.9,0.4348123967647552,0.4520771503448486,0.8332786560058594,8,0.2063472220020016,,0,1,interpolated,0.0,0.0,0.0700000000000002,1.12,23.045714285714286,0.4351698756217956,0.4539707601070404,0.2142541798111123,0.4344380096375204,KEEP,observation_noise,0.0013011840041300745
2020-04-09,12.64,0.0,22.3,0.4319963455200195,0.450305163860321,0.8279264569282532,8,0.1984402641928909,,0,1,interpolated,0.0,0.0,-1.1999999999999993,0.7000000000000001,22.851428571428567,0.4348123967647552,0.4520771503448486,0.2063472220020016,0.4311496760306538,KEEP,observation_noise,0.0013011840041300745
2020-04-10,11.86,0.0,16.1,0.4297286570072174,0.4484885036945343,0.8235397338867188,8,0.1905333063837802,,0,1,interpolated,0.0,0.0,-0.7800000000000011,0.7,22.675714285714285,0.4319963455200195,0.450305163860321,0.1984402641928909,0.4296518289064921,KEEP,observation_noise,0.0013011840041300745
2020-04-11,12.01,1.51,14.78,0.4457091689109802,0.4505078196525574,0.8541277050971985,8,0.1826263485746695,,0,1,interpolated,0.0,0.0,0.1500000000000003,2.0,21.19,0.4297286570072174,0.4484885036945343,0.1905333063837802,0.44558231127495723,KEEP,observation_noise,0.0013011840041300745
2020-04-12,9.44,32.37,4.79,0.4615514874458313,0.4667622745037079,0.8844871520996094,8,0.1747193907655587,,0,1,interpolated,0.0,0.0,-2.5700000000000003,33.879999999999995,18.52142857142857,0.4457091689109802,0.4505078196525574,0.1826263485746695,0.4616177822616494,KEEP,observation_noise,0.0013011840041300745
2020-04-13,9.84,7.83,9.62,0.4523717164993286,0.4636163413524627,0.8670173287391663,8,0.1668124329564481,,0,1,interpolated,0.0,0.0,0.4000000000000003,41.71,16.15714285714286,0.4615514874458313,0.4667622745037079,0.1747193907655587,0.45352184413972424,KEEP,observation_noise,0.0013011840041300745
2020-04-14,13.62,0.0,26.84,0.4401707053184509,0.4581496715545654,0.8435440063476562,8,0.1589054751473373,,0,1,interpolated,0.0,0.0,3.78,41.71,16.475714285714286,0.4523717164993286,0.4636163413524627,0.1668124329564481,0.44168520858310767,KEEP,observation_noise,0.0013011840041300745
2020-04-15,14.65,0.0,17.89,0.4362911283969879,0.4553272426128387,0.8360849618911743,8,0.1509985173382266,,0,1,interpolated,0.0,0.0,1.0300000000000011,41.71,16.045714285714286,0.4401707053184509,0.4581496715545654,0.1589054751473373,0.43789459764659644,KEEP,observation_noise,0.0013011840041300745
2020-04-16,14.03,0.01,24.03,0.4360280036926269,0.4534148871898651,0.8355780839920044,8,0.1430915595291159,0.1430915595291159,1,0,observed,1.0,1.0,-0.620000000000001,41.72,16.292857142857144,0.4362911283969879,0.4553272426128387,0.1509985173382266,0.4345787460922345,KEEP,observation_noise,0.0013011840041300745
2020-04-17,15.03,12.13,9.35,0.4499118626117706,0.4570151567459106,0.8621948957443237,8,0.1408127223696481,,0,1,interpolated,0.0,0.0,1.0,53.85,15.328571428571427,0.4360280036926269,0.4534148871898651,0.1430915595291159,0.4506490737103243,KEEP,observation_noise,0.0013011840041300745
2020-04-18,14.54,4.01,23.0,0.4408787786960602,0.4563970267772674,0.8449617028236389,8,0.1385338852101803,,0,1,interpolated,0.0,0.0,-0.4900000000000002,56.35,16.502857142857142,0.4499118626117706,0.4570151567459106,0.1408127223696481,0.4408439753454989,KEEP,observation_noise,0.0013011840041300745
2020-04-19,13.59,23.15,8.39,0.4534099102020263,0.4597918689250946,0.8688830733299255,8,0.1362550480507125,,0,1,interpolated,0.0,0.0,-0.9499999999999992,47.13,17.017142857142858,0.4408787786960602,0.4563970267772674,0.1385338852101803,0.4533936488888958,KEEP,observation_noise,0.0013011840041300745
2020-04-20,15.07,2.58,19.13,0.447018414735794,0.461575835943222,0.8566967248916626,8,0.1339762108912447,,0,1,interpolated,0.0,0.0,1.4800000000000004,41.88,18.375714285714285,0.4534099102020263,0.4597918689250946,0.1362550480507125,0.4454030028186581,KEEP,observation_noise,0.0013011840041300745
2020-04-21,13.86,0.02,18.2,0.4390344619750976,0.4566015601158142,0.8413931131362915,8,0.1316973737317769,,0,1,interpolated,0.0,0.0,-1.2100000000000009,41.9,17.14142857142857,0.447018414735794,0.461575835943222,0.1339762108912447,0.44151720917516407,KEEP,observation_noise,0.0013011840041300745
2020-04-22,10.93,0.0,25.89,0.4351215362548828,0.4524673819541931,0.8338320255279541,8,0.1294185365723091,,0,1,interpolated,0.0,0.0,-2.93,41.9,18.284285714285712,0.4390344619750976,0.4566015601158142,0.1316973737317769,0.43342547998330017,KEEP,observation_noise,0.0013011840041300745
2020-04-23,10.7,0.02,15.51,0.4322828650474548,0.4496096074581146,0.8284225463867188,8,0.1271396994128413,,0,1,interpolated,0.0,0.0,-0.2300000000000004,41.91,17.06714285714286,0.4351215362548828,0.4524673819541931,0.1294185365723091,0.4319023881033369,KEEP,observation_noise,0.0013011840041300745
2020-04-24,11.82,0.0,26.58,0.4305227696895599,0.4469580948352813,0.8250930309295654,8,0.1248608622533735,,0,1,interpolated,0.0,0.0,1.120000000000001,29.78,19.52857142857143,0.4322828650474548,0.4496096074581146,0.1271396994128413,0.4311579091458686,KEEP,observation_noise,0.0013011840041300745
2020-04-25,14.74,0.0,26.0,0.427354484796524,0.4443933367729187,0.8190022706985474,8,0.1225820250939057,,0,1,interpolated,0.0,0.0,2.92,25.77,19.957142857142856,0.4305227696895599,0.4469580948352813,0.1248608622533735,0.42747242879214814,KEEP,observation_noise,0.0013011840041300745
2020-04-26,14.77,0.93,14.01,0.427985817193985,0.4429617524147033,0.8201513886451721,8,0.1203031879344379,,0,1,interpolated,0.0,0.0,0.0299999999999993,3.5500000000000003,20.76,0.427354484796524,0.4443933367729187,0.1225820250939057,0.42705109580895667,KEEP,observation_noise,0.0013011840041300745
2020-04-27,14.19,0.03,25.16,0.4235362410545349,0.440858244895935,0.8116410970687866,8,0.1180243507749701,,0,1,interpolated,0.0,0.0,-0.5800000000000001,1.0,21.62142857142857,0.427985817193985,0.4429617524147033,0.1203031879344379,0.42465022332034436,KEEP,observation_noise,0.0013011840041300745
2020-04-28,14.38,0.06,24.59,0.4202239513397217,0.4389653205871582,0.8052913546562195,8,0.1157455136155023,,0,1,interpolated,0.0,0.0,0.1900000000000012,1.04,22.534285714285712,0.4235362410545349,0.440858244895935,0.1180243507749701,0.4223072471208603,KEEP,observation_noise,0.0013011840041300745
2020-04-29,15.52,0.0,27.24,0.4190520048141479,0.4369083046913147,0.8030927777290344,8,0.1134666764560345,,0,1,interpolated,0.0,0.0,1.1399999999999988,1.04,22.72714285714286,0.4202239513397217,0.4389653205871582,0.1157455136155023,0.41849223774693706,KEEP,observation_noise,0.0013011840041300745
2020-04-30,16.66,0.0,28.11,0.4149414896965027,0.4346596896648407,0.7952065467834473,8,0.1111878392965667,,0,1,interpolated,0.0,0.0,1.1400000000000006,1.02,24.527142857142856,0.4190520048141479,0.4369083046913147,0.1134666764560345,0.41518139949048355,KEEP,observation_noise,0.0013011840041300745
2020-05-01,18.14,0.0,27.05,0.4141655266284942,0.4327435791492462,0.7937318086624146,8,0.1089090021370988,0.1089090021370988,1,0,observed,1.0,1.0,1.4800000000000004,1.02,24.594285714285714,0.4149414896965027,0.4346596896648407,0.1111878392965667,0.411957649519425,KEEP,observation_noise,0.0013011840041300745
2020-05-02,18.71,2.42,22.3,0.4223383069038391,0.4324803948402405,0.8094251155853271,8,0.1179175764012523,,0,1,interpolated,0.0,0.0,0.5700000000000003,3.44,24.06571428571428,0.4141655266284942,0.4327435791492462,0.1089090021370988,0.4221615753738293,KEEP,observation_noise,0.0013011840041300745
2020-05-03,18.05,29.72,5.01,0.4601975679397583,0.4556257128715515,0.8819403648376465,8,0.1269261506654057,,0,1,interpolated,0.0,0.0,-0.6600000000000001,32.23,22.78,0.4223383069038391,0.4324803948402405,0.1179175764012523,0.4608306330973397,KEEP,observation_noise,0.0013011840041300745
2020-05-04,18.28,4.49,17.19,0.438259869813919,0.4528452157974243,0.8399388790130615,8,0.1359347249295592,,0,1,interpolated,0.0,0.0,0.2300000000000004,36.69,21.641428571428573,0.4601975679397583,0.4556257128715515,0.1269261506654057,0.4384246598994966,KEEP,observation_noise,0.0013011840041300745
2020-05-05,18.17,0.55,20.27,0.4283660054206848,0.4467468857765198,0.8209534287452698,8,0.1449432991937126,,0,1,interpolated,0.0,0.0,-0.1099999999999994,37.17999999999999,21.02428571428572,0.438259869813919,0.4528452157974243,0.1359347249295592,0.42681222307973105,KEEP,observation_noise,0.0013011840041300745
2020-05-06,17.62,0.09,22.47,0.426171213388443,0.443540096282959,0.8167005777359009,8,0.153951873457866,0.153951873457866,1,0,observed,1.0,1.0,-0.5500000000000007,37.27,20.342857142857145,0.4283660054206848,0.4467468857765198,0.1449432991937126,0.4250286039137943,KEEP,observation_noise,0.0013011840041300745
2020-05-07,16.73,0.0,28.99,0.4235303699970245,0.440638393163681,0.8116875886917114,8,0.1473017130778579,,0,1,interpolated,0.0,0.0,-0.8900000000000006,37.27,20.46857142857143,0.426171213388443,0.443540096282959,0.153951873457866,0.42341937088385834,KEEP,observation_noise,0.0013011840041300745
2020-05-08,18.24,0.0,28.05,0.42191082239151,0.4381588101387024,0.8086183071136475,8,0.1406515526978497,,0,1,interpolated,0.0,0.0,1.509999999999998,37.27,20.61142857142857,0.4235303699970245,0.440638393163681,0.1473017130778579,0.4217138148140865,KEEP,observation_noise,0.0013011840041300745
2020-05-09,19.09,10.72,5.43,0.4396893680095672,0.4420580267906189,0.8426662683486938,8,0.1340013923178415,,0,1,interpolated,0.0,0.0,0.8500000000000014,45.57,18.20142857142857,0.42191082239151,0.4381588101387024,0.1406515526978497,0.44012087100521385,KEEP,observation_noise,0.0013011840041300745
2020-05-10,17.84,2.97,9.5,0.4384403824806213,0.4441805481910705,0.840245246887207,8,0.1273512319378333,,0,1,interpolated,0.0,0.0,-1.25,18.82,18.842857142857145,0.4396893680095672,0.4420580267906189,0.1340013923178415,0.4389055188701119,KEEP,observation_noise,0.0013011840041300745
2020-05-11,18.16,0.02,29.2,0.4237248599529266,0.4409072697162628,0.812061071395874,8,0.1207010715578251,0.1207010715578251,1,0,observed,1.0,1.0,0.3200000000000003,14.35,20.55857142857143,0.4384403824806213,0.4441805481910705,0.1273512319378333,0.42349558934874304,KEEP,observation_noise,0.0013011840041300745
2020-05-12,17.83,0.03,20.49,0.4201069176197052,0.4376510083675384,0.8050382137298584,8,0.1209069757792786,,0,1,interpolated,0.0,0.0,-0.3300000000000018,13.83,20.59,0.4237248599529266,0.4409072697162628,0.1207010715578251,0.41875594514501485,KEEP,observation_noise,0.0013011840041300745
2020-05-13,17.04,0.0,30.19,0.4144911170005798,0.4346172511577606,0.7943534851074219,8,0.121112880000732,,0,1,interpolated,0.0,0.0,-0.7899999999999991,13.74,21.692857142857143,0.4201069176197052,0.4376510083675384,0.1209069757792786,0.41564660685915494,KEEP,observation_noise,0.0013011840041300745
2020-05-14,19.37,0.01,28.52,0.409281849861145,0.4319865107536316,0.7843964099884033,8,0.1213187842221855,,0,1,interpolated,0.0,0.0,2.330000000000002,13.75,21.625714285714285,0.4144911170005798,0.4346172511577606,0.121112880000732,0.41042418301917893,KEEP,observation_noise,0.0013011840041300745
2020-05-15,18.64,24.71,4.68,0.459618479013443,0.4473500251770019,0.8808079361915588,8,0.1215246884436389,,0,1,interpolated,0.0,0.0,-0.7300000000000004,38.46,18.287142857142857,0.409281849861145,0.4319865107536316,0.1213187842221855,0.45973785074604384,KEEP,observation_noise,0.0013011840041300745
2020-05-16,19.41,25.01,10.7,0.4486985504627228,0.4617388248443603,0.8598976135253906,8,0.1217305926650924,,0,1,interpolated,0.0,0.0,0.7699999999999996,52.75,19.04,0.459618479013443,0.4473500251770019,0.1215246884436389,0.4492400639359107,KEEP,observation_noise,0.0013011840041300745
2020-05-17,18.83,0.56,18.48,0.4399663805961609,0.4530950784683227,0.8431833386421204,8,0.1219364968865458,,0,1,interpolated,0.0,0.0,-0.5800000000000018,50.34,20.322857142857146,0.4486985504627228,0.4617388248443603,0.1217305926650924,0.4407213704304356,KEEP,observation_noise,0.0013011840041300745
2020-05-18,19.51,21.96,4.47,0.4582748115062713,0.4600291550159454,0.8782448768615723,8,0.1221424011079993,,0,1,interpolated,0.0,0.0,0.6800000000000033,72.28,16.79,0.4399663805961609,0.4530950784683227,0.1219364968865458,0.4619468400203522,KEEP,observation_noise,0.0013011840041300745
2020-05-19,17.79,1.6,23.67,0.4400446116924286,0.4565658271312713,0.8433189392089844,8,0.1223483053294527,,0,1,interpolated,0.0,0.0,-1.7200000000000024,73.85,17.244285714285716,0.4582748115062713,0.4600291550159454,0.1221424011079993,0.44130449055472465,KEEP,observation_noise,0.0013011840041300745
2020-05-20,16.21,0.08,23.57,0.4332367181777954,0.4514935612678528,0.8303210735321045,8,0.1225542095509062,,0,1,interpolated,0.0,0.0,-1.5799999999999983,73.93,16.298571428571428,0.4400446116924286,0.4565658271312713,0.1223483053294527,0.4332780958706896,KEEP,observation_noise,0.0013011840041300745
2020-05-21,15.6,0.05,23.23,0.4314381778240204,0.4484429955482483,0.8268468379974365,8,0.1227601137723596,0.1227601137723596,1,0,observed,1.0,1.0,-0.6100000000000012,73.97,15.542857142857144,0.4332367181777954,0.4514935612678528,0.1225542095509062,0.4297617016858004,KEEP,observation_noise,0.0013011840041300745
2020-05-22,17.71,0.0,25.33,0.4269372522830963,0.44589963555336,0.8181436061859131,8,0.1294207490114816,,0,1,interpolated,0.0,0.0,2.110000000000001,49.26,18.49285714285714,0.4314381778240204,0.4484429955482483,0.1227601137723596,0.4258592324159513,KEEP,observation_noise,0.0013011840041300745
2020-05-23,19.27,0.08,24.75,0.4232106506824493,0.4436395764350891,0.8110576272010803,8,0.1360813842506036,,0,1,interpolated,0.0,0.0,1.5599999999999987,24.33,20.5,0.4269372522830963,0.44589963555336,0.1294207490114816,0.4230563994443697,KEEP,observation_noise,0.0013011840041300745
2020-05-24,20.83,0.0,25.87,0.4202357828617096,0.4411534368991852,0.8053231239318848,8,0.1427420194897256,,0,1,interpolated,0.0,0.0,1.5599999999999987,23.77,21.555714285714284,0.4232106506824493,0.4436395764350891,0.1360813842506036,0.41985220799583883,KEEP,observation_noise,0.0013011840041300745
2020-05-25,20.43,1.01,15.66,0.4252425730228424,0.4400566816329956,0.8149632811546326,8,0.1494026547288476,,0,1,interpolated,0.0,0.0,-0.3999999999999986,2.8200000000000003,23.154285714285717,0.4202357828617096,0.4411534368991852,0.1427420194897256,0.42487032716368567,KEEP,observation_noise,0.0013011840041300745
2020-05-26,19.17,0.91,6.67,0.4368975162506103,0.4432913064956665,0.8373214602470398,8,0.1560632899679697,,0,1,interpolated,0.0,0.0,-1.259999999999998,2.13,20.72571428571429,0.4252425730228424,0.4400566816329956,0.1494026547288476,0.43722167339916035,KEEP,observation_noise,0.0013011840041300745
2020-05-27,18.83,0.0,22.6,0.4247059822082519,0.4409060478210449,0.8138772249221802,8,0.1627239252070916,,0,1,interpolated,0.0,0.0,-0.3400000000000034,2.05,20.587142857142855,0.4368975162506103,0.4432913064956665,0.1560632899679697,0.4243021411749224,KEEP,observation_noise,0.0013011840041300745
2020-05-28,19.86,0.0,27.85,0.4180560708045959,0.4379043877124786,0.8011850118637085,8,0.1693845604462137,,0,1,interpolated,0.0,0.0,1.0300000000000011,2.0,21.247142857142855,0.4247059822082519,0.4409060478210449,0.1627239252070916,0.41932236717922944,KEEP,observation_noise,0.0013011840041300745
2020-05-29,19.86,0.02,26.11,0.4154009222984314,0.4354121685028076,0.7961036562919617,8,0.1760451956853357,,0,1,interpolated,0.0,0.0,0.0,2.02,21.358571428571427,0.4180560708045959,0.4379043877124786,0.1693845604462137,0.4145360259788075,KEEP,observation_noise,0.0013011840041300745
2020-05-30,20.46,0.06,13.81,0.4348520934581756,0.4374217092990875,0.8333624601364136,8,0.1827058309244577,,0,1,interpolated,0.0,0.0,0.6000000000000014,2.0,19.795714285714286,0.4154009222984314,0.4354121685028076,0.1760451956853357,0.43718048098508494,KEEP,observation_noise,0.0013011840041300745
2020-05-31,20.64,2.7,18.04,0.429165631532669,0.4405109882354736,0.8224594593048096,8,0.1893664661635797,,0,1,interpolated,0.0,0.0,0.1799999999999997,4.7,18.677142857142854,0.4348520934581756,0.4374217092990875,0.1827058309244577,0.4327416879285093,KEEP,observation_noise,0.0013011840041300745
2020-06-01,20.32,6.13,13.52,0.4239559769630432,0.4373875260353088,0.8124485015869141,8,0.1960271014027017,,0,1,interpolated,0.0,0.0,-0.3200000000000003,9.82,18.37142857142857,0.429165631532669,0.4405109882354736,0.1893664661635797,0.42334225572953477,KEEP,observation_noise,0.0013011840041300745
2020-06-02,21.04,0.03,27.86,0.4143638610839844,0.4342959821224212,0.7940886616706848,8,0.2026877366418236,,0,1,interpolated,0.0,0.0,0.7199999999999989,8.94,21.398571428571422,0.4239559769630432,0.4373875260353088,0.1960271014027017,0.413548652923181,KEEP,observation_noise,0.0013011840041300745
2020-06-03,21.17,0.15,11.29,0.4347070753574371,0.437170147895813,0.8330380916595459,8,0.2093483718809456,,0,1,interpolated,0.0,0.0,0.1300000000000025,9.09,19.782857142857143,0.4143638610839844,0.4342959821224212,0.2026877366418236,0.4358529455247152,KEEP,observation_noise,0.0013011840041300745
2020-06-04,21.96,0.04,20.67,0.4241076111793518,0.437659204006195,0.8128085732460022,8,0.2160090071200676,,0,1,interpolated,0.0,0.0,0.7899999999999991,9.13,18.75714285714286,0.4347070753574371,0.437170147895813,0.2093483718809456,0.42528050955265945,KEEP,observation_noise,0.0013011840041300745
2020-06-05,21.74,0.04,18.58,0.4235758781433105,0.4353922605514526,0.8117000460624695,8,0.2226696423591896,,0,1,interpolated,0.0,0.0,-0.2200000000000024,9.15,17.681428571428572,0.4241076111793518,0.437659204006195,0.2160090071200676,0.424295336750076,KEEP,observation_noise,0.0013011840041300745
2020-06-06,20.93,0.09,9.33,0.4310513138771057,0.4366951584815979,0.8261173963546753,8,0.2293302775983117,,0,1,interpolated,0.0,0.0,-0.8099999999999987,9.18,17.041428571428572,0.4235758781433105,0.4353922605514526,0.2226696423591896,0.43220803952178055,KEEP,observation_noise,0.0013011840041300745
2020-06-07,21.15,0.02,27.56,0.4221377968788147,0.4361519813537597,0.8090067505836487,8,0.2359909128374336,,0,1,interpolated,0.0,0.0,0.2199999999999988,6.5,18.40142857142857,0.4310513138771057,0.4366951584815979,0.2293302775983117,0.4205175203828671,KEEP,observation_noise,0.0013011840041300745
2020-06-08,22.7,0.02,28.26,0.4101717174053192,0.4320920705795288,0.7860228419303894,8,0.2426515480765557,,0,1,interpolated,0.0,0.0,1.5500000000000007,0.39,20.507142857142856,0.4221377968788147,0.4361519813537597,0.2359909128374336,0.4093208019034108,KEEP,observation_noise,0.0013011840041300745
2020-06-09,23.72,0.06,25.71,0.4100125133991241,0.4294312298297882,0.7857372760772705,8,0.2493121833156777,,0,1,interpolated,0.0,0.0,1.0199999999999996,0.42,20.2,0.4101717174053192,0.4320920705795288,0.2426515480765557,0.4107632937471561,KEEP,observation_noise,0.0013011840041300745
2020-06-10,24.33,5.79,25.85,0.4393628537654876,0.4331900477409363,0.8420214653015137,8,0.2559728185547997,0.2559728185547997,1,0,observed,1.0,1.0,0.6099999999999994,6.0600000000000005,22.28,0.4100125133991241,0.4294312298297882,0.2493121833156777,0.43977814429768464,KEEP,observation_noise,0.0013011840041300745
2020-06-11,23.48,43.1,6.91,0.4449082911014557,0.4501855671405792,0.8526477813720703,8,0.2630813781594666,,0,1,interpolated,0.0,0.0,-0.8499999999999979,49.120000000000005,20.314285714285717,0.4393628537654876,0.4331900477409363,0.2559728185547997,0.4453315728580921,KEEP,observation_noise,0.0013011840041300745
2020-06-12,24.03,22.98,15.81,0.4435233175754547,0.4451237022876739,0.8499792218208313,8,0.2701899377641335,,0,1,interpolated,0.0,0.0,0.5500000000000007,72.06,19.91857142857143,0.4449082911014557,0.4501855671405792,0.2630813781594666,0.4434041445871273,KEEP,observation_noise,0.0013011840041300745
2020-06-13,24.46,23.17,6.84,0.4586556553840637,0.4563027322292328,0.8790130019187927,8,0.2772984973688004,,0,1,interpolated,0.0,0.0,0.4299999999999997,95.14,19.562857142857144,0.4435233175754547,0.4451237022876739,0.2701899377641335,0.45677630994083984,KEEP,observation_noise,0.0013011840041300745
2020-06-14,24.89,13.35,8.0,0.4551485776901245,0.4605072438716888,0.8722976446151733,8,0.2844070569734673,,0,1,interpolated,0.0,0.0,0.4299999999999997,108.47,16.76857142857143,0.4586556553840637,0.4563027322292328,0.2772984973688004,0.45476039187685274,KEEP,observation_noise,0.0013011840041300745
2020-06-15,23.2,0.29,18.58,0.4410025477409363,0.4545267820358276,0.8451768755912781,8,0.2915156165781343,,0,1,interpolated,0.0,0.0,-1.6900000000000013,108.74,15.385714285714284,0.4551485776901245,0.4605072438716888,0.2844070569734673,0.4429635714828738,KEEP,observation_noise,0.0013011840041300745
2020-06-16,22.7,0.03,28.95,0.4368587434291839,0.450715959072113,0.8371909856796265,8,0.2986241761828012,,0,1,interpolated,0.0,0.0,-0.5,108.71,15.848571428571429,0.4410025477409363,0.4545267820358276,0.2915156165781343,0.43620131033981296,KEEP,observation_noise,0.0013011840041300745
2020-06-17,22.98,1.9,18.03,0.4463166892528534,0.4531226754188537,0.8553256392478943,8,0.3057327357874681,,0,1,interpolated,0.0,0.0,0.2800000000000011,104.82,14.73142857142857,0.4368587434291839,0.450715959072113,0.2986241761828012,0.4476131697430168,KEEP,observation_noise,0.0013011840041300745
2020-06-18,21.83,111.89,3.93,0.4751075506210327,0.4757095277309418,0.9105498790740968,8,0.312841295392135,,0,1,interpolated,0.0,0.0,-1.150000000000002,173.61,14.305714285714286,0.4463166892528534,0.4531226754188537,0.3057327357874681,0.47455140780165495,KEEP,observation_noise,0.0013011840041300745
2020-06-19,21.47,28.81,9.98,0.4582754969596863,0.4759736061096191,0.8782094717025757,8,0.3199498549968019,,0,1,interpolated,0.0,0.0,-0.3599999999999994,179.44000000000003,13.472857142857142,0.4751075506210327,0.4757095277309418,0.312841295392135,0.4595406243767353,KEEP,observation_noise,0.0013011840041300745
2020-06-20,21.63,0.01,23.1,0.4487602710723877,0.4682594835758209,0.8600252866744995,8,0.3270584146014688,,0,1,interpolated,0.0,0.0,0.1600000000000001,156.28,15.795714285714284,0.4582754969596863,0.4759736061096191,0.3199498549968019,0.4507769568192817,KEEP,observation_noise,0.0013011840041300745
2020-06-21,22.55,0.0,17.81,0.4462208151817322,0.4640161693096161,0.8551244735717773,8,0.3341669742061358,,0,1,interpolated,0.0,0.0,0.9200000000000016,142.93,17.197142857142858,0.4487602710723877,0.4682594835758209,0.3270584146014688,0.44516613675298483,KEEP,observation_noise,0.0013011840041300745
2020-06-22,23.45,0.0,29.62,0.4394735097885132,0.460304319858551,0.8421869874000549,8,0.3412755338108026,,0,1,interpolated,0.0,0.0,0.8999999999999986,142.64,18.77428571428572,0.4462208151817322,0.4640161693096161,0.3341669742061358,0.44029728057084194,KEEP,observation_noise,0.0013011840041300745
2020-06-23,23.8,0.02,28.97,0.436194509267807,0.4568839073181152,0.8358632326126099,8,0.3483840934154696,,0,1,interpolated,0.0,0.0,0.3500000000000014,142.63000000000002,18.777142857142856,0.4394735097885132,0.460304319858551,0.3412755338108026,0.43374906900667487,KEEP,observation_noise,0.0013011840041300745
2020-06-24,24.44,0.86,26.46,0.457143634557724,0.4614797234535217,0.876112699508667,8,0.3554926530201365,,0,1,interpolated,0.0,0.0,0.6400000000000006,141.59,19.981428571428573,0.436194509267807,0.4568839073181152,0.3483840934154696,0.4557131821673629,KEEP,observation_noise,0.0013011840041300745
2020-06-25,24.82,14.24,7.99,0.4727682471275329,0.4831147193908691,0.9061008095741272,8,0.3626012126248034,,0,1,interpolated,0.0,0.0,0.379999999999999,43.94000000000001,20.56142857142857,0.457143634557724,0.4614797234535217,0.3554926530201365,0.4727271265344521,KEEP,observation_noise,0.0013011840041300745
2020-06-26,23.82,12.96,20.66,0.4693074524402618,0.4808392524719238,0.8994178771972656,8,0.3697097722294703,,0,1,interpolated,0.0,0.0,-1.0,28.090000000000018,22.087142857142855,0.4727682471275329,0.4831147193908691,0.3626012126248034,0.4701325253164933,KEEP,observation_noise,0.0013011840041300745
2020-06-27,24.31,46.73,11.92,0.474060446023941,0.4872927665710449,0.908473253250122,8,0.3768183318341372,,0,1,interpolated,0.0,0.0,0.4899999999999984,74.81000000000002,20.49,0.4693074524402618,0.4808392524719238,0.3697097722294703,0.4740974376915747,KEEP,observation_noise,0.0013011840041300745
2020-06-28,23.89,2.54,21.84,0.4637706577777862,0.4826300740242004,0.8888030648231506,8,0.3839268914388041,,0,1,interpolated,0.0,0.0,-0.4199999999999981,77.35000000000001,21.06571428571428,0.474060446023941,0.4872927665710449,0.3768183318341372,0.4641244344933852,KEEP,observation_noise,0.0013011840041300745
2020-06-29,23.67,21.77,12.81,0.468104600906372,0.4814242422580719,0.8970856666564941,8,0.391035451043471,,0,1,interpolated,0.0,0.0,-0.2199999999999988,99.12,18.66428571428571,0.4637706577777862,0.4826300740242004,0.3839268914388041,0.46889846058719137,KEEP,observation_noise,0.0013011840041300745
2020-06-30,24.14,13.66,13.87,0.4617680013179779,0.4811834394931793,0.8849437832832336,8,0.398144010648138,,0,1,interpolated,0.0,0.0,0.4699999999999988,112.76000000000002,16.507142857142856,0.468104600906372,0.4814242422580719,0.391035451043471,0.46191551967456723,KEEP,observation_noise,0.0013011840041300745
2020-07-01,22.19,2.24,14.21,0.4555040001869201,0.476237028837204,0.8729778528213501,8,0.4052525702528049,,0,1,interpolated,0.0,0.0,-1.9499999999999995,114.14,14.757142857142856,0.4617680013179779,0.4811834394931793,0.398144010648138,0.4563206443193077,KEEP,observation_noise,0.0013011840041300745
2020-07-02,22.94,0.0,21.63,0.4584842920303345,0.4746710956096649,0.8786675333976746,8,0.4123611298574718,,0,1,interpolated,0.0,0.0,0.75,99.9,16.705714285714286,0.4555040001869201,0.476237028837204,0.4052525702528049,0.45988257547708006,KEEP,observation_noise,0.0013011840041300745
2020-07-03,22.29,24.19,8.36,0.4730215966701507,0.4825239181518554,0.9065380096435548,8,0.4194696894621387,,0,1,interpolated,0.0,0.0,-0.6500000000000021,111.13,14.948571428571428,0.4584842920303345,0.4746710956096649,0.4123611298574718,0.4727054947357262,KEEP,observation_noise,0.0013011840041300745
2020-07-04,22.68,12.99,12.76,0.4643196165561676,0.4808043539524078,0.8898723721504211,8,0.4265782490668056,,0,1,interpolated,0.0,0.0,0.3900000000000005,77.39,15.06857142857143,0.4730215966701507,0.4825239181518554,0.4194696894621387,0.4626570531623363,KEEP,observation_noise,0.0013011840041300745
2020-07-05,23.77,13.41,10.68,0.4649832844734192,0.4803167581558227,0.8911632895469666,8,0.4336868086714726,,0,1,interpolated,0.0,0.0,1.09,88.26000000000002,13.474285714285712,0.4643196165561676,0.4808043539524078,0.4265782490668056,0.46352141403717717,KEEP,observation_noise,0.0013011840041300745
2020-07-06,24.6,123.52,2.11,0.502387285232544,0.5079994201660156,0.962814211845398,8,0.4407953682761395,,0,1,interpolated,0.0,0.0,0.8300000000000018,190.01,11.945714285714285,0.4649832844734192,0.4803167581558227,0.4336868086714726,0.5016451560641808,KEEP,observation_noise,0.0013011840041300745
2020-07-07,24.81,98.85,3.81,0.5029451847076416,0.5193111896514893,0.9639098048210144,8,0.4479039278808064,,0,1,interpolated,0.0,0.0,0.2099999999999973,275.20000000000005,10.508571428571427,0.502387285232544,0.5079994201660156,0.4407953682761395,0.5004503746090387,KEEP,observation_noise,0.0013011840041300745
2020-07-08,24.02,17.4,20.44,0.4916040897369385,0.5131591558456421,0.942125916481018,8,0.4550124874854733,,0,1,interpolated,0.0,0.0,-0.7899999999999991,290.36,11.398571428571428,0.5029451847076416,0.5193111896514893,0.4479039278808064,0.49244820359849323,KEEP,observation_noise,0.0013011840041300745
2020-07-09,24.91,31.18,7.96,0.5031689405441284,0.5148691534996033,0.9642956256866456,8,0.4621210470901402,,0,1,interpolated,0.0,0.0,0.8900000000000006,321.54,9.445714285714288,0.4916040897369385,0.5131591558456421,0.4550124874854733,0.5049734657808631,KEEP,observation_noise,0.0013011840041300745
2020-07-10,24.76,101.36,4.54,0.5061215758323669,0.5200684070587158,0.9699824452400208,8,0.4692296066948072,,0,1,interpolated,0.0,0.0,-0.1499999999999985,398.71,8.9,0.5031689405441284,0.5148691534996033,0.4621210470901402,0.5053048120056988,KEEP,observation_noise,0.0013011840041300745
2020-07-11,24.08,14.27,12.84,0.5002961754798889,0.5155549645423889,0.9588888883590698,8,0.3884206607715361,,0,1,climatology,0.0,0.0,-0.6800000000000033,399.99,8.911428571428571,0.5061215758323669,0.5200684070587158,0.4692296066948072,0.4988183964487492,KEEP,observation_noise,0.0013011840041300745
2020-07-12,22.46,11.81,6.84,0.5055257678031921,0.5172197818756104,0.9687576293945312,8,0.3165843964113828,,0,1,climatology,0.0,0.0,-1.6199999999999974,398.39,8.362857142857143,0.5002961754798889,0.5155549645423889,0.3884206607715361,0.5078377280062663,KEEP,observation_noise,0.0013011840041300745
2020-07-13,25.11,50.12,5.17,0.5069015622138977,0.518223226070404,0.971434473991394,8,0.2447481320512294,,0,1,climatology,0.0,0.0,2.6499999999999986,324.99,8.8,0.5055257678031921,0.5172197818756104,0.3165843964113828,0.5068054598014127,KEEP,observation_noise,0.0013011840041300745
2020-07-14,23.08,62.69,10.68,0.5001864433288574,0.5174118876457214,0.958571434020996,8,0.1729118676910761,,0,1,climatology,0.0,0.0,-2.030000000000001,288.83000000000004,9.781428571428572,0.5069015622138977,0.518223226070404,0.2447481320512294,0.5004358258640623,KEEP,observation_noise,0.0013011840041300745
2020-07-15,21.73,7.25,9.89,0.4984985291957855,0.5138362050056458,0.955392062664032,8,0.6437345740683281,,0,1,climatology,0.0,0.0,-1.349999999999998,278.68,8.274285714285714,0.5001864433288574,0.5174118876457214,0.1729118676910761,0.4994992279262747,KEEP,observation_noise,0.0013011840041300745
2020-07-16,22.36,0.6,20.02,0.489648699760437,0.5096854567527771,0.9383225440979004,8,0.5910292424246486,,0,1,climatology,0.0,0.0,0.629999999999999,248.1,9.997142857142856,0.4984985291957855,0.5138362050056458,0.6437345740683281,0.48973023833360496,KEEP,observation_noise,0.0013011840041300745
2020-07-17,23.1,0.72,24.05,0.4845359027385711,0.5057956576347351,0.9285871982574464,8,0.5383239107809691,,0,1,climatology,0.0,0.0,0.740000000000002,147.46,12.784285714285716,0.489648699760437,0.5096854567527771,0.5910292424246486,0.4845120966730707,KEEP,observation_noise,0.0013011840041300745
2020-07-18,23.93,0.49,15.36,0.4835607409477234,0.5034750699996948,0.9266415238380432,8,0.4856185791372896,,0,1,climatology,0.0,0.0,0.8299999999999983,133.68,13.144285714285717,0.4845359027385711,0.5057956576347351,0.5383239107809691,0.4842499255436126,KEEP,observation_noise,0.0013011840041300745
2020-07-19,26.15,3.19,16.77,0.4817287921905517,0.5015206933021545,0.9232657551765442,8,0.4329132474936101,,0,1,climatology,0.0,0.0,2.219999999999999,125.06,14.562857142857142,0.4835607409477234,0.5034750699996948,0.4856185791372896,0.4815407546776035,KEEP,observation_noise,0.0013011840041300745
2020-07-20,26.66,1.34,19.27,0.4837431907653808,0.4995899796485901,0.9271048307418824,8,0.5001935404270588,,0,1,climatology,0.0,0.0,0.5100000000000016,76.28,16.577142857142857,0.4817287921905517,0.5015206933021545,0.4329132474936101,0.48321860734472577,KEEP,observation_noise,0.0013011840041300745
2020-07-21,26.04,14.75,14.92,0.4788379073143005,0.4978830516338348,0.9176127910614014,8,0.5674738333605075,,0,1,climatology,0.0,0.0,-0.620000000000001,28.34000000000001,17.18285714285714,0.4837431907653808,0.4995899796485901,0.5001935404270588,0.47736167105425603,KEEP,observation_noise,0.0013011840041300745
2020-07-22,25.97,17.34,12.73,0.485149085521698,0.4988712072372436,0.929762363433838,8,0.6347541262939562,,0,1,climatology,0.0,0.0,-0.0700000000000002,38.430000000000014,17.58857142857143,0.4788379073143005,0.4978830516338348,0.5674738333605075,0.4854521138398881,KEEP,observation_noise,0.0013011840041300745
2020-07-23,25.62,24.81,7.41,0.4983875751495361,0.507666289806366,0.9550995826721193,8,0.702034419227405,,0,1,climatology,0.0,0.0,-0.3499999999999978,62.640000000000015,15.787142857142856,0.485149085521698,0.4988712072372436,0.6347541262939562,0.497052661026817,KEEP,observation_noise,0.0013011840041300745
2020-07-24,25.38,68.35,13.12,0.4889136552810669,0.5119463801383972,0.9369745254516602,8,0.7693147121608537,,0,1,climatology,0.0,0.0,-0.240000000000002,130.27,14.225714285714286,0.4983875751495361,0.507666289806366,0.702034419227405,0.48824758073092583,KEEP,observation_noise,0.0013011840041300745
2020-07-25,24.24,9.51,12.09,0.4808152019977569,0.5043838024139404,0.921464204788208,8,0.5694127448132206,,0,1,climatology,0.0,0.0,-1.1400000000000006,139.29,13.758571428571427,0.4889136552810669,0.5119463801383972,0.7693147121608537,0.48339709406960896,KEEP,observation_noise,0.0013011840041300745
2020-07-26,25.65,15.5,11.65,0.4934837520122528,0.5049071907997131,0.9457885026931764,8,0.5269902336343665,,0,1,climatology,0.0,0.0,1.41,151.6,13.027142857142858,0.4808152019977569,0.5043838024139404,0.5694127448132206,0.4926602338411905,KEEP,observation_noise,0.0013011840041300745
2020-07-27,26.39,26.0,4.17,0.5022316575050354,0.5177461504936218,0.9624985456466676,8,0.4845677224555124,,0,1,climatology,0.0,0.0,0.740000000000002,176.26,10.87,0.4934837520122528,0.5049071907997131,0.5269902336343665,0.5050110259562464,KEEP,observation_noise,0.0013011840041300745
2020-07-28,25.96,19.38,12.2,0.4988123178482055,0.5152904391288757,0.9559656381607056,8,0.4421452112766583,,0,1,climatology,0.0,0.0,-0.4299999999999997,180.89,10.481428571428571,0.5022316575050354,0.5177461504936218,0.4845677224555124,0.4997950885614441,KEEP,observation_noise,0.0013011840041300745
2020-07-29,26.4,9.68,19.94,0.4924041926860809,0.5107191801071167,0.94370037317276,8,0.3997227000978042,,0,1,climatology,0.0,0.0,0.4399999999999977,173.23000000000002,11.51142857142857,0.4988123178482055,0.5152904391288757,0.4421452112766583,0.49415297106189254,KEEP,observation_noise,0.0013011840041300745
2020-07-30,26.55,0.82,23.69,0.4843845963478088,0.5059489607810974,0.9282819032669068,8,0.6114007987881455,0.6114007987881455,1,0,observed,1.0,1.0,0.1500000000000021,149.24,13.837142857142856,0.4924041926860809,0.5107191801071167,0.3997227000978042,0.4850553454316238,KEEP,observation_noise,0.0013011840041300745
2020-07-31,26.54,0.39,22.9,0.4801948070526123,0.5019800066947937,0.9202407002449036,8,0.6022606057307467,,0,1,interpolated,0.0,0.0,-0.0100000000000015,81.28000000000002,15.234285714285717,0.4843845963478088,0.5059489607810974,0.6114007987881455,0.4780203582883071,KEEP,observation_noise,0.0013011840041300745
2020-08-01,26.98,0.26,22.92,0.4766173958778381,0.498520940542221,0.9134580492973328,8,0.5931204126733479,,0,1,interpolated,0.0,0.0,0.4400000000000013,72.03,16.781428571428574,0.4801948070526123,0.5019800066947937,0.6022606057307467,0.4764647408214423,KEEP,observation_noise,0.0013011840041300745
2020-08-02,27.6,0.59,22.86,0.4713790118694305,0.4947802722454071,0.9033180475234984,8,0.5839802196159491,,0,1,interpolated,0.0,0.0,0.620000000000001,57.12000000000001,18.382857142857144,0.4766173958778381,0.498520940542221,0.5931204126733479,0.46962720577144246,KEEP,observation_noise,0.0013011840041300745
2020-08-03,27.27,0.02,22.53,0.4678478240966797,0.491513043642044,0.896624743938446,8,0.5748400265585504,,0,1,interpolated,0.0,0.0,-0.3300000000000018,31.14000000000001,21.005714285714284,0.4713790118694305,0.4947802722454071,0.5839802196159491,0.4670729760959521,KEEP,observation_noise,0.0013011840041300745
2020-08-04,27.93,0.02,24.79,0.4634024500846863,0.4878469109535217,0.8881493806838989,8,0.5656998335011516,0.5656998335011516,1,0,observed,1.0,1.0,0.6600000000000001,11.780000000000014,22.80428571428572,0.4678478240966797,0.491513043642044,0.5748400265585504,0.46545549863750885,KEEP,observation_noise,0.0013011840041300745
2020-08-05,28.53,0.0,23.64,0.4595801532268524,0.4840522706508636,0.8807893395423889,8,0.5517357360993526,,0,1,interpolated,0.0,0.0,0.6000000000000014,2.1000000000000143,23.33285714285714,0.4634024500846863,0.4878469109535217,0.5656998335011516,0.45947010387292253,KEEP,observation_noise,0.0013011840041300745
2020-08-06,27.98,1.04,18.32,0.4680056571960449,0.4826127290725708,0.8968871831893921,8,0.5377716386975534,,0,1,interpolated,0.0,0.0,-0.5500000000000007,2.3200000000000145,22.56571428571428,0.4595801532268524,0.4840522706508636,0.5517357360993526,0.46677759031777133,KEEP,observation_noise,0.0013011840041300745
2020-08-07,27.94,3.06,12.04,0.4696148931980133,0.4824459552764892,0.900017261505127,8,0.5238075412957544,,0,1,interpolated,0.0,0.0,-0.0399999999999991,4.990000000000014,21.01428571428572,0.4680056571960449,0.4826127290725708,0.5377716386975534,0.4696574280374361,KEEP,observation_noise,0.0013011840041300745
2020-08-08,27.77,4.65,16.06,0.4629289209842682,0.4807416796684265,0.8871668577194214,8,0.5098434438939553,,0,1,interpolated,0.0,0.0,-0.1700000000000017,9.380000000000017,20.03428571428572,0.4696148931980133,0.4824459552764892,0.5238075412957544,0.462943700681123,KEEP,observation_noise,0.0013011840041300745
2020-08-09,28.31,1.12,18.61,0.4550427198410034,0.4766412675380707,0.8720180988311768,8,0.4958793464921561,,0,1,interpolated,0.0,0.0,0.5399999999999991,9.910000000000014,19.427142857142854,0.4629289209842682,0.4807416796684265,0.5098434438939553,0.4559135110312385,KEEP,observation_noise,0.0013011840041300745
2020-08-10,28.44,9.31,13.68,0.4583208858966827,0.4744552969932556,0.8783761262893677,8,0.4819152490903571,,0,1,interpolated,0.0,0.0,0.1300000000000025,19.200000000000017,18.162857142857145,0.4550427198410034,0.4766412675380707,0.4958793464921561,0.4598891673940415,KEEP,observation_noise,0.0013011840041300745
2020-08-11,27.71,12.0,7.13,0.4781805276870727,0.4850375056266784,0.9163804054260254,8,0.467951151688558,,0,1,interpolated,0.0,0.0,-0.7300000000000004,31.180000000000017,15.64,0.4583208858966827,0.4744552969932556,0.4819152490903571,0.4767488939863277,KEEP,observation_noise,0.0013011840041300745
2020-08-12,28.39,5.79,19.1,0.4661939442157745,0.4829175472259521,0.8934365510940552,8,0.4539870542867589,,0,1,interpolated,0.0,0.0,0.6799999999999997,36.97000000000002,14.991428571428573,0.4781805276870727,0.4850375056266784,0.467951151688558,0.4650985570076115,KEEP,observation_noise,0.0013011840041300745
2020-08-13,28.66,2.68,24.01,0.4561928808689117,0.4776702523231506,0.8743104338645935,8,0.4400229568849598,,0,1,interpolated,0.0,0.0,0.2699999999999996,38.61000000000002,15.804285714285712,0.4661939442157745,0.4829175472259521,0.4539870542867589,0.45419033905439377,KEEP,observation_noise,0.0013011840041300745
2020-08-14,28.92,0.26,26.23,0.4503222107887268,0.4732055962085724,0.8629890084266663,8,0.4260588594831607,0.4260588594831607,1,0,observed,1.0,1.0,0.2600000000000015,35.81000000000002,17.83142857142857,0.4561928808689117,0.4776702523231506,0.4400229568849598,0.4521196611545753,KEEP,observation_noise,0.0013011840041300745
2020-08-15,28.61,0.04,26.83,0.4464998543262481,0.4693180024623871,0.8556458950042725,8,0.4189329134400038,,0,1,interpolated,0.0,0.0,-0.3100000000000023,31.200000000000017,19.37,0.4503222107887268,0.4732055962085724,0.4260588594831607,0.4495848192599785,KEEP,observation_noise,0.0013011840041300745
2020-08-16,28.41,0.0,26.58,0.4432542324066162,0.4658093452453613,0.8495043516159058,8,0.4118069673968468,,0,1,interpolated,0.0,0.0,-0.1999999999999993,30.080000000000016,20.50857142857143,0.4464998543262481,0.4693180024623871,0.4189329134400038,0.442767775782635,KEEP,observation_noise,0.0013011840041300745
2020-08-17,28.35,0.01,26.28,0.4390093386173248,0.4624576270580292,0.8413562774658203,8,0.4046810213536899,,0,1,interpolated,0.0,0.0,-0.0599999999999987,20.780000000000012,22.30857142857143,0.4432542324066162,0.4658093452453613,0.4118069673968468,0.4387981555227513,KEEP,observation_noise,0.0013011840041300745
2020-08-18,28.49,0.0,26.52,0.4359396994113922,0.4592504501342773,0.835419774055481,8,0.3975550753105329,,0,1,interpolated,0.0,0.0,0.139999999999997,8.780000000000014,25.07857142857143,0.4390093386173248,0.4624576270580292,0.4046810213536899,0.4355870200672783,KEEP,observation_noise,0.0013011840041300745
2020-08-19,28.79,0.01,25.85,0.4315493106842041,0.4561043381690979,0.8270559310913086,8,0.390429129267376,0.390429129267376,1,0,observed,1.0,1.0,0.3000000000000007,3.000000000000014,26.042857142857144,0.4359396994113922,0.4592504501342773,0.3975550753105329,0.43121224029634503,KEEP,observation_noise,0.0013011840041300745
2020-08-20,28.81,0.03,24.23,0.4294663965702057,0.4532535076141357,0.8230642080307007,8,0.3680245309420833,,0,1,interpolated,0.0,0.0,0.0199999999999995,0.3500000000000142,26.074285714285715,0.4315493106842041,0.4561043381690979,0.390429129267376,0.4290213045679688,KEEP,observation_noise,0.0013011840041300745
2020-08-21,28.02,0.39,21.31,0.4284913837909698,0.4508524239063263,0.8211313486099243,8,0.3456199326167906,,0,1,interpolated,0.0,0.0,-0.7899999999999991,0.4800000000000142,25.37142857142857,0.4294663965702057,0.4532535076141357,0.3680245309420833,0.4288201587348204,KEEP,observation_noise,0.0013011840041300745
2020-08-22,28.06,8.22,17.84,0.4314045906066894,0.448996901512146,0.8267165422439575,8,0.3232153342914979,,0,1,interpolated,0.0,0.0,0.0399999999999991,8.660000000000014,24.087142857142855,0.4284913837909698,0.4508524239063263,0.3456199326167906,0.43211497952946326,KEEP,observation_noise,0.0013011840041300745
2020-08-23,27.56,4.23,16.25,0.4389605522155761,0.4488418996334076,0.8412229418754578,8,0.3008107359662053,,0,1,interpolated,0.0,0.0,-0.5,12.890000000000017,22.61142857142857,0.4314045906066894,0.448996901512146,0.3232153342914979,0.44019644314040574,KEEP,observation_noise,0.0013011840041300745
2020-08-24,28.76,0.23,23.77,0.4257321357727051,0.4459640681743622,0.8158818483352661,8,0.2784061376409126,0.2784061376409126,1,0,observed,1.0,1.0,1.2000000000000028,13.110000000000015,22.252857142857145,0.4389605522155761,0.4488418996334076,0.3008107359662053,0.4253815748318363,KEEP,observation_noise,0.0013011840041300745
2020-08-25,29.33,0.2,21.75,0.42352956533432,0.4429254233837127,0.8117043972015381,8,0.2534527172779599,,0,1,interpolated,0.0,0.0,0.5699999999999967,13.310000000000016,21.571428571428573,0.4257321357727051,0.4459640681743622,0.2784061376409126,0.42436117187038497,KEEP,observation_noise,0.0013011840041300745
2020-08-26,28.68,6.57,15.33,0.4306868314743042,0.4413593113422394,0.825421929359436,8,0.2284992969150072,,0,1,interpolated,0.0,0.0,-0.6499999999999986,19.87000000000001,20.068571428571428,0.42352956533432,0.4429254233837127,0.2534527172779599,0.4293155518136333,KEEP,observation_noise,0.0013011840041300745
2020-08-27,28.19,1.59,13.16,0.4230332672595978,0.4391764104366302,0.810754656791687,8,0.2035458765520545,,0,1,interpolated,0.0,0.0,-0.4899999999999984,21.43000000000001,18.487142857142857,0.4306868314743042,0.4413593113422394,0.2284992969150072,0.4222746739513974,KEEP,observation_noise,0.0013011840041300745
2020-08-28,28.28,5.99,15.83,0.4190326631069183,0.4369111955165863,0.8030203580856323,8,0.1785924561891018,,0,1,interpolated,0.0,0.0,0.0899999999999998,27.030000000000012,17.704285714285714,0.4230332672595978,0.4391764104366302,0.2035458765520545,0.4206856809211731,KEEP,observation_noise,0.0013011840041300745
2020-08-29,29.29,0.9,23.94,0.4125055372714996,0.4341531991958618,0.7905354499816895,8,0.1536390358261491,0.1536390358261491,1,0,observed,1.0,1.0,1.009999999999998,19.71000000000001,18.575714285714287,0.4190326631069183,0.4369111955165863,0.1785924561891018,0.4109436465905668,KEEP,observation_noise,0.0013011840041300745
2020-08-30,28.97,2.25,22.64,0.4148975908756256,0.4320862293243408,0.7951236367225647,8,0.1536827224552358,,0,1,interpolated,0.0,0.0,-0.3200000000000003,17.730000000000015,19.488571428571426,0.4125055372714996,0.4341531991958618,0.1536390358261491,0.41311923567921,KEEP,observation_noise,0.0013011840041300745
2020-08-31,28.49,0.46,21.92,0.4118976294994354,0.4301411211490631,0.7893527150154114,8,0.1537264090843226,,0,1,interpolated,0.0,0.0,-0.4800000000000004,17.960000000000015,19.224285714285717,0.4148975908756256,0.4320862293243408,0.1536827224552358,0.4106126508421574,KEEP,observation_noise,0.0013011840041300745
2020-09-01,28.73,0.84,18.57,0.4194065034389496,0.429243803024292,0.8038058876991272,8,0.1537700957134093,,0,1,interpolated,0.0,0.0,0.240000000000002,18.600000000000016,18.770000000000003,0.4118976294994354,0.4301411211490631,0.1537264090843226,0.41904708890279047,KEEP,observation_noise,0.0013011840041300745
2020-09-02,28.75,9.53,12.82,0.4309320747852325,0.4316760301589966,0.8258489966392517,8,0.1538137823424961,,0,1,interpolated,0.0,0.0,0.0199999999999995,21.560000000000013,18.41142857142857,0.4194065034389496,0.429243803024292,0.1537700957134093,0.43188280801477424,KEEP,observation_noise,0.0013011840041300745
2020-09-03,27.74,5.53,16.27,0.4288055598735809,0.4318878650665283,0.8217727541923523,8,0.1538574689715828,,0,1,interpolated,0.0,0.0,-1.0100000000000016,25.50000000000001,18.85571428571429,0.4309320747852325,0.4316760301589966,0.1538137823424961,0.42872159711541663,KEEP,observation_noise,0.0013011840041300745
2020-09-04,26.57,2.22,17.49,0.4168506562709808,0.4286055266857147,0.7988876104354858,8,0.1539011556006696,,0,1,interpolated,0.0,0.0,-1.1699999999999982,21.73000000000001,19.092857142857145,0.4288055598735809,0.4318878650665283,0.1538574689715828,0.41882315171676543,KEEP,observation_noise,0.0013011840041300745
2020-09-05,25.25,7.03,9.85,0.4294178187847137,0.4309755861759186,0.8229406476020813,8,0.1539448422297563,,0,1,interpolated,0.0,0.0,-1.3200000000000005,27.860000000000014,17.080000000000002,0.4168506562709808,0.4286055266857147,0.1539011556006696,0.43056932703260287,KEEP,observation_noise,0.0013011840041300745
2020-09-06,27.09,18.69,4.69,0.4552725255489349,0.4474993646144867,0.8724989891052246,8,0.1539885288588431,,0,1,interpolated,0.0,0.0,1.84,44.30000000000001,14.515714285714283,0.4294178187847137,0.4309755861759186,0.1539448422297563,0.4556263427790214,KEEP,observation_noise,0.0013011840041300745
2020-09-07,26.56,14.21,10.01,0.4360539615154266,0.4471043646335602,0.835664689540863,8,0.1540322154879298,,0,1,interpolated,0.0,0.0,-0.5300000000000011,58.05000000000001,12.814285714285711,0.4552725255489349,0.4474993646144867,0.1539885288588431,0.4379473455008804,KEEP,observation_noise,0.0013011840041300745
2020-09-08,26.09,0.29,21.36,0.4387277662754059,0.442242830991745,0.8407673835754395,8,0.1540759021170166,,0,1,interpolated,0.0,0.0,-0.4699999999999988,57.50000000000002,13.212857142857144,0.4360539615154266,0.4471043646335602,0.1540322154879298,0.43825596623034485,KEEP,observation_noise,0.0013011840041300745
2020-09-09,25.53,2.7,15.5,0.4274259209632873,0.4418446719646454,0.8191043138504028,8,0.1541195887461033,,0,1,interpolated,0.0,0.0,-0.5599999999999987,50.670000000000016,13.595714285714283,0.4387277662754059,0.442242830991745,0.1540759021170166,0.42418356802809787,KEEP,observation_noise,0.0013011840041300745
2020-09-10,25.28,6.76,19.77,0.4301131069660187,0.4387835562229156,0.8242910504341125,8,0.1541632753751901,,0,1,interpolated,0.0,0.0,-0.25,51.90000000000002,14.095714285714283,0.4274259209632873,0.4418446719646454,0.1541195887461033,0.4308887871405621,KEEP,observation_noise,0.0013011840041300745
2020-09-11,24.93,43.71,11.02,0.4523998498916626,0.4453738629817962,0.8669731616973877,8,0.1542069620042768,,0,1,interpolated,0.0,0.0,-0.3500000000000014,93.39,13.171428571428573,0.4301131069660187,0.4387835562229156,0.1541632753751901,0.45237458610568787,KEEP,observation_noise,0.0013011840041300745
2020-09-12,23.52,105.21,8.17,0.4492988586425781,0.4614531397819519,0.8610886335372925,8,0.1542506486333635,,0,1,interpolated,0.0,0.0,-1.41,191.57,12.93142857142857,0.4523998498916626,0.4453738629817962,0.1542069620042768,0.451823574033357,KEEP,observation_noise,0.0013011840041300745
2020-09-13,22.87,0.99,16.52,0.4353281855583191,0.4523447155952453,0.8342570066452026,8,0.1542943352624503,,0,1,interpolated,0.0,0.0,-0.6499999999999986,173.87,14.62142857142857,0.4492988586425781,0.4614531397819519,0.1542506486333635,0.4372222073877598,KEEP,observation_noise,0.0013011840041300745
2020-09-14,22.83,0.0,21.1,0.428426593542099,0.4476573169231415,0.8210421204566956,8,0.154338021891537,,0,1,interpolated,0.0,0.0,-0.0400000000000027,159.66,16.205714285714286,0.4353281855583191,0.4523447155952453,0.1542943352624503,0.4287504868642068,KEEP,observation_noise,0.0013011840041300745
2020-09-15,24.39,0.01,19.78,0.4247619807720184,0.4445996284484863,0.8140144944190979,8,0.1543817085206238,,0,1,interpolated,0.0,0.0,1.5600000000000025,159.38,15.98,0.428426593542099,0.4476573169231415,0.154338021891537,0.4238883712296762,KEEP,observation_noise,0.0013011840041300745
2020-09-16,24.62,3.35,4.08,0.4410722255706787,0.4460134208202362,0.8453317880630493,8,0.1544253951497105,,0,1,interpolated,0.0,0.0,0.2300000000000004,160.03,14.348571428571429,0.4247619807720184,0.4445996284484863,0.1543817085206238,0.4435289546078062,KEEP,observation_noise,0.0013011840041300745
2020-09-17,24.22,25.86,5.07,0.4538305699825287,0.4528867304325104,0.8696408867835999,8,0.1544690817787973,,0,1,interpolated,0.0,0.0,-0.4000000000000021,179.13,12.248571428571427,0.4410722255706787,0.4460134208202362,0.1544253951497105,0.45419094683625827,KEEP,observation_noise,0.0013011840041300745
2020-09-18,21.9,39.3,6.41,0.4417776465415954,0.45598304271698,0.8466785550117493,8,0.154512768407884,,0,1,interpolated,0.0,0.0,-2.3200000000000003,174.72000000000003,11.59,0.4538305699825287,0.4528867304325104,0.1544690817787973,0.4446220758829969,KEEP,observation_noise,0.0013011840041300745
2020-09-19,23.22,0.1,16.09,0.4345472455024719,0.4511411786079407,0.8328173756599426,8,0.1545564550369708,,0,1,interpolated,0.0,0.0,1.3200000000000005,69.61000000000001,12.721428571428572,0.4417776465415954,0.45598304271698,0.154512768407884,0.4342680276420668,KEEP,observation_noise,0.0013011840041300745
2020-09-20,22.46,0.0,17.6,0.4321061968803406,0.4489131271839142,0.8280883431434631,8,0.1546001416660575,,0,1,interpolated,0.0,0.0,-0.759999999999998,68.62000000000002,12.875714285714285,0.4345472455024719,0.4511411786079407,0.1545564550369708,0.43106668709845686,KEEP,observation_noise,0.0013011840041300745
2020-09-21,21.65,0.0,19.8,0.4284873604774475,0.4457535743713379,0.8211694955825806,8,0.1546438282951443,,0,1,interpolated,0.0,0.0,-0.8100000000000023,68.62000000000002,12.69,0.4321061968803406,0.4489131271839142,0.1546001416660575,0.4299800309821218,KEEP,observation_noise,0.0013011840041300745
2020-09-22,21.89,0.08,15.83,0.4269226193428039,0.4438194632530212,0.8180897235870361,8,0.154687514924231,,0,1,interpolated,0.0,0.0,0.240000000000002,68.69000000000001,12.125714285714286,0.4284873604774475,0.4457535743713379,0.1546438282951443,0.4267803525699858,KEEP,observation_noise,0.0013011840041300745
2020-09-23,22.9,2.84,15.45,0.4333918392658233,0.4429418444633484,0.8305898904800415,8,0.1547312015533178,0.1547312015533178,1,0,observed,1.0,1.0,1.009999999999998,68.18000000000002,13.75,0.4269226193428039,0.4438194632530212,0.154687514924231,0.43346036734118043,KEEP,observation_noise,0.0013011840041300745
2020-09-24,22.47,21.0,4.88,0.4744400978088379,0.4644312858581543,0.9092190861701964,8,0.1578437564643894,,0,1,interpolated,0.0,0.0,-0.4299999999999997,63.32000000000001,13.722857142857142,0.4333918392658233,0.4429418444633484,0.1547312015533178,0.4767479005480431,KEEP,observation_noise,0.0013011840041300745
2020-09-25,22.64,18.18,15.36,0.4567854702472687,0.4738388955593109,0.8754416704177856,8,0.1609563113754611,,0,1,interpolated,0.0,0.0,0.1700000000000017,42.20000000000002,15.001428571428573,0.4744400978088379,0.4644312858581543,0.1578437564643894,0.4568195578548824,KEEP,observation_noise,0.0013011840041300745
2020-09-26,22.11,0.8,15.08,0.4442023932933807,0.4636465907096863,0.8512548804283142,8,0.1640688662865327,,0,1,interpolated,0.0,0.0,-0.5300000000000011,42.90000000000001,14.857142857142858,0.4567854702472687,0.4738388955593109,0.1609563113754611,0.44403422974004764,KEEP,observation_noise,0.0013011840041300745
2020-09-27,21.26,0.12,18.5,0.439763456583023,0.4583558142185211,0.8427639007568359,8,0.1671814211976044,,0,1,interpolated,0.0,0.0,-0.8499999999999979,43.02000000000001,14.985714285714286,0.4442023932933807,0.4636465907096863,0.1640688662865327,0.43984593336866895,KEEP,observation_noise,0.0013011840041300745
2020-09-28,20.92,0.02,19.75,0.4361163675785064,0.4548990130424499,0.8357773423194885,8,0.1702939761086761,,0,1,interpolated,0.0,0.0,-0.3399999999999998,43.04000000000001,14.978571428571428,0.439763456583023,0.4583558142185211,0.1671814211976044,0.43541179741899433,KEEP,observation_noise,0.0013011840041300745
2020-09-29,21.73,0.08,20.63,0.432586133480072,0.4522936642169952,0.829033374786377,8,0.1734065310197477,,0,1,interpolated,0.0,0.0,0.8099999999999987,43.04000000000001,15.664285714285713,0.4361163675785064,0.4548990130424499,0.1702939761086761,0.43230778157219735,KEEP,observation_noise,0.0013011840041300745
2020-09-30,21.76,1.03,14.9,0.4306971430778503,0.4501011669635772,0.8253190517425537,8,0.1765190859308194,,0,1,interpolated,0.0,0.0,0.0300000000000011,41.23000000000001,15.585714285714284,0.432586133480072,0.4522936642169952,0.1734065310197477,0.4308829283455237,KEEP,observation_noise,0.0013011840041300745
2020-10-01,21.56,0.03,19.13,0.4290366470813751,0.447927176952362,0.8221909999847412,8,0.1796316408418911,,0,1,interpolated,0.0,0.0,-0.2000000000000028,20.26000000000001,17.62142857142857,0.4306971430778503,0.4501011669635772,0.1765190859308194,0.4293616596127448,KEEP,observation_noise,0.0013011840041300745
2020-10-02,21.79,0.0,19.24,0.426383227109909,0.4458796679973602,0.8171828389167786,8,0.1827441957529627,,0,1,interpolated,0.0,0.0,0.2300000000000004,2.0800000000000143,18.175714285714285,0.4290366470813751,0.447927176952362,0.1796316408418911,0.42625047729517607,KEEP,observation_noise,0.0013011840041300745
2020-10-03,22.69,0.0,13.49,0.4301366806030273,0.4450072348117828,0.824316143989563,8,0.1858567506640344,,0,1,interpolated,0.0,0.0,0.9000000000000021,1.2800000000000142,17.94857142857143,0.426383227109909,0.4458796679973602,0.1827441957529627,0.42726705898515416,KEEP,observation_noise,0.0013011840041300745
2020-10-04,22.79,0.37,10.44,0.4323574006557464,0.4451277256011963,0.8285864591598511,8,0.188969305575106,,0,1,interpolated,0.0,0.0,0.0999999999999978,1.5300000000000145,16.797142857142855,0.4301366806030273,0.4450072348117828,0.1858567506640344,0.4325833827404299,KEEP,observation_noise,0.0013011840041300745
2020-10-05,19.74,0.06,18.31,0.427177220582962,0.4427460134029388,0.818684995174408,8,0.1920818604861777,,0,1,interpolated,0.0,0.0,-3.0500000000000007,1.5700000000000145,16.59142857142857,0.4323574006557464,0.4451277256011963,0.188969305575106,0.4318744857565438,KEEP,observation_noise,0.0013011840041300745
2020-10-06,19.7,0.0,19.53,0.424015462398529,0.4404375255107879,0.8125436305999756,8,0.1951944153972494,,0,1,interpolated,0.0,0.0,-0.0399999999999991,1.4900000000000142,16.434285714285714,0.427177220582962,0.4427460134029388,0.1920818604861777,0.4240210456872269,KEEP,observation_noise,0.0013011840041300745
2020-10-07,20.11,0.01,19.17,0.4233905673027038,0.4384637773036957,0.8113987445831299,8,0.198306970308321,,0,1,interpolated,0.0,0.0,0.4100000000000001,0.4700000000000142,17.044285714285714,0.424015462398529,0.4404375255107879,0.1951944153972494,0.42349848079560515,KEEP,observation_noise,0.0013011840041300745
2020-10-08,19.89,0.36,13.14,0.4241409301757812,0.4369503259658813,0.8128546476364136,8,0.2014195252193927,,0,1,interpolated,0.0,0.0,-0.2199999999999988,0.8000000000000143,16.18857142857143,0.4233905673027038,0.4384637773036957,0.198306970308321,0.42443869666753686,KEEP,observation_noise,0.0013011840041300745
2020-10-09,21.3,0.16,14.55,0.4190249145030975,0.4348931610584259,0.8030572533607483,8,0.2045320801304643,,0,1,interpolated,0.0,0.0,1.41,0.9600000000000144,15.51857142857143,0.4241409301757812,0.4369503259658813,0.2014195252193927,0.42038200857900104,KEEP,observation_noise,0.0013011840041300745
2020-10-10,21.22,1.01,7.95,0.4203549027442932,0.4339825212955475,0.8055771589279175,8,0.207644635041536,,0,1,interpolated,0.0,0.0,-0.0800000000000018,1.9700000000000144,14.727142857142857,0.4190249145030975,0.4348931610584259,0.2045320801304643,0.4225188034821642,KEEP,observation_noise,0.0013011840041300745
2020-10-11,20.34,0.13,12.35,0.4167916774749756,0.4325959086418152,0.7987968921661377,8,0.2107571899526077,,0,1,interpolated,0.0,0.0,-0.879999999999999,1.7300000000000142,15.0,0.4203549027442932,0.4339825212955475,0.207644635041536,0.4167257611221237,KEEP,observation_noise,0.0013011840041300745
2020-10-12,20.19,0.28,14.14,0.4155744314193725,0.4312264323234558,0.7964627742767334,8,0.2138697448636793,,0,1,interpolated,0.0,0.0,-0.1499999999999985,1.9500000000000144,14.404285714285717,0.4167916774749756,0.4325959086418152,0.2107571899526077,0.416974217960005,KEEP,observation_noise,0.0013011840041300745
2020-10-13,20.23,0.03,17.24,0.4139132499694824,0.4297086596488952,0.7933030724525452,8,0.216982299774751,0.216982299774751,1,0,observed,1.0,1.0,0.0399999999999991,1.9800000000000144,14.077142857142858,0.4155744314193725,0.4312264323234558,0.2138697448636793,0.4136784849904268,KEEP,observation_noise,0.0013011840041300745
2020-10-14,19.82,0.07,16.43,0.4114693105220794,0.4281109869480133,0.7885662317276001,8,0.2260513006564927,,0,1,interpolated,0.0,0.0,-0.4100000000000001,2.0400000000000142,13.685714285714289,0.4139132499694824,0.4297086596488952,0.216982299774751,0.41049148057428114,KEEP,observation_noise,0.0013011840041300745
2020-10-15,19.16,0.01,17.4,0.4090448021888733,0.4265403747558594,0.7839156985282898,8,0.2351203015382345,,0,1,interpolated,0.0,0.0,-0.6600000000000001,1.6900000000000142,14.294285714285712,0.4114693105220794,0.4281109869480133,0.2260513006564927,0.41045317548573,KEEP,observation_noise,0.0013011840041300745
2020-10-16,18.81,3.01,10.84,0.4256147444248199,0.4289992153644562,0.8157064914703369,8,0.2441893024199762,,0,1,interpolated,0.0,0.0,-0.3500000000000014,4.540000000000014,13.764285714285714,0.4090448021888733,0.4265403747558594,0.2351203015382345,0.42567534969103105,KEEP,observation_noise,0.0013011840041300745
2020-10-17,17.17,7.1,13.2,0.4230690002441406,0.4339255094528198,0.8107631802558899,8,0.253258303301718,,0,1,interpolated,0.0,0.0,-1.639999999999997,10.630000000000011,14.514285714285714,0.4256147444248199,0.4289992153644562,0.2441893024199762,0.42356150864872,KEEP,observation_noise,0.0013011840041300745
2020-10-18,18.59,0.29,17.34,0.4184185862541199,0.4303047358989715,0.801924467086792,8,0.2623273041834597,0.2623273041834597,1,0,observed,1.0,1.0,1.4199999999999982,10.790000000000012,15.227142857142857,0.4230690002441406,0.4339255094528198,0.253258303301718,0.42113718472601286,KEEP,observation_noise,0.0013011840041300745
2020-10-19,19.22,0.0,15.56,0.4122122228145599,0.4278235733509063,0.7899283170700073,8,0.2738280258004636,,0,1,interpolated,0.0,0.0,0.629999999999999,10.510000000000014,15.429999999999998,0.4184185862541199,0.4303047358989715,0.2623273041834597,0.4127806312227271,KEEP,observation_noise,0.0013011840041300745
2020-10-20,18.54,0.0,18.32,0.4097325801849365,0.4258847534656524,0.7852910161018372,8,0.2853287474174675,,0,1,interpolated,0.0,0.0,-0.6799999999999997,10.480000000000016,15.584285714285716,0.4122122228145599,0.4278235733509063,0.2738280258004636,0.4076179175035932,KEEP,observation_noise,0.0013011840041300745
2020-10-21,20.06,0.57,14.5,0.4214310348033905,0.4266993105411529,0.8076367974281311,8,0.2968294690344714,,0,1,interpolated,0.0,0.0,1.5199999999999996,10.980000000000016,15.308571428571428,0.4097325801849365,0.4258847534656524,0.2853287474174675,0.42286788235974837,KEEP,observation_noise,0.0013011840041300745
2020-10-22,19.55,50.38,2.51,0.456246018409729,0.4509941339492798,0.8743633031845093,8,0.3083301906514752,,0,1,interpolated,0.0,0.0,-0.509999999999998,61.350000000000016,13.181428571428572,0.4214310348033905,0.4266993105411529,0.2968294690344714,0.4546535062598558,KEEP,observation_noise,0.0013011840041300745
2020-10-23,16.26,4.08,15.58,0.4308724701404571,0.4435485005378723,0.8257184028625488,8,0.3198309122684791,0.3198309122684791,1,0,observed,0.988656896205581,1.0,-3.289999999999999,62.420000000000016,13.858571428571429,0.456246018409729,0.4509941339492798,0.3083301906514752,0.4299261379284307,KEEP,observation_noise,0.0013011840041300745
2020-10-24,15.22,0.01,16.41,0.4224054217338562,0.4377264678478241,0.8094679117202759,8,0.3424657156696299,,0,1,interpolated,0.0,0.0,-1.040000000000001,55.33000000000002,14.317142857142857,0.4308724701404571,0.4435485005378723,0.3198309122684791,0.42375263252820267,KEEP,observation_noise,0.0013011840041300745
2020-10-25,16.72,0.0,17.44,0.4181026816368103,0.4347246885299682,0.801209568977356,8,0.3651005190707806,,0,1,interpolated,0.0,0.0,1.4999999999999982,55.04000000000002,14.331428571428573,0.4224054217338562,0.4377264678478241,0.3424657156696299,0.41732490614092105,KEEP,observation_noise,0.0013011840041300745
2020-10-26,18.65,0.0,16.72,0.4158394634723663,0.432736873626709,0.796919584274292,8,0.3877353224719314,,0,1,interpolated,0.0,0.0,1.93,55.04000000000002,14.497142857142858,0.4181026816368103,0.4347246885299682,0.3651005190707806,0.415961155487653,KEEP,observation_noise,0.0013011840041300745
2020-10-27,18.65,0.09,16.21,0.4141474664211273,0.4313722550868988,0.7936825752258301,8,0.4103701258730822,,0,1,interpolated,0.0,0.0,0.0,55.13000000000002,14.195714285714288,0.4158394634723663,0.432736873626709,0.3877353224719314,0.41357721994260654,KEEP,observation_noise,0.0013011840041300745
2020-10-28,19.64,0.0,9.57,0.4173528850078583,0.4309846460819244,0.7998093366622925,8,0.4330049292742329,,0,1,interpolated,0.0,0.0,0.990000000000002,54.56000000000002,13.491428571428573,0.4141474664211273,0.4313722550868988,0.4103701258730822,0.4193449718827302,KEEP,observation_noise,0.0013011840041300745
2020-10-29,18.98,0.01,14.48,0.4143985509872436,0.4297980368137359,0.7941651940345764,8,0.4556397326753837,,0,1,interpolated,0.0,0.0,-0.6600000000000001,4.190000000000015,15.20142857142857,0.4173528850078583,0.4309846460819244,0.4330049292742329,0.41400808026063735,KEEP,observation_noise,0.0013011840041300745
2020-10-30,17.17,0.03,13.71,0.413526326417923,0.4285760819911957,0.7924931049346924,8,0.4782745360765345,,0,1,interpolated,0.0,0.0,-1.8099999999999987,0.1400000000000142,14.934285714285712,0.4143985509872436,0.4297980368137359,0.4556397326753837,0.4145319429966959,KEEP,observation_noise,0.0013011840041300745
2020-10-31,15.69,0.0,16.87,0.4111033678054809,0.4273192584514618,0.7878383994102478,8,0.5009093394776852,,0,1,interpolated,0.0,0.0,-1.4800000000000022,0.1300000000000142,15.0,0.413526326417923,0.4285760819911957,0.4782745360765345,0.40982425194472355,KEEP,observation_noise,0.0013011840041300745
2020-11-01,18.72,0.26,12.84,0.4232407808303833,0.4281842112541199,0.8110352754592896,8,0.523544142878836,,0,1,interpolated,0.0,0.0,3.03,0.3900000000000142,14.342857142857143,0.4111033678054809,0.4273192584514618,0.5009093394776852,0.42512552199944964,KEEP,observation_noise,0.0013011840041300745
2020-11-02,17.43,12.29,2.41,0.4314685761928558,0.4340415000915527,0.8268467783927917,8,0.5461789462799868,,0,1,interpolated,0.0,0.0,-1.2899999999999991,12.680000000000014,12.29857142857143,0.4232407808303833,0.4281842112541199,0.523544142878836,0.4327331638017734,KEEP,observation_noise,0.0013011840041300745
2020-11-03,14.74,0.0,13.83,0.4183480739593506,0.4305371642112732,0.8017452955245972,8,0.5688137496811375,,0,1,interpolated,0.0,0.0,-2.6899999999999995,12.590000000000014,11.958571428571428,0.4314685761928558,0.4340415000915527,0.5461789462799868,0.41932702566747854,KEEP,observation_noise,0.0013011840041300745
2020-11-04,12.19,0.0,16.38,0.414000540971756,0.4282222986221313,0.7933406829833984,8,0.5914485530822883,,0,1,interpolated,0.0,0.0,-2.5500000000000007,12.590000000000014,12.931428571428572,0.4183480739593506,0.4305371642112732,0.5688137496811375,0.41402676311349357,KEEP,observation_noise,0.0013011840041300745
2020-11-05,15.26,0.0,15.22,0.408843457698822,0.4265451431274414,0.783551812171936,8,0.614083356483439,,0,1,interpolated,0.0,0.0,3.0700000000000003,12.580000000000014,13.037142857142856,0.414000540971756,0.4282222986221313,0.5914485530822883,0.4090950140903066,KEEP,observation_noise,0.0013011840041300745
2020-11-06,18.0,0.04,11.91,0.4082837402820587,0.4252150356769562,0.7824710011482239,8,0.6367181598845898,,0,1,interpolated,0.0,0.0,2.74,12.590000000000012,12.78,0.408843457698822,0.4265451431274414,0.614083356483439,0.41013645311997304,KEEP,observation_noise,0.0013011840041300745
2020-11-07,18.61,3.98,3.84,0.4118862152099609,0.4250004291534424,0.7893052697181702,8,0.6593529632857406,,0,1,interpolated,0.0,0.0,0.6099999999999994,16.570000000000014,10.918571428571427,0.4082837402820587,0.4252150356769562,0.6367181598845898,0.41213365189936507,KEEP,observation_noise,0.0013011840041300745
2020-11-08,17.21,0.0,14.41,0.4084825813770294,0.4237833619117737,0.7828095555305481,8,0.6819877666868913,,0,1,interpolated,0.0,0.0,-1.3999999999999986,16.310000000000016,11.142857142857142,0.4118862152099609,0.4250004291534424,0.6593529632857406,0.40714506501561754,KEEP,observation_noise,0.0013011840041300745
2020-11-09,13.45,0.0,15.03,0.4085198640823364,0.4225505888462066,0.7829456925392151,8,0.7046225700880421,,0,1,interpolated,0.0,0.0,-3.7600000000000016,4.020000000000014,12.945714285714288,0.4084825813770294,0.4237833619117737,0.6819877666868913,0.4086436072631901,KEEP,observation_noise,0.0013011840041300745
2020-11-10,13.94,0.0,10.49,0.4100490808486938,0.4217225909233093,0.7858497500419617,8,0.7272573734891928,,0,1,interpolated,0.0,0.0,0.4900000000000002,4.020000000000014,12.468571428571428,0.4085198640823364,0.4225505888462066,0.7046225700880421,0.40885001285739736,KEEP,observation_noise,0.0013011840041300745
2020-11-11,14.55,0.0,14.33,0.4066713750362396,0.4208375513553619,0.7793604135513306,8,0.7498921768903436,,0,1,interpolated,0.0,0.0,0.6100000000000012,4.020000000000014,12.175714285714289,0.4100490808486938,0.4217225909233093,0.7272573734891928,0.4070532017151268,KEEP,observation_noise,0.0013011840041300745
2020-11-12,14.82,0.0,14.92,0.4028228521347046,0.4199286997318268,0.7719097137451172,8,0.7725269802914944,0.7725269802914944,1,0,observed,1.0,1.0,0.2699999999999996,4.020000000000014,12.132857142857144,0.4066713750362396,0.4208375513553619,0.7498921768903436,0.40086899129332343,KEEP,observation_noise,0.0013011840041300745
2020-11-13,16.63,0.0,14.54,0.4027489423751831,0.4191220104694366,0.771841824054718,8,0.7764153394625851,,0,1,interpolated,0.0,0.0,1.8099999999999987,3.980000000000014,12.508571428571427,0.4028228521347046,0.4199286997318268,0.7725269802914944,0.4031783887586928,KEEP,observation_noise,0.0013011840041300745
2020-11-14,16.07,0.0,14.43,0.4036715626716614,0.4182936251163482,0.7736238837242126,8,0.7803036986336759,,0,1,interpolated,0.0,0.0,-0.5599999999999987,0.0,14.02142857142857,0.4027489423751831,0.4191220104694366,0.7764153394625851,0.40483162498805636,KEEP,observation_noise,0.0013011840041300745
2020-11-15,17.07,0.05,12.98,0.4028100371360779,0.4174720048904419,0.771963894367218,8,0.7841920578047665,,0,1,interpolated,0.0,0.0,1.0,0.0500000000000142,13.817142857142857,0.4036715626716614,0.4182936251163482,0.7803036986336759,0.40418239942025563,KEEP,observation_noise,0.0013011840041300745
2020-11-16,18.64,0.07,5.88,0.406544417142868,0.4174668490886688,0.7791036367416382,8,0.7880804169758573,,0,1,interpolated,0.0,0.0,1.5700000000000005,0.1200000000000142,12.51,0.4028100371360779,0.4174720048904419,0.7841920578047665,0.40759657883068445,KEEP,observation_noise,0.0013011840041300745
2020-11-17,18.52,0.33,10.04,0.4063086211681366,0.4172326624393463,0.7786699533462524,8,0.791968776146948,,0,1,interpolated,0.0,0.0,-0.120000000000001,0.4500000000000142,12.445714285714288,0.406544417142868,0.4174668490886688,0.7880804169758573,0.40648457278586797,KEEP,observation_noise,0.0013011840041300745
2020-11-18,19.39,0.03,11.2,0.4025926887989044,0.4164856076240539,0.7715104818344116,8,0.7958571353180388,,0,1,interpolated,0.0,0.0,0.870000000000001,0.4800000000000142,11.998571428571427,0.4063086211681366,0.4172326624393463,0.791968776146948,0.4039448895878128,KEEP,observation_noise,0.0013011840041300745
2020-11-19,20.71,10.41,8.42,0.4228430986404419,0.4217199683189392,0.8104279041290283,8,0.7997454944891296,,0,1,interpolated,0.0,0.0,1.3200000000000005,10.890000000000017,11.07,0.4025926887989044,0.4164856076240539,0.7958571353180388,0.42355946185046345,KEEP,observation_noise,0.0013011840041300745
2020-11-20,16.97,0.97,6.44,0.4133636355400085,0.4224238991737366,0.792144238948822,8,0.8036338536602202,,0,1,interpolated,0.0,0.0,-3.740000000000002,11.860000000000015,9.912857142857144,0.4228430986404419,0.4217199683189392,0.7997454944891296,0.41456179735184395,KEEP,observation_noise,0.0013011840041300745
2020-11-21,15.06,0.0,12.98,0.4067287743091583,0.4193480014801025,0.77947998046875,8,0.807522212831311,,0,1,interpolated,0.0,0.0,-1.9099999999999984,11.860000000000015,9.705714285714285,0.4133636355400085,0.4224238991737366,0.8036338536602202,0.4056195751051518,KEEP,observation_noise,0.0013011840041300745
2020-11-22,16.05,8.5,2.92,0.4172840714454651,0.4202035665512085,0.7997466325759888,8,0.8114105720024017,,0,1,interpolated,0.0,0.0,0.9900000000000002,20.310000000000016,8.268571428571429,0.4067287743091583,0.4193480014801025,0.807522212831311,0.41651960685986517,KEEP,observation_noise,0.0013011840041300745
2020-11-23,13.62,0.1,8.38,0.4092387557029724,0.4192855656147003,0.7843195199966431,8,0.8152989311734925,,0,1,interpolated,0.0,0.0,-2.430000000000001,20.34000000000001,8.625714285714286,0.4172840714454651,0.4202035665512085,0.8114105720024017,0.40744523100849717,KEEP,observation_noise,0.0013011840041300745
2020-11-24,14.83,0.0,10.09,0.4030447900295257,0.4176236689090729,0.772401750087738,8,0.8191872903445833,,0,1,interpolated,0.0,0.0,1.2100000000000009,20.010000000000016,8.632857142857144,0.4092387557029724,0.4192855656147003,0.8152989311734925,0.4037845350029941,KEEP,observation_noise,0.0013011840041300745
2020-11-25,15.8,0.03,7.91,0.4044851064682007,0.4169560968875885,0.7751760482788086,8,0.8230756495156739,,0,1,interpolated,0.0,0.0,0.9700000000000006,20.010000000000016,8.162857142857144,0.4030447900295257,0.4176236689090729,0.8191872903445833,0.4058762465315361,KEEP,observation_noise,0.0013011840041300745
2020-11-26,15.69,0.08,5.85,0.4086290597915649,0.417035698890686,0.783103346824646,8,0.8269640086867647,,0,1,interpolated,0.0,0.0,-0.1100000000000012,9.680000000000016,7.795714285714285,0.4044851064682007,0.4169560968875885,0.8230756495156739,0.41069307772858255,KEEP,observation_noise,0.0013011840041300745
2020-11-27,15.51,0.47,6.59,0.4047147929668426,0.4165434539318084,0.7755904793739319,8,0.8308523678578554,,0,1,interpolated,0.0,0.0,-0.1799999999999997,9.180000000000014,7.817142857142857,0.4086290597915649,0.417035698890686,0.8269640086867647,0.40299909082390295,KEEP,observation_noise,0.0013011840041300745
2020-11-28,10.96,0.03,9.03,0.4023729562759399,0.4154513776302337,0.7712045907974243,8,0.8347407270289462,,0,1,interpolated,0.0,0.0,-4.549999999999999,9.210000000000017,7.252857142857143,0.4047147929668426,0.4165434539318084,0.8308523678578554,0.4048409556695339,KEEP,observation_noise,0.0013011840041300745
2020-11-29,10.99,0.06,7.47,0.4015453457832336,0.4147794842720032,0.7695690989494324,8,0.838629086200037,,0,1,interpolated,0.0,0.0,0.0299999999999993,0.7700000000000142,7.902857142857143,0.4023729562759399,0.4154513776302337,0.8347407270289462,0.4006526002930016,KEEP,observation_noise,0.0013011840041300745
2020-11-30,10.46,0.0,7.69,0.4007644355297088,0.4140964448451996,0.7680898904800415,8,0.8425174453711276,,0,1,interpolated,0.0,0.0,-0.5299999999999994,0.6700000000000143,7.804285714285713,0.4015453457832336,0.4147794842720032,0.838629086200037,0.3985891409821486,KEEP,observation_noise,0.0013011840041300745
2020-12-01,11.9,0.01,11.38,0.4011515378952026,0.4134412407875061,0.7688474655151367,8,0.8464058045422184,,0,1,interpolated,0.0,0.0,1.4399999999999995,0.6800000000000143,7.9885714285714275,0.4007644355297088,0.4140964448451996,0.8425174453711276,0.402334386915842,KEEP,observation_noise,0.0013011840041300745
2020-12-02,12.78,0.24,10.89,0.4001092314720154,0.4128518104553222,0.7667868733406067,8,0.8502941637133091,0.8502941637133091,1,0,observed,1.0,1.0,0.879999999999999,0.8900000000000142,8.414285714285715,0.4011515378952026,0.4134412407875061,0.8464058045422184,0.4004324648092961,KEEP,observation_noise,0.0013011840041300745
2020-12-03,11.84,0.0,8.97,0.4002163708209991,0.4122602343559265,0.7669581174850464,8,0.8498741797851698,,0,1,interpolated,0.0,0.0,-0.9399999999999996,0.8100000000000143,8.86,0.4001092314720154,0.4128518104553222,0.8502941637133091,0.39797722732782587,KEEP,observation_noise,0.0013011840041300745
2020-12-04,11.27,0.03,7.01,0.4019345045089721,0.4121442437171936,0.7702813148498535,8,0.8494541958570305,,0,1,interpolated,0.0,0.0,-0.5700000000000003,0.3700000000000142,8.92,0.4002163708209991,0.4122602343559265,0.8498741797851698,0.39997799459247246,KEEP,observation_noise,0.0013011840041300745
2020-12-05,10.44,0.0,11.62,0.4004612565040588,0.4116211533546448,0.7674398422241211,8,0.8490342119288912,,0,1,interpolated,0.0,0.0,-0.8300000000000001,0.3400000000000142,9.29,0.4019345045089721,0.4121442437171936,0.8494541958570305,0.39957864417548283,KEEP,observation_noise,0.0013011840041300745
2020-12-06,11.81,0.0,11.22,0.3999392092227936,0.4110721945762634,0.7664507627487183,8,0.8486142280007519,,0,1,interpolated,0.0,0.0,1.370000000000001,0.2800000000000142,9.825714285714286,0.4004612565040588,0.4116211533546448,0.8490342119288912,0.3979289063152257,KEEP,observation_noise,0.0013011840041300745
2020-12-07,12.39,0.01,6.76,0.3985366821289062,0.4105887413024902,0.7637659311294556,8,0.8481942440726126,,0,1,interpolated,0.0,0.0,0.5800000000000001,0.2900000000000142,9.692857142857145,0.3999392092227936,0.4110721945762634,0.8486142280007519,0.3984172567205208,KEEP,observation_noise,0.0013011840041300745
2020-12-08,10.28,0.02,8.15,0.396222323179245,0.4100706279277801,0.7592862844467163,8,0.8477742601444732,,0,1,interpolated,0.0,0.0,-2.110000000000001,0.3000000000000142,9.231428571428571,0.3985366821289062,0.4105887413024902,0.8481942440726126,0.3993343652775395,KEEP,observation_noise,0.0013011840041300745
2020-12-09,11.01,0.0,11.58,0.39601531624794,0.4095037281513214,0.7589147090911865,8,0.847354276216334,,0,1,interpolated,0.0,0.0,0.7300000000000004,0.0600000000000142,9.33,0.396222323179245,0.4100706279277801,0.8477742601444732,0.3990156058373349,KEEP,observation_noise,0.0013011840041300745
2020-12-10,13.1,0.0,7.75,0.3969183266162872,0.4091737270355224,0.7606010437011719,8,0.8469342922881946,,0,1,interpolated,0.0,0.0,2.09,0.0600000000000142,9.155714285714286,0.39601531624794,0.4095037281513214,0.847354276216334,0.3951137575371727,KEEP,observation_noise,0.0013011840041300745
2020-12-11,13.26,0.01,6.79,0.3972042798995971,0.4089735746383667,0.7612516283988953,8,0.8465143083600553,,0,1,interpolated,0.0,0.0,0.1600000000000001,0.0400000000000142,9.124285714285714,0.3969183266162872,0.4091737270355224,0.8469342922881946,0.3975511878151796,KEEP,observation_noise,0.0013011840041300745
2020-12-12,12.11,0.01,7.92,0.3953754901885986,0.4084165096282959,0.7577203512191772,8,0.846094324431916,,0,1,interpolated,0.0,0.0,-1.1500000000000004,0.0500000000000142,8.595714285714285,0.3972042798995971,0.4089735746383667,0.8465143083600553,0.3952717639535149,KEEP,observation_noise,0.0013011840041300745
2020-12-13,11.17,0.14,6.52,0.3958689570426941,0.4078347086906433,0.7586542367935181,8,0.8456743405037767,,0,1,interpolated,0.0,0.0,-0.9399999999999996,0.1900000000000142,7.924285714285714,0.3953754901885986,0.4084165096282959,0.846094324431916,0.3934155109093516,KEEP,observation_noise,0.0013011840041300745
2020-12-14,6.79,0.0,6.84,0.3964065313339233,0.4072866439819336,0.7596548795700073,8,0.8452543565756374,,0,1,interpolated,0.0,0.0,-4.38,0.1800000000000142,7.935714285714285,0.3958689570426941,0.4078347086906433,0.8456743405037767,0.39467906001043396,KEEP,observation_noise,0.0013011840041300745
2020-12-15,4.36,0.0,7.82,0.393968790769577,0.4066613018512726,0.7550156116485596,8,0.844834372647498,,0,1,interpolated,0.0,0.0,-2.43,0.1600000000000142,7.888571428571429,0.3964065313339233,0.4072866439819336,0.8452543565756374,0.392708388868587,KEEP,observation_noise,0.0013011840041300745
2020-12-16,4.94,0.01,6.73,0.3946863114833832,0.4060962796211242,0.756449818611145,8,0.8444143887193587,,0,1,interpolated,0.0,0.0,0.5800000000000001,0.1700000000000142,7.195714285714286,0.393968790769577,0.4066613018512726,0.844834372647498,0.39289431452403784,KEEP,observation_noise,0.0013011840041300745
2020-12-17,5.75,0.0,10.03,0.3949926495552063,0.4056636095046997,0.7570290565490723,8,0.8439944047912195,,0,1,interpolated,0.0,0.0,0.8099999999999996,0.1700000000000142,7.521428571428571,0.3946863114833832,0.4060962796211242,0.8444143887193587,0.39616440382651735,KEEP,observation_noise,0.0013011840041300745
2020-12-18,8.44,0.03,8.21,0.3945304751396179,0.4052169620990753,0.7560775279998779,8,0.8435744208630801,,0,1,interpolated,0.0,0.0,2.6899999999999995,0.1900000000000142,7.724285714285714,0.3949926495552063,0.4056636095046997,0.8439944047912195,0.3928889529686596,KEEP,observation_noise,0.0013011840041300745
2020-12-19,7.71,0.01,8.86,0.3919947743415832,0.4046379923820495,0.7512359023094177,8,0.8431544369349409,,0,1,interpolated,0.0,0.0,-0.7299999999999995,0.1900000000000142,7.858571428571427,0.3945304751396179,0.4052169620990753,0.8435744208630801,0.39124945567724845,KEEP,observation_noise,0.0013011840041300745
2020-12-20,7.11,0.0,8.6,0.3908035457134247,0.4040984511375427,0.7489835023880005,8,0.8427344530068015,,0,1,interpolated,0.0,0.0,-0.5999999999999996,0.0500000000000142,8.155714285714286,0.3919947743415832,0.4046379923820495,0.8431544369349409,0.39253653433441565,KEEP,observation_noise,0.0013011840041300745
2020-12-21,7.54,0.03,7.44,0.3918961584568023,0.4037014544010162,0.7510561943054199,8,0.8423144690786621,,0,1,interpolated,0.0,0.0,0.4299999999999997,0.0800000000000142,8.241428571428571,0.3908035457134247,0.4040984511375427,0.8427344530068015,0.3911460031968054,KEEP,observation_noise,0.0013011840041300745
2020-12-22,9.23,0.11,5.88,0.3904220759868622,0.4033369123935699,0.7482234835624695,8,0.8418944851505229,,0,1,interpolated,0.0,0.0,1.6900000000000004,0.1900000000000142,7.964285714285714,0.3918961584568023,0.4037014544010162,0.8423144690786621,0.39053262023592616,KEEP,observation_noise,0.0013011840041300745
2020-12-23,9.89,0.0,8.51,0.3976879715919494,0.4037506282329559,0.762121319770813,8,0.8414745012223835,,0,1,interpolated,0.0,0.0,0.6600000000000001,0.1800000000000142,8.218571428571428,0.3904220759868622,0.4033369123935699,0.8418944851505229,0.397687575346304,KEEP,observation_noise,0.0013011840041300745
2020-12-24,11.15,15.22,3.21,0.4188554883003235,0.4179858565330505,0.8027310967445374,8,0.8410545172942442,,0,1,interpolated,0.0,0.0,1.2599999999999998,15.400000000000016,7.244285714285715,0.3976879715919494,0.4037506282329559,0.8414745012223835,0.4187472008523732,KEEP,observation_noise,0.0013011840041300745
2020-12-25,7.99,0.0,7.99,0.4004552066326141,0.4116365611553192,0.7675135135650635,8,0.8406345333661049,,0,1,interpolated,0.0,0.0,-3.16,15.370000000000015,7.212857142857143,0.4188554883003235,0.4179858565330505,0.8410545172942442,0.40092461505451965,KEEP,observation_noise,0.0013011840041300745
2020-12-26,8.59,0.0,10.56,0.3952479064464569,0.4087063670158386,0.7575047612190247,8,0.8402145494379656,,0,1,interpolated,0.0,0.0,0.5999999999999996,15.360000000000015,7.455714285714285,0.4004552066326141,0.4116365611553192,0.8406345333661049,0.39376998442951494,KEEP,observation_noise,0.0013011840041300745
2020-12-27,9.93,10.6,3.87,0.4198976159095764,0.4145212769508362,0.8047084212303162,8,0.8397945655098263,,0,1,interpolated,0.0,0.0,1.34,25.96000000000001,6.78,0.3952479064464569,0.4087063670158386,0.8402145494379656,0.4223541649602373,KEEP,observation_noise,0.0013011840041300745
2020-12-28,11.76,8.0,11.05,0.4092516303062439,0.4172370433807373,0.7843235731124878,8,0.839374581581687,,0,1,interpolated,0.0,0.0,1.83,33.930000000000014,7.295714285714287,0.4198976159095764,0.4145212769508362,0.8397945655098263,0.4072135817031907,KEEP,observation_noise,0.0013011840041300745
2020-12-29,12.46,16.59,7.8,0.4201303720474243,0.4175542294979095,0.8051470518112183,8,0.8389545976535476,,0,1,interpolated,0.0,0.0,0.7000000000000011,50.41000000000001,7.57,0.4092516303062439,0.4172370433807373,0.839374581581687,0.42050346592435506,KEEP,observation_noise,0.0013011840041300745
2020-12-30,4.63,13.15,6.26,0.4131372570991516,0.4197912216186523,0.7917753458023071,8,0.8385346137254084,,0,1,interpolated,0.0,0.0,-7.830000000000001,63.56000000000002,7.248571428571429,0.4201303720474243,0.4175542294979095,0.8389545976535476,0.41256322267424334,KEEP,observation_noise,0.0013011840041300745
2020-12-31,3.59,0.36,8.18,0.4038286209106445,0.4156983494758606,0.7738574743270874,8,0.838114629797269,,0,1,interpolated,0.0,0.0,-1.04,48.70000000000002,7.958571428571429,0.4131372570991516,0.4197912216186523,0.8385346137254084,0.40466982527722906,KEEP,observation_noise,0.0013011840041300745
2021-01-01,5.93,0.22,5.87,0.4006764590740204,0.4136837422847748,0.7678734064102173,8,0.8376946458691297,,0,1,interpolated,0.0,0.0,2.34,48.920000000000016,7.655714285714285,0.4038286209106445,0.4156983494758606,0.838114629797269,0.40131569664047073,KEEP,observation_noise,0.0013011840041300745
2021-01-02,7.1,0.22,3.94,0.4022988080978393,0.4126788377761841,0.7709985971450806,8,0.7953288201813402,,0,1,climatology,0.0,0.0,1.17,49.140000000000015,6.710000000000001,0.4006764590740204,0.4136837422847748,0.8376946458691297,0.4016190056291803,KEEP,observation_noise,0.0013011840041300745
2021-01-03,6.3,0.0,11.08,0.4009436964988708,0.4119173884391784,0.7684036493301392,8,0.8097838484534027,,0,1,climatology,0.0,0.0,-0.7999999999999998,38.54000000000001,7.74,0.4022988080978393,0.4126788377761841,0.7953288201813402,0.39898985004624526,KEEP,observation_noise,0.0013011840041300745
2021-01-04,7.8,0.0,11.87,0.4012147188186645,0.4115399122238159,0.7688958644866943,8,0.8242388767254651,,0,1,climatology,0.0,0.0,1.5,30.540000000000013,7.857142857142856,0.4009436964988708,0.4119173884391784,0.8097838484534027,0.40253546814642777,KEEP,observation_noise,0.0013011840041300745
2021-01-05,9.11,0.0,5.67,0.4047712087631225,0.4115772843360901,0.775701105594635,8,0.8386939049975277,,0,1,climatology,0.0,0.0,1.3099999999999996,13.950000000000015,7.5528571428571425,0.4012147188186645,0.4115399122238159,0.8242388767254651,0.4035396514504868,KEEP,observation_noise,0.0013011840041300745
2021-01-06,5.18,0.05,5.88,0.4042485356330871,0.4112816751003265,0.7747358679771423,8,0.8531489332695903,,0,1,climatology,0.0,0.0,-3.93,0.8500000000000142,7.498571428571429,0.4047712087631225,0.4115772843360901,0.8386939049975277,0.40219757870728984,KEEP,observation_noise,0.0013011840041300745
2021-01-07,2.0,2.56,5.13,0.401002824306488,0.4109527468681335,0.7684814929962158,8,0.8676039615416528,,0,1,climatology,0.0,0.0,-3.18,3.050000000000014,7.062857142857142,0.4042485356330871,0.4112816751003265,0.8531489332695903,0.39973574450646054,KEEP,observation_noise,0.0013011840041300745
2021-01-08,0.33,2.4,6.56,0.3985690474510193,0.4101122319698334,0.7637730836868286,8,0.8610775410512453,,0,1,climatology,0.0,0.0,-1.67,5.230000000000015,7.161428571428572,0.401002824306488,0.4109527468681335,0.8676039615416528,0.3990538324329947,KEEP,observation_noise,0.0013011840041300745
2021-01-09,1.82,1.89,5.9,0.3995425701141357,0.4095394015312195,0.7656846642494202,8,0.8545511205608378,,0,1,climatology,0.0,0.0,1.49,6.900000000000015,7.441428571428571,0.3985690474510193,0.4101122319698334,0.8610775410512453,0.3984301090149992,KEEP,observation_noise,0.0013011840041300745
2021-01-10,3.56,0.46,7.71,0.400030106306076,0.4092338681221008,0.7666066884994507,8,0.8480247000704304,,0,1,climatology,0.0,0.0,1.74,7.3600000000000145,6.96,0.3995425701141357,0.4095394015312195,0.8545511205608378,0.40205430357805594,KEEP,observation_noise,0.0013011840041300745
2021-01-11,5.58,1.25,6.78,0.4001950621604919,0.4089787006378174,0.7669363021850586,8,0.841498279580023,,0,1,climatology,0.0,0.0,2.02,8.610000000000014,6.232857142857143,0.400030106306076,0.4092338681221008,0.8480247000704304,0.40015407762648353,KEEP,observation_noise,0.0013011840041300745
2021-01-12,6.23,3.14,6.89,0.3988298773765564,0.4086983799934387,0.7643156051635742,8,0.8349718590896156,,0,1,climatology,0.0,0.0,0.6500000000000004,11.750000000000014,6.4071428571428575,0.4001950621604919,0.4089787006378174,0.841498279580023,0.39793274716364646,KEEP,observation_noise,0.0013011840041300745
2021-01-13,9.51,0.05,5.53,0.3976115882396698,0.4083366990089416,0.7620808482170105,8,0.828445438599208,,0,1,climatology,0.0,0.0,3.28,11.750000000000014,6.357142857142857,0.3988298773765564,0.4086983799934387,0.8349718590896156,0.3979973590668876,KEEP,observation_noise,0.0013011840041300745
2021-01-14,11.98,0.0,10.7,0.3941186368465423,0.4077292084693908,0.7553241848945618,8,0.8219190181088006,,0,1,climatology,0.0,0.0,2.4700000000000006,9.190000000000015,7.152857142857143,0.3976115882396698,0.4083366990089416,0.828445438599208,0.39435026917700544,KEEP,observation_noise,0.0013011840041300745
2021-01-15,11.91,0.04,11.88,0.3924968540668487,0.407255619764328,0.7521808743476868,8,0.8153925976183932,,0,1,climatology,0.0,0.0,-0.0700000000000002,6.830000000000014,7.912857142857143,0.3941186368465423,0.4077292084693908,0.8219190181088006,0.39294702186292935,KEEP,observation_noise,0.0013011840041300745
2021-01-16,10.84,0.48,10.7,0.3944650888442993,0.4068308174610138,0.7559267282485962,8,0.8088661771279858,,0,1,climatology,0.0,0.0,-1.0700000000000005,5.420000000000014,8.598571428571429,0.3924968540668487,0.407255619764328,0.8153925976183932,0.39671816123520703,KEEP,observation_noise,0.0013011840041300745
2021-01-17,5.27,0.0,9.32,0.3946595788002014,0.4064522087574005,0.7564135193824768,8,0.8023397566375783,,0,1,climatology,0.0,0.0,-5.57,4.960000000000014,8.828571428571427,0.3944650888442993,0.4068308174610138,0.8088661771279858,0.39376799416193636,KEEP,observation_noise,0.0013011840041300745
2021-01-18,6.72,4.61,6.28,0.3968586921691894,0.4061201810836792,0.7605612874031067,8,0.7958133361471709,,0,1,climatology,0.0,0.0,1.4500000000000002,8.320000000000014,8.757142857142856,0.3946595788002014,0.4064522087574005,0.8023397566375783,0.3969015891343295,KEEP,observation_noise,0.0013011840041300745
2021-01-19,5.6,0.02,13.23,0.3949207067489624,0.4055009484291076,0.7568492889404297,8,0.7892869156567635,,0,1,climatology,0.0,0.0,-1.12,5.200000000000014,9.662857142857144,0.3968586921691894,0.4061201810836792,0.7958133361471709,0.3949316721935693,KEEP,observation_noise,0.0013011840041300745
2021-01-20,7.37,0.0,14.43,0.3924988210201263,0.4049928486347198,0.7521283030509949,8,0.782760495166356,,0,1,climatology,0.0,0.0,1.7700000000000005,5.150000000000015,10.934285714285712,0.3949207067489624,0.4055009484291076,0.7892869156567635,0.393339360837511,KEEP,observation_noise,0.0013011840041300745
2021-01-21,11.51,0.86,9.4,0.3937101066112518,0.4046880602836609,0.7545287013053894,8,0.7762340746759485,,0,1,climatology,0.0,0.0,4.14,6.010000000000015,10.748571428571427,0.3924988210201263,0.4049928486347198,0.782760495166356,0.39241480743345986,KEEP,observation_noise,0.0013011840041300745
2021-01-22,13.11,6.01,5.71,0.4113860130310058,0.4079149067401886,0.7883446216583252,8,0.7697076541855411,,0,1,climatology,0.0,0.0,1.5999999999999996,11.980000000000016,9.867142857142856,0.3937101066112518,0.4046880602836609,0.7762340746759485,0.4096249028688981,KEEP,observation_noise,0.0013011840041300745
2021-01-23,11.88,16.7,2.67,0.4230782985687256,0.416865199804306,0.8107771873474121,8,0.710642693664139,,0,1,climatology,0.0,0.0,-1.2299999999999986,28.200000000000014,8.72,0.4113860130310058,0.4079149067401886,0.7697076541855411,0.41952769468579065,KEEP,observation_noise,0.0013011840041300745
2021-01-24,10.01,6.35,3.89,0.4086731374263763,0.4145366549491882,0.7832025289535522,8,0.6515777331427368,,0,1,climatology,0.0,0.0,-1.870000000000001,34.55000000000001,7.944285714285714,0.4230782985687256,0.416865199804306,0.710642693664139,0.4102609399980464,KEEP,observation_noise,0.0013011840041300745
2021-01-25,10.06,0.0,14.08,0.4030729532241821,0.4118818342685699,0.7724039554595947,8,0.5925127726213346,,0,1,climatology,0.0,0.0,0.0500000000000007,29.94000000000001,9.058571428571428,0.4086731374263763,0.4145366549491882,0.6515777331427368,0.4005077254003061,KEEP,observation_noise,0.0013011840041300745
2021-01-26,11.52,14.94,3.98,0.4158052802085876,0.4138383567333221,0.7968183159828186,8,0.5334478120999325,,0,1,climatology,0.0,0.0,1.459999999999999,44.860000000000014,7.737142857142857,0.4030729532241821,0.4118818342685699,0.5925127726213346,0.41620454993071415,KEEP,observation_noise,0.0013011840041300745
2021-01-27,11.06,0.1,10.83,0.4027199149131775,0.4119327664375305,0.7717570662498474,8,0.7970510935352506,,0,1,climatology,0.0,0.0,-0.4599999999999991,44.960000000000015,7.222857142857143,0.4158052802085876,0.4138383567333221,0.5334478120999325,0.40317331997627,KEEP,observation_noise,0.0013011840041300745
2021-01-28,9.02,0.22,10.32,0.401374340057373,0.410354882478714,0.7692131400108337,8,0.8040621021576755,,0,1,climatology,0.0,0.0,-2.040000000000001,44.320000000000014,7.354285714285714,0.4027199149131775,0.4119327664375305,0.7970510935352506,0.40146997386464595,KEEP,observation_noise,0.0013011840041300745
2021-01-29,3.11,0.0,10.65,0.3973325490951538,0.4092057645320892,0.7614414095878601,8,0.8110731107801005,,0,1,climatology,0.0,0.0,-5.91,38.31000000000002,8.06,0.401374340057373,0.410354882478714,0.8040621021576755,0.39645526671124964,KEEP,observation_noise,0.0013011840041300745
2021-01-30,7.04,0.01,11.16,0.3976127803325653,0.4084532856941223,0.7619629502296448,8,0.8180841194025255,,0,1,climatology,0.0,0.0,3.93,21.62000000000001,9.272857142857143,0.3973325490951538,0.4092057645320892,0.8110731107801005,0.3999034950744298,KEEP,observation_noise,0.0013011840041300745
2021-01-31,9.99,0.0,14.35,0.3921779692173004,0.4075155556201935,0.7515950798988342,8,0.8250951280249503,0.8250951280249503,1,0,observed,0.9956835976711504,1.0,2.95,15.270000000000014,10.767142857142858,0.3976127803325653,0.4084532856941223,0.8180841194025255,0.39192768461219196,KEEP,observation_noise,0.0013011840041300745
2021-02-01,11.4,31.61,4.14,0.4226216673851013,0.416345864534378,0.8099163770675659,8,0.8294081238061176,,0,1,interpolated,0.0,0.0,1.41,46.88000000000001,9.347142857142858,0.3921779692173004,0.4075155556201935,0.8250951280249503,0.4201806431644816,KEEP,observation_noise,0.0013011840041300745
2021-02-02,7.97,1.73,14.47,0.4085658192634582,0.4171043932437897,0.7829370498657227,8,0.8337211195872849,,0,1,interpolated,0.0,0.0,-3.4300000000000006,33.670000000000016,10.845714285714283,0.4226216673851013,0.416345864534378,0.8294081238061176,0.4085421477261025,KEEP,observation_noise,0.0013011840041300745
2021-02-03,5.19,0.0,12.61,0.4016929864883423,0.4130910336971283,0.7697810530662537,8,0.8380341153684521,,0,1,interpolated,0.0,0.0,-2.78,33.570000000000014,11.1,0.4085658192634582,0.4171043932437897,0.8337211195872849,0.40232971613610546,KEEP,observation_noise,0.0013011840041300745
2021-02-04,8.3,0.91,11.29,0.4014440178871155,0.4114513993263244,0.76939457654953,8,0.8423471111496194,,0,1,interpolated,0.0,0.0,3.1100000000000003,34.26000000000001,11.238571428571428,0.4016929864883423,0.4130910336971283,0.8380341153684521,0.40093439555043875,KEEP,observation_noise,0.0013011840041300745
2021-02-05,9.36,0.38,10.17,0.4003119170665741,0.4105731546878814,0.7672220468521118,8,0.8466601069307866,0.8466601069307866,1,0,observed,0.4672756474603491,1.0,1.0599999999999987,34.640000000000015,11.17,0.4014440178871155,0.4114513993263244,0.8423471111496194,0.4018979399540912,KEEP,observation_noise,0.0013011840041300745
2021-02-06,11.09,0.61,13.54,0.4005093574523926,0.4100686907768249,0.7676059603691101,8,0.8385178321729737,,0,1,interpolated,0.0,0.0,1.7300000000000004,35.240000000000016,11.510000000000002,0.4003119170665741,0.4105731546878814,0.8466601069307866,0.40155086898906567,KEEP,observation_noise,0.0013011840041300745
2021-02-07,11.76,0.0,12.47,0.396982192993164,0.4092957377433777,0.7607480883598328,8,0.8303755574151608,,0,1,interpolated,0.0,0.0,0.6699999999999999,35.240000000000016,11.241428571428573,0.4005093574523926,0.4100686907768249,0.8385178321729737,0.3975274931814173,KEEP,observation_noise,0.0013011840041300745
2021-02-08,8.29,0.0,15.16,0.3971988558769226,0.4084933996200561,0.7612680792808533,8,0.8222332826573479,,0,1,interpolated,0.0,0.0,-3.4700000000000006,3.630000000000014,12.815714285714284,0.396982192993164,0.4092957377433777,0.8303755574151608,0.39502654540245713,KEEP,observation_noise,0.0013011840041300745
2021-02-09,6.18,0.0,16.94,0.3967116773128509,0.4078154265880584,0.7602706551551819,8,0.8140910078995349,,0,1,interpolated,0.0,0.0,-2.1099999999999994,1.900000000000014,13.168571428571427,0.3971988558769226,0.4084933996200561,0.8222332826573479,0.3984658833899847,KEEP,observation_noise,0.0013011840041300745
2021-02-10,9.44,0.0,14.56,0.3966928720474243,0.4072701036930084,0.7602759599685669,8,0.805948733141722,0.805948733141722,1,0,observed,0.9769122666131296,1.0,3.26,1.900000000000014,13.447142857142856,0.3967116773128509,0.4078154265880584,0.8140910078995349,0.3977857942279883,KEEP,observation_noise,0.0013011840041300745
2021-02-11,10.83,0.0,11.17,0.3952222764492035,0.4068390727043152,0.7574776411056519,8,0.801037351954133,,0,1,interpolated,0.0,0.0,1.3900000000000006,0.9900000000000142,13.43,0.3966928720474243,0.4072701036930084,0.805948733141722,0.3968991321706487,KEEP,observation_noise,0.0013011840041300745
2021-02-12,11.26,0.0,10.81,0.4005334675312042,0.4071241915225982,0.7675985097885132,8,0.7961259707665439,,0,1,interpolated,0.0,0.0,0.4299999999999997,0.6100000000000142,13.521428571428572,0.3952222764492035,0.4068390727043152,0.801037351954133,0.40107308206928993,KEEP,observation_noise,0.0013011840041300745
2021-02-13,12.68,0.23,13.25,0.4009777903556824,0.4073246717453003,0.768480122089386,8,0.7912145895789549,,0,1,interpolated,0.0,0.0,1.42,0.2300000000000142,13.48,0.4005334675312042,0.4071241915225982,0.7961259707665439,0.4007450086683703,KEEP,observation_noise,0.0013011840041300745
2021-02-14,13.99,5.37,9.51,0.4304093718528747,0.4189037382602691,0.8248181343078613,8,0.7863032083913657,,0,1,interpolated,0.0,0.0,1.3100000000000005,5.600000000000015,13.05714285714286,0.4009777903556824,0.4073246717453003,0.7912145895789549,0.43143183950234165,KEEP,observation_noise,0.0013011840041300745
2021-02-15,11.83,14.39,9.87,0.415563553571701,0.4241715669631958,0.7963449954986572,8,0.7813918272037766,,0,1,interpolated,0.0,0.0,-2.16,19.990000000000016,12.301428571428572,0.4304093718528747,0.4189037382602691,0.7863032083913657,0.4167175860733762,KEEP,observation_noise,0.0013011840041300745
2021-02-16,7.03,2.59,16.39,0.4041344821453094,0.4167993664741516,0.774527907371521,8,0.7764804460161876,,0,1,interpolated,0.0,0.0,-4.8,22.580000000000016,12.222857142857142,0.415563553571701,0.4241715669631958,0.7813918272037766,0.4044843650641083,KEEP,observation_noise,0.0013011840041300745
2021-02-17,2.64,8.37,9.8,0.403360903263092,0.4136374592781067,0.7729754447937012,8,0.7715690648285985,,0,1,interpolated,0.0,0.0,-4.390000000000001,30.950000000000017,11.542857142857144,0.4041344821453094,0.4167993664741516,0.7764804460161876,0.4034707146298156,KEEP,observation_noise,0.0013011840041300745
2021-02-18,2.21,3.86,7.56,0.402186632156372,0.4120909571647644,0.770797073841095,8,0.7666576836410095,,0,1,interpolated,0.0,0.0,-0.4300000000000001,34.81000000000002,11.02714285714286,0.403360903263092,0.4136374592781067,0.7715690648285985,0.4009638873090551,KEEP,observation_noise,0.0013011840041300745
2021-02-19,7.11,0.0,16.83,0.4006015658378601,0.4111374318599701,0.7677087783813477,8,0.7617463024534203,,0,1,interpolated,0.0,0.0,4.9,34.81000000000002,11.88714285714286,0.402186632156372,0.4120909571647644,0.7666576836410095,0.39903785585435486,KEEP,observation_noise,0.0013011840041300745
2021-02-20,12.69,0.0,15.12,0.3994781672954559,0.4101358354091644,0.7655830979347229,8,0.7568349212658313,,0,1,interpolated,0.0,0.0,5.579999999999999,34.58000000000002,12.154285714285717,0.4006015658378601,0.4111374318599701,0.7617463024534203,0.4006587928780127,KEEP,observation_noise,0.0013011840041300745
2021-02-21,14.41,0.0,17.49,0.3979619145393371,0.4090700149536133,0.7626992464065552,8,0.7519235400782422,,0,1,interpolated,0.0,0.0,1.7200000000000006,29.21000000000001,13.294285714285715,0.3994781672954559,0.4101358354091644,0.7568349212658313,0.39863923290734,KEEP,observation_noise,0.0013011840041300745
2021-02-22,15.06,0.0,15.73,0.3960661888122558,0.4080731272697449,0.7590771913528442,8,0.7470121588906532,,0,1,interpolated,0.0,0.0,0.6500000000000004,14.820000000000013,14.131428571428572,0.3979619145393371,0.4090700149536133,0.7519235400782422,0.3951245650343471,KEEP,observation_noise,0.0013011840041300745
2021-02-23,11.27,0.0,17.64,0.3930306732654571,0.4072483777999878,0.7532316446304321,8,0.7421007777030642,,0,1,interpolated,0.0,0.0,-3.790000000000001,12.230000000000013,14.31,0.3960661888122558,0.4080731272697449,0.7470121588906532,0.3926426262890348,KEEP,observation_noise,0.0013011840041300745
2021-02-24,9.74,0.0,17.15,0.3940290510654449,0.4067127108573913,0.7551637887954712,8,0.7371893965154751,,0,1,interpolated,0.0,0.0,-1.5299999999999994,3.860000000000014,15.36,0.3930306732654571,0.4072483777999878,0.7421007777030642,0.39199769714785426,KEEP,observation_noise,0.0013011840041300745
2021-02-25,9.64,1.63,10.8,0.419332891702652,0.4122892022132873,0.8036795854568481,8,0.7322780153278861,,0,1,interpolated,0.0,0.0,-0.0999999999999996,1.630000000000014,15.822857142857142,0.3940290510654449,0.4067127108573913,0.7371893965154751,0.41919817611861354,KEEP,observation_noise,0.0013011840041300745
2021-02-26,8.59,15.92,5.08,0.4265454411506653,0.4303184747695923,0.8174855709075928,8,0.7273666341402969,,0,1,interpolated,0.0,0.0,-1.0500000000000007,17.550000000000015,14.144285714285717,0.419332891702652,0.4122892022132873,0.7322780153278861,0.42558338019954367,KEEP,observation_noise,0.0013011840041300745
2021-02-27,8.81,0.0,12.87,0.4102992415428161,0.4211618602275848,0.7863644361495972,8,0.7224552529527078,,0,1,interpolated,0.0,0.0,0.2200000000000006,17.55000000000001,13.822857142857144,0.4265454411506653,0.4303184747695923,0.7273666341402969,0.41188029295306366,KEEP,observation_noise,0.0013011840041300745
2021-02-28,11.46,0.01,14.7,0.4067472815513611,0.4172816574573517,0.7795323729515076,8,0.7175438717651188,,0,1,interpolated,0.0,0.0,2.6500000000000004,17.560000000000013,13.424285714285714,0.4102992415428161,0.4211618602275848,0.7224552529527078,0.4086702290997135,KEEP,observation_noise,0.0013011840041300745
2021-03-01,14.93,3.25,13.69,0.4240442514419555,0.4206156730651855,0.8126556277275085,8,0.7126324905775298,,0,1,interpolated,0.0,0.0,3.469999999999999,20.810000000000013,13.132857142857144,0.4067472815513611,0.4172816574573517,0.7175438717651188,0.42378933231126964,KEEP,observation_noise,0.0013011840041300745
2021-03-02,9.59,18.18,8.85,0.4221725463867187,0.4302050173282623,0.8091169595718384,8,0.7077211093899407,,0,1,interpolated,0.0,0.0,-5.34,38.99000000000001,11.877142857142855,0.4240442514419555,0.4206156730651855,0.7126324905775298,0.423800082422594,KEEP,observation_noise,0.0013011840041300745
2021-03-03,8.24,0.0,19.16,0.4109095633029938,0.4234695732593536,0.7874808311462402,8,0.7028097282023515,,0,1,interpolated,0.0,0.0,-1.3499999999999996,38.99000000000001,12.164285714285713,0.4221725463867187,0.4302050173282623,0.7077211093899407,0.40722867686824005,KEEP,observation_noise,0.0013011840041300745
2021-03-04,11.08,16.27,10.08,0.4296389520168304,0.425690233707428,0.8233882188796997,8,0.6978983470147625,,0,1,interpolated,0.0,0.0,2.84,53.63000000000001,12.06142857142857,0.4109095633029938,0.4234695732593536,0.7028097282023515,0.4280146897914267,KEEP,observation_noise,0.0013011840041300745
2021-03-05,13.13,24.05,9.41,0.4251276850700378,0.4323928952217102,0.8147597908973694,8,0.6929869658271735,,0,1,interpolated,0.0,0.0,2.0500000000000007,61.760000000000005,12.68,0.4296389520168304,0.425690233707428,0.6978983470147625,0.42461542623982823,KEEP,observation_noise,0.0013011840041300745
2021-03-06,12.12,0.04,9.61,0.4195454716682434,0.4276096820831299,0.8040592670440674,8,0.6880755846395844,,0,1,interpolated,0.0,0.0,-1.0100000000000016,61.80000000000001,12.214285714285714,0.4251276850700378,0.4323928952217102,0.6929869658271735,0.41927650383289805,KEEP,observation_noise,0.0013011840041300745
2021-03-07,9.39,0.18,7.01,0.4238937199115753,0.4269803166389465,0.812401533126831,8,0.6831642034519954,,0,1,interpolated,0.0,0.0,-2.729999999999998,61.97000000000001,11.115714285714288,0.4195454716682434,0.4276096820831299,0.6880755846395844,0.4259117395122876,KEEP,observation_noise,0.0013011840041300745
2021-03-08,10.48,0.0,18.77,0.4149793684482574,0.4253827929496765,0.7952802181243896,8,0.6782528222644063,,0,1,interpolated,0.0,0.0,1.09,58.72000000000001,11.841428571428567,0.4238937199115753,0.4269803166389465,0.6831642034519954,0.4141719840333192,KEEP,observation_noise,0.0013011840041300745
2021-03-09,10.23,0.0,11.39,0.4106849431991577,0.4239677488803863,0.7870937585830688,8,0.6733414410768173,,0,1,interpolated,0.0,0.0,-0.25,40.54000000000001,12.204285714285716,0.4149793684482574,0.4253827929496765,0.6782528222644063,0.41084523497022757,KEEP,observation_noise,0.0013011840041300745
2021-03-10,12.41,0.0,19.59,0.4099963307380676,0.4228526949882507,0.7857749462127686,8,0.6684300598892281,,0,1,interpolated,0.0,0.0,2.18,40.54000000000001,12.265714285714283,0.4106849431991577,0.4239677488803863,0.6733414410768173,0.41093460027584733,KEEP,observation_noise,0.0013011840041300745
2021-03-11,11.63,0.0,16.51,0.4091147184371948,0.4218370616436004,0.7840951085090637,8,0.663518678701639,,0,1,interpolated,0.0,0.0,-0.7799999999999994,24.27000000000001,13.184285714285716,0.4099963307380676,0.4228526949882507,0.6684300598892281,0.4085637616953993,KEEP,observation_noise,0.0013011840041300745
2021-03-12,12.95,12.62,3.93,0.4242401421070099,0.4256130456924438,0.8130369782447815,8,0.65860729751405,,0,1,interpolated,0.0,0.0,1.3199999999999985,12.84000000000001,12.401428571428571,0.4091147184371948,0.4218370616436004,0.663518678701639,0.4204612240872036,KEEP,observation_noise,0.0013011840041300745
2021-03-13,12.02,0.77,13.05,0.413268506526947,0.4235707819461822,0.7920153141021729,8,0.4677884731737243,,0,1,climatology,0.0,0.0,-0.9299999999999996,13.570000000000013,12.892857142857142,0.4242401421070099,0.4256130456924438,0.65860729751405,0.4139149183101944,KEEP,observation_noise,0.0013011840041300745
2021-03-14,11.96,0.2,14.01,0.407907485961914,0.4219879508018493,0.781726598739624,8,0.4507509175963786,,0,1,climatology,0.0,0.0,-0.0599999999999987,13.59000000000001,13.892857142857142,0.413268506526947,0.4235707819461822,0.4677884731737243,0.4047172214172598,KEEP,observation_noise,0.0013011840041300745
2021-03-15,13.4,0.0,17.81,0.4035569429397583,0.4205552637577057,0.7734359502792358,8,0.4337133620190329,,0,1,climatology,0.0,0.0,1.4399999999999995,13.59000000000001,13.755714285714284,0.407907485961914,0.4219879508018493,0.4507509175963786,0.4028677554644605,KEEP,observation_noise,0.0013011840041300745
2021-03-16,14.73,5.24,5.52,0.4132606983184814,0.4206468462944031,0.7919952869415283,8,0.4166758064416871,,0,1,climatology,0.0,0.0,1.33,18.83000000000001,12.917142857142858,0.4035569429397583,0.4205552637577057,0.4337133620190329,0.4164648639403713,KEEP,observation_noise,0.0013011840041300745
2021-03-17,12.98,0.02,20.49,0.4099030792713165,0.4197929799556732,0.7855960726737976,8,0.6340503915761047,0.6340503915761047,1,0,observed,0.6374222043766309,1.0,-1.75,18.85000000000001,13.045714285714284,0.4132606983184814,0.4206468462944031,0.4166758064416871,0.4087584675559636,KEEP,observation_noise,0.0013011840041300745
2021-03-18,12.27,0.0,21.67,0.4051836133003235,0.4186362028121948,0.7765170931816101,8,0.6185602854839176,,0,1,interpolated,0.0,0.0,-0.7100000000000009,18.85000000000001,13.78285714285714,0.4099030792713165,0.4197929799556732,0.6340503915761047,0.4060370590869849,KEEP,observation_noise,0.0013011840041300745
2021-03-19,13.56,0.05,17.64,0.4047251939773559,0.4177344739437103,0.7756649851799011,8,0.6030701793917305,,0,1,interpolated,0.0,0.0,1.290000000000001,6.280000000000011,15.741428571428573,0.4051836133003235,0.4186362028121948,0.6185602854839176,0.4037058363498688,KEEP,observation_noise,0.0013011840041300745
2021-03-20,14.8,15.63,5.84,0.4283785820007324,0.4229828119277954,0.8209963440895081,8,0.5875800732995434,,0,1,interpolated,0.0,0.0,1.2400000000000002,21.14000000000001,14.71142857142857,0.4047251939773559,0.4177344739437103,0.6030701793917305,0.42729085213063567,KEEP,observation_noise,0.0013011840041300745
2021-03-21,12.94,12.47,4.62,0.417193591594696,0.4239314198493957,0.7995229959487915,8,0.5720899672073563,,0,1,interpolated,0.0,0.0,-1.8600000000000008,33.41000000000001,13.37,0.4283785820007324,0.4229828119277954,0.5875800732995434,0.41774101591088214,KEEP,observation_noise,0.0013011840041300745
2021-03-22,9.55,0.0,18.67,0.4086853861808777,0.4205928444862366,0.7832215428352356,8,0.5565998611151692,,0,1,interpolated,0.0,0.0,-3.389999999999999,33.41000000000001,13.492857142857144,0.417193591594696,0.4239314198493957,0.5720899672073563,0.4103320757919227,KEEP,observation_noise,0.0013011840041300745
2021-03-23,11.47,0.0,23.31,0.4042772650718689,0.4184958338737488,0.774756669998169,8,0.5411097550229821,,0,1,interpolated,0.0,0.0,1.92,28.17000000000001,16.034285714285716,0.4086853861808777,0.4205928444862366,0.5565998611151692,0.4040942500269419,KEEP,observation_noise,0.0013011840041300745
2021-03-24,13.22,0.0,20.18,0.4050005078315735,0.4172345995903015,0.7761435508728027,8,0.525619648930795,,0,1,interpolated,0.0,0.0,1.75,28.150000000000013,15.989999999999998,0.4042772650718689,0.4184958338737488,0.5411097550229821,0.4048952907286775,KEEP,observation_noise,0.0013011840041300745
2021-03-25,14.64,0.02,22.58,0.4065548181533813,0.4167522490024566,0.7791171073913574,8,0.5101295428386079,,0,1,interpolated,0.0,0.0,1.42,28.17000000000001,16.119999999999997,0.4050005078315735,0.4172345995903015,0.525619648930795,0.4020441781149976,KEEP,observation_noise,0.0013011840041300745
2021-03-26,15.15,0.0,23.1,0.3997312486171722,0.4152499437332153,0.7660291790962219,8,0.4946394367464208,,0,1,interpolated,0.0,0.0,0.5099999999999998,28.12000000000001,16.9,0.4065548181533813,0.4167522490024566,0.5101295428386079,0.3993440954320476,KEEP,observation_noise,0.0013011840041300745
2021-03-27,15.0,3.73,20.25,0.4197587668895721,0.4178324341773987,0.8044559955596924,8,0.4791493306542337,0.4791493306542337,1,0,observed,0.6226661312989358,1.0,-0.1500000000000003,16.220000000000013,18.958571428571428,0.3997312486171722,0.4152499437332153,0.4946394367464208,0.4175459305396154,KEEP,observation_noise,0.0013011840041300745
2021-03-28,15.13,28.99,7.35,0.4346976280212402,0.4386613965034485,0.8329983949661255,8,0.4819730624686143,,0,1,interpolated,0.0,0.0,0.1300000000000007,32.74000000000001,19.34857142857143,0.4197587668895721,0.4178324341773987,0.4791493306542337,0.43562924488741955,KEEP,observation_noise,0.0013011840041300745
2021-03-29,15.1,0.03,15.69,0.4147475957870483,0.4288189709186554,0.7948238849639893,8,0.4847967942829949,,0,1,interpolated,0.0,0.0,-0.0300000000000011,32.77000000000001,18.922857142857143,0.4346976280212402,0.4386613965034485,0.4819730624686143,0.4145335495293052,KEEP,observation_noise,0.0013011840041300745
2021-03-30,14.59,0.0,17.6,0.4083571434020996,0.4242646396160126,0.7825646996498108,8,0.4876205260973754,,0,1,interpolated,0.0,0.0,-0.5099999999999998,32.77000000000001,18.107142857142858,0.4147475957870483,0.4288189709186554,0.4847967942829949,0.4102171749862391,KEEP,observation_noise,0.0013011840041300745
2021-03-31,13.82,0.0,19.46,0.4064252078533172,0.4218407273292541,0.7788264751434326,8,0.490444257911756,,0,1,interpolated,0.0,0.0,-0.7699999999999996,32.77000000000001,18.004285714285714,0.4083571434020996,0.4242646396160126,0.4876205260973754,0.4035845038622872,KEEP,observation_noise,0.0013011840041300745
2021-04-01,15.28,0.0,18.95,0.4069165289402008,0.4203327894210815,0.7798131704330444,8,0.4932679897261365,,0,1,interpolated,0.0,0.0,1.459999999999999,32.75000000000001,17.485714285714288,0.4064252078533172,0.4218407273292541,0.490444257911756,0.40618937346348727,KEEP,observation_noise,0.0013011840041300745
2021-04-02,16.56,0.01,16.59,0.4070504009723663,0.4191539585590362,0.7801024317741394,8,0.4960917215405171,,0,1,interpolated,0.0,0.0,1.2799999999999994,32.760000000000005,16.555714285714284,0.4069165289402008,0.4203327894210815,0.4932679897261365,0.41005451294179135,KEEP,observation_noise,0.0013011840041300745
2021-04-03,17.51,1.61,17.21,0.40909144282341,0.4183359742164612,0.7840505838394165,8,0.4989154533548977,,0,1,interpolated,0.0,0.0,0.9500000000000028,30.640000000000008,16.12142857142857,0.4070504009723663,0.4191539585590362,0.4960917215405171,0.4096325191451947,KEEP,observation_noise,0.0013011840041300745
2021-04-04,14.91,14.41,3.63,0.4178777933120727,0.4223511219024658,0.8008665442466736,8,0.5017391851692783,,0,1,interpolated,0.0,0.0,-2.6000000000000014,16.06000000000001,15.590000000000002,0.40909144282341,0.4183359742164612,0.4989154533548977,0.4166335170430898,KEEP,observation_noise,0.0013011840041300745
2021-04-05,12.11,0.0,20.67,0.4073605239391327,0.4193399250507355,0.7806710600852966,8,0.5045629169836588,,0,1,interpolated,0.0,0.0,-2.8000000000000007,16.03000000000001,16.301428571428573,0.4178777933120727,0.4223511219024658,0.5017391851692783,0.40614641018590825,KEEP,observation_noise,0.0013011840041300745
2021-04-06,12.63,0.0,24.5,0.4023903310298919,0.417192131280899,0.7712109684944153,8,0.5073866487980394,,0,1,interpolated,0.0,0.0,0.5200000000000014,16.03000000000001,17.287142857142857,0.4073605239391327,0.4193399250507355,0.5045629169836588,0.4028223575785531,KEEP,observation_noise,0.0013011840041300745
2021-04-07,15.18,0.0,25.26,0.3990183174610138,0.4156705141067505,0.7646806240081787,8,0.51021038061242,,0,1,interpolated,0.0,0.0,2.549999999999999,16.03000000000001,18.115714285714287,0.4023903310298919,0.417192131280899,0.5073866487980394,0.40138983381296894,KEEP,observation_noise,0.0013011840041300745
2021-04-08,14.97,0.0,19.1,0.397654265165329,0.414467304944992,0.762125551700592,8,0.5130341124268005,,0,1,interpolated,0.0,0.0,-0.209999999999999,16.03000000000001,18.13714285714286,0.3990183174610138,0.4156705141067505,0.51021038061242,0.3966232996914163,KEEP,observation_noise,0.0013011840041300745
2021-04-09,13.27,0.0,23.65,0.3975361287593841,0.4133402407169342,0.7618389129638672,8,0.5158578442411811,,0,1,interpolated,0.0,0.0,-1.700000000000001,16.02000000000001,19.145714285714288,0.397654265165329,0.414467304944992,0.5130341124268005,0.3984204525847144,KEEP,observation_noise,0.0013011840041300745
2021-04-10,11.84,0.0,25.33,0.3961777985095978,0.4121407866477966,0.7592261433601379,8,0.5186815760555616,,0,1,interpolated,0.0,0.0,-1.4299999999999995,14.41000000000001,20.305714285714288,0.3975361287593841,0.4133402407169342,0.5158578442411811,0.3968049525976509,KEEP,observation_noise,0.0013011840041300745
2021-04-11,14.14,0.0,26.26,0.3962301015853882,0.4109240770339966,0.7593366503715515,8,0.5215053078699422,0.5215053078699422,1,0,observed,1.0,1.0,2.3000000000000007,0.0,23.53857142857143,0.3961777985095978,0.4121407866477966,0.5186815760555616,0.39616406469670984,KEEP,observation_noise,0.0013011840041300745
2021-04-12,15.15,11.4,9.02,0.4243837594985962,0.4180584251880646,0.8133258819580078,8,0.5219875424885919,,0,1,interpolated,0.0,0.0,1.0099999999999998,11.400000000000013,21.874285714285715,0.3962301015853882,0.4109240770339966,0.5215053078699422,0.42546423163626806,KEEP,observation_noise,0.0013011840041300745
2021-04-13,16.19,11.73,12.04,0.4148896932601928,0.4213212132453918,0.7951470017433167,8,0.5224697771072416,,0,1,interpolated,0.0,0.0,1.040000000000001,23.13000000000001,20.094285714285714,0.4243837594985962,0.4180584251880646,0.5219875424885919,0.41278729922998025,KEEP,observation_noise,0.0013011840041300745
2021-04-14,12.76,0.02,18.61,0.404671162366867,0.4165882766246795,0.775490403175354,8,0.5229520117258915,,0,1,interpolated,0.0,0.0,-3.430000000000001,23.150000000000013,19.14428571428571,0.4148896932601928,0.4213212132453918,0.5224697771072416,0.40454117192481504,KEEP,observation_noise,0.0013011840041300745
2021-04-15,13.59,0.0,24.57,0.3995058834552765,0.413971483707428,0.7656222581863403,8,0.5234342463445412,,0,1,interpolated,0.0,0.0,0.8300000000000001,23.150000000000013,19.925714285714285,0.404671162366867,0.4165882766246795,0.5229520117258915,0.39815472775941274,KEEP,observation_noise,0.0013011840041300745
2021-04-16,14.36,2.27,9.45,0.4177219271659851,0.4158957898616791,0.8005224466323853,8,0.5239164809631909,,0,1,interpolated,0.0,0.0,0.7699999999999996,25.42000000000001,17.897142857142857,0.3995058834552765,0.413971483707428,0.5234342463445412,0.41936476790092636,KEEP,observation_noise,0.0013011840041300745
2021-04-17,15.76,7.15,15.66,0.4129890203475952,0.4184581339359283,0.7914817929267883,8,0.5243987155818406,,0,1,interpolated,0.0,0.0,1.4000000000000004,32.570000000000014,16.515714285714285,0.4177219271659851,0.4158957898616791,0.5239164809631909,0.4174335751342596,KEEP,observation_noise,0.0013011840041300745
2021-04-18,12.23,0.39,21.27,0.4021031260490417,0.4147815704345703,0.7705914378166199,8,0.5248809502004903,,0,1,interpolated,0.0,0.0,-3.53,32.960000000000015,15.802857142857144,0.4129890203475952,0.4184581339359283,0.5243987155818406,0.4008533629339879,KEEP,observation_noise,0.0013011840041300745
2021-04-19,14.47,0.0,27.89,0.3977594375610351,0.4124729335308075,0.7623389363288879,8,0.5253631848191401,,0,1,interpolated,0.0,0.0,2.24,21.560000000000013,18.49857142857143,0.4021031260490417,0.4147815704345703,0.5248809502004903,0.39893586697828076,KEEP,observation_noise,0.0013011840041300745
2021-04-20,16.48,0.0,27.48,0.3926379382610321,0.4104455113410949,0.7525088787078857,8,0.5258454194377898,,0,1,interpolated,0.0,0.0,2.01,9.83000000000001,20.704285714285717,0.3977594375610351,0.4124729335308075,0.5253631848191401,0.3921062776406342,KEEP,observation_noise,0.0013011840041300745
2021-04-21,17.68,0.01,26.39,0.3889805376529693,0.4086576700210571,0.7455003261566162,8,0.5263276540564396,0.5263276540564396,1,0,observed,1.0,1.0,1.1999999999999993,9.820000000000013,21.81571428571429,0.3926379382610321,0.4104455113410949,0.5258454194377898,0.38721041711237575,KEEP,observation_noise,0.0013011840041300745
2021-04-22,18.45,0.0,22.54,0.3890330493450165,0.407419204711914,0.7455434799194336,8,0.5082834132022971,,0,1,interpolated,0.0,0.0,0.7699999999999996,9.820000000000013,21.525714285714287,0.3889805376529693,0.4086576700210571,0.5263276540564396,0.38925274356893147,KEEP,observation_noise,0.0013011840041300745
2021-04-23,17.45,0.01,15.49,0.3913922905921936,0.4068653583526611,0.7501124143600464,8,0.4902391723481546,,0,1,interpolated,0.0,0.0,-1.0,7.560000000000011,22.38857142857143,0.3890330493450165,0.407419204711914,0.5082834132022971,0.39233678678042966,KEEP,observation_noise,0.0013011840041300745
2021-04-24,17.44,0.66,19.56,0.388877809047699,0.4056926071643829,0.7452341914176941,8,0.4721949314940122,,0,1,interpolated,0.0,0.0,-0.009999999999998,1.0700000000000107,22.945714285714285,0.3913922905921936,0.4068653583526611,0.4902391723481546,0.38837094707410136,KEEP,observation_noise,0.0013011840041300745
2021-04-25,15.62,0.07,25.35,0.3889994025230407,0.4047671258449554,0.7454497814178467,8,0.4541506906398697,,0,1,interpolated,0.0,0.0,-1.820000000000002,0.7500000000000107,23.528571428571432,0.388877809047699,0.4056926071643829,0.4721949314940122,0.3897924613605691,KEEP,observation_noise,0.0013011840041300745
2021-04-26,14.08,0.0,28.64,0.3857775926589966,0.4036438763141632,0.7392993569374084,8,0.4361064497857272,0.4361064497857272,1,0,observed,1.0,1.0,-1.5399999999999991,0.7500000000000107,23.635714285714283,0.3889994025230407,0.4047671258449554,0.4541506906398697,0.38563383498282305,KEEP,observation_noise,0.0013011840041300745
2021-04-27,16.68,1.84,13.03,0.3950751721858978,0.4039463102817535,0.7571501731872559,8,0.432879623707039,,0,1,interpolated,0.0,0.0,2.6,2.5900000000000105,21.571428571428573,0.3857775926589966,0.4036438763141632,0.4361064497857272,0.3958195106208839,KEEP,observation_noise,0.0013011840041300745
2021-04-28,17.59,16.05,8.52,0.4294466078281402,0.4153407514095306,0.8230494260787964,8,0.4296527976283507,,0,1,interpolated,0.0,0.0,0.91,18.63000000000001,19.018571428571427,0.3950751721858978,0.4039463102817535,0.432879623707039,0.42953465393734036,KEEP,observation_noise,0.0013011840041300745
2021-04-29,16.79,27.02,10.9,0.4266853332519531,0.4276725649833679,0.8176631927490234,8,0.4264259715496625,,0,1,interpolated,0.0,0.0,-0.8000000000000007,45.65000000000001,17.355714285714285,0.4294466078281402,0.4153407514095306,0.4296527976283507,0.4268825990469357,KEEP,observation_noise,0.0013011840041300745
2021-04-30,17.08,0.24,23.6,0.4106437861919403,0.4183117151260376,0.7869927287101746,8,0.4231991454709742,,0,1,interpolated,0.0,0.0,0.2899999999999991,45.88000000000002,18.514285714285712,0.4266853332519531,0.4276725649833679,0.4264259715496625,0.41065604517327353,KEEP,observation_noise,0.0013011840041300745
2021-05-01,15.75,2.67,16.45,0.4061916768550873,0.4145791828632355,0.7784412503242493,8,0.4199723193922859,,0,1,interpolated,0.0,0.0,-1.3299999999999983,47.890000000000015,18.07,0.4106437861919403,0.4183117151260376,0.4231991454709742,0.40726285282495905,KEEP,observation_noise,0.0013011840041300745
2021-05-02,13.85,4.43,15.2,0.4096987247467041,0.4136985242366791,0.7851599454879761,8,0.4167454933135977,,0,1,interpolated,0.0,0.0,-1.9000000000000004,52.250000000000014,16.62,0.4061916768550873,0.4145791828632355,0.4199723193922859,0.4141881176070233,KEEP,observation_noise,0.0013011840041300745
2021-05-03,16.51,0.0,28.23,0.3955268859863281,0.410864382982254,0.7580318450927734,8,0.4135186672349095,,0,1,interpolated,0.0,0.0,2.660000000000002,52.250000000000014,16.56142857142857,0.4096987247467041,0.4136985242366791,0.4167454933135977,0.3967032990892426,KEEP,observation_noise,0.0013011840041300745
2021-05-04,16.88,7.0,13.87,0.4160290360450744,0.4137889742851257,0.7972157597541809,8,0.4102918411562212,,0,1,interpolated,0.0,0.0,0.3699999999999974,57.41000000000001,16.681428571428572,0.3955268859863281,0.410864382982254,0.4135186672349095,0.41686142840458107,KEEP,observation_noise,0.0013011840041300745
2021-05-05,17.85,22.56,17.96,0.4167719483375549,0.4250130951404571,0.7987402081489563,8,0.4070650150775329,,0,1,interpolated,0.0,0.0,0.9700000000000024,63.92000000000001,18.03,0.4160290360450744,0.4137889742851257,0.4102918411562212,0.4156758219033129,KEEP,observation_noise,0.0013011840041300745
2021-05-06,18.35,0.0,28.48,0.3990737497806549,0.4168084859848022,0.7647582292556763,8,0.4038381889988447,0.4038381889988447,1,0,observed,1.0,1.0,0.5,36.900000000000006,20.54142857142857,0.4167719483375549,0.4250130951404571,0.4070650150775329,0.39531169949117106,KEEP,observation_noise,0.0013011840041300745
2021-05-07,18.21,0.52,15.84,0.4125888645648956,0.4176462888717651,0.7907423973083496,8,0.3934373224069256,,0,1,interpolated,0.0,0.0,-0.1400000000000005,37.180000000000014,19.43285714285714,0.3990737497806549,0.4168084859848022,0.4038381889988447,0.4104467063687355,KEEP,observation_noise,0.0013011840041300745
2021-05-08,18.94,0.01,10.79,0.4059293568134308,0.4154277741909027,0.7779308557510376,8,0.3830364558150065,,0,1,interpolated,0.0,0.0,0.7300000000000004,34.52000000000001,18.624285714285715,0.4125888645648956,0.4176462888717651,0.3934373224069256,0.406862012540832,KEEP,observation_noise,0.0013011840041300745
2021-05-09,18.56,0.08,25.91,0.3976612389087677,0.4131247699260711,0.7621349096298218,8,0.3726355892230874,,0,1,interpolated,0.0,0.0,-0.3800000000000025,30.17000000000001,20.15428571428572,0.4059293568134308,0.4154277741909027,0.3830364558150065,0.39709806914553564,KEEP,observation_noise,0.0013011840041300745
2021-05-10,18.27,0.01,23.73,0.3893442451953888,0.4105540215969085,0.7461763024330139,8,0.3622347226311683,,0,1,interpolated,0.0,0.0,-0.2899999999999991,30.18000000000001,19.51142857142857,0.3976612389087677,0.4131247699260711,0.3726355892230874,0.3880008062420692,KEEP,observation_noise,0.0013011840041300745
2021-05-11,18.37,0.07,10.8,0.402407169342041,0.4105461239814758,0.7711471319198608,8,0.3518338560392492,,0,1,interpolated,0.0,0.0,0.1000000000000014,23.25000000000001,19.072857142857146,0.3893442451953888,0.4105540215969085,0.3622347226311683,0.402097515058599,KEEP,observation_noise,0.0013011840041300745
2021-05-12,18.06,18.24,5.56,0.4298556447029114,0.4241889715194702,0.8237883448600769,8,0.3414329894473301,,0,1,interpolated,0.0,0.0,-0.3100000000000023,18.93000000000001,17.30142857142857,0.402407169342041,0.4105461239814758,0.3518338560392492,0.42920008205008,KEEP,observation_noise,0.0013011840041300745
2021-05-13,19.61,3.8,14.42,0.4104510247707367,0.4198724627494812,0.7866150736808777,8,0.331032122855411,,0,1,interpolated,0.0,0.0,1.5500000000000007,22.73000000000001,15.292857142857144,0.4298556447029114,0.4241889715194702,0.3414329894473301,0.40967448854437616,KEEP,observation_noise,0.0013011840041300745
2021-05-14,20.87,0.19,20.19,0.4020622074604034,0.4160939455032348,0.7705901861190796,8,0.3206312562634918,,0,1,interpolated,0.0,0.0,1.2600000000000016,22.40000000000001,15.914285714285716,0.4104510247707367,0.4198724627494812,0.331032122855411,0.4016423782944554,KEEP,observation_noise,0.0013011840041300745
2021-05-15,21.15,19.77,4.66,0.4370875060558319,0.429067462682724,0.8376401662826538,8,0.3102303896715728,,0,1,interpolated,0.0,0.0,0.2799999999999976,42.16000000000001,15.03857142857143,0.4020622074604034,0.4160939455032348,0.3206312562634918,0.4363863174328429,KEEP,observation_noise,0.0013011840041300745
2021-05-16,23.11,8.46,11.66,0.4301702082157135,0.4287892580032348,0.8244567513465881,8,0.2998295230796537,,0,1,interpolated,0.0,0.0,1.9600000000000009,50.540000000000006,13.002857142857144,0.4370875060558319,0.429067462682724,0.3102303896715728,0.427904575629239,KEEP,observation_noise,0.0013011840041300745
2021-05-17,20.07,40.47,5.5,0.4195479154586792,0.4272879064083099,0.8040430545806885,8,0.2894286564877346,,0,1,interpolated,0.0,0.0,-3.039999999999999,91.0,10.39857142857143,0.4301702082157135,0.4287892580032348,0.2998295230796537,0.41839321089684545,KEEP,observation_noise,0.0013011840041300745
2021-05-18,18.8,1.86,7.56,0.4252706468105316,0.4266116321086883,0.8150700330734253,8,0.2790277898958154,,0,1,interpolated,0.0,0.0,-1.2699999999999996,92.79,9.935714285714289,0.4195479154586792,0.4272879064083099,0.2894286564877346,0.42486439415683974,KEEP,observation_noise,0.0013011840041300745
2021-05-19,19.27,0.03,23.94,0.4237600862979889,0.4267624616622925,0.8120826482772827,8,0.2686269233038963,,0,1,interpolated,0.0,0.0,0.4699999999999988,74.58,12.561428571428571,0.4252706468105316,0.4266116321086883,0.2790277898958154,0.4230219937813055,KEEP,observation_noise,0.0013011840041300745
2021-05-20,20.67,72.8,3.07,0.4759863615036011,0.4671021997928619,0.9122416377067566,8,0.2582260567119773,,0,1,interpolated,0.0,0.0,1.400000000000002,143.57999999999998,10.94,0.4237600862979889,0.4267624616622925,0.2686269233038963,0.4802846724464899,KEEP,observation_noise,0.0013011840041300745
2021-05-21,19.08,2.37,10.58,0.4425744414329529,0.4587030410766601,0.8482179045677185,8,0.2478251901200581,,0,1,interpolated,0.0,0.0,-1.5900000000000034,145.76,9.567142857142857,0.4759863615036011,0.4671021997928619,0.2582260567119773,0.44207980283780174,KEEP,observation_noise,0.0013011840041300745
2021-05-22,18.73,0.89,21.91,0.4291249215602875,0.4483961760997772,0.8224016427993774,8,0.237424323528139,,0,1,interpolated,0.0,0.0,-0.3499999999999978,126.88,12.031428571428572,0.4425744414329529,0.4587030410766601,0.2478251901200581,0.4285666563137417,KEEP,observation_noise,0.0013011840041300745
2021-05-23,20.39,0.01,29.19,0.4248151481151581,0.4433199465274811,0.8141122460365295,8,0.2270234569362199,,0,1,interpolated,0.0,0.0,1.66,118.43,14.535714285714286,0.4291249215602875,0.4483961760997772,0.237424323528139,0.42630433401423684,KEEP,observation_noise,0.0013011840041300745
2021-05-24,18.64,13.03,8.17,0.4350136816501617,0.4448831379413605,0.8336537480354309,8,0.2166225903443008,,0,1,interpolated,0.0,0.0,-1.75,90.99,14.917142857142858,0.4248151481151581,0.4433199465274811,0.2270234569362199,0.43322843939150624,KEEP,observation_noise,0.0013011840041300745
2021-05-25,20.16,0.01,19.08,0.4270526170730591,0.4416279792785644,0.818392276763916,8,0.2062217237523817,,0,1,interpolated,0.0,0.0,1.5199999999999996,89.14,16.562857142857144,0.4350136816501617,0.4448831379413605,0.2166225903443008,0.42641298342922596,KEEP,observation_noise,0.0013011840041300745
2021-05-26,19.9,8.14,9.94,0.4492740631103515,0.4479714334011078,0.8609957695007324,8,0.1958208571604626,,0,1,interpolated,0.0,0.0,-0.2600000000000015,97.25,14.562857142857142,0.4270526170730591,0.4416279792785644,0.2062217237523817,0.45082284838987013,KEEP,observation_noise,0.0013011840041300745
2021-05-27,18.44,34.51,15.95,0.4455254077911377,0.461002379655838,0.8538768887519836,8,0.1854199905685435,,0,1,interpolated,0.0,0.0,-1.4599999999999973,58.96,16.40285714285714,0.4492740631103515,0.4479714334011078,0.1958208571604626,0.44742430022081126,KEEP,observation_noise,0.0013011840041300745
2021-05-28,20.47,0.91,16.76,0.433843731880188,0.4522301852703094,0.8314107656478882,8,0.1750191239766244,,0,1,interpolated,0.0,0.0,2.0299999999999976,57.49999999999999,17.285714285714285,0.4455254077911377,0.461002379655838,0.1854199905685435,0.4336942178774847,KEEP,observation_noise,0.0013011840041300745
2021-05-29,19.47,0.0,29.54,0.4254979193210602,0.447262555360794,0.8154065608978271,8,0.1646182573847053,,0,1,interpolated,0.0,0.0,-1.0,56.60999999999999,18.375714285714285,0.433843731880188,0.4522301852703094,0.1750191239766244,0.42678898983073466,KEEP,observation_noise,0.0013011840041300745
2021-05-30,20.41,0.0,28.94,0.4200627505779266,0.4436872005462646,0.8050523996353149,8,0.1542173907927862,,0,1,interpolated,0.0,0.0,0.9400000000000012,56.59999999999999,18.34,0.4254979193210602,0.447262555360794,0.1646182573847053,0.4184315198317097,KEEP,observation_noise,0.0013011840041300745
2021-05-31,20.54,0.0,28.2,0.4168556630611419,0.4406360983848572,0.7988002300262451,8,0.1438165242008671,0.1438165242008671,1,0,observed,1.0,1.0,0.129999999999999,43.56999999999999,21.20142857142857,0.4200627505779266,0.4436872005462646,0.1542173907927862,0.4171043179145059,KEEP,observation_noise,0.0013011840041300745
2021-06-01,22.0,0.0,28.35,0.4171765148639679,0.4380212724208832,0.7994611263275146,8,0.1551086941154588,,0,1,interpolated,0.0,0.0,1.4600000000000009,43.55999999999999,22.525714285714283,0.4168556630611419,0.4406360983848572,0.1438165242008671,0.4172513795336172,KEEP,observation_noise,0.0013011840041300745
2021-06-02,21.68,0.02,15.45,0.4221566319465637,0.4369536936283111,0.8090925216674805,8,0.1664008640300504,,0,1,interpolated,0.0,0.0,-0.3200000000000003,35.43999999999999,23.312857142857144,0.4171765148639679,0.4380212724208832,0.1551086941154588,0.4218318343548036,KEEP,observation_noise,0.0013011840041300745
2021-06-03,21.66,26.68,5.79,0.4587399661540985,0.4501765370368957,0.8791741132736206,8,0.1776930339446421,,0,1,interpolated,0.0,0.0,-0.0199999999999995,27.61,21.86142857142857,0.4221566319465637,0.4369536936283111,0.1664008640300504,0.458295868927281,KEEP,observation_noise,0.0013011840041300745
2021-06-04,20.55,40.42,8.46,0.4472901225090027,0.4590277075767517,0.8571774363517761,8,0.1889852038592337,,0,1,interpolated,0.0,0.0,-1.1099999999999994,67.12,20.67571428571429,0.4587399661540985,0.4501765370368957,0.1776930339446421,0.4489743025546203,KEEP,observation_noise,0.0013011840041300745
2021-06-05,20.49,0.0,13.14,0.4350261688232422,0.4519637823104858,0.8337590098381042,8,0.2002773737738253,,0,1,interpolated,0.0,0.0,-0.0600000000000022,67.12,18.332857142857144,0.4472901225090027,0.4590277075767517,0.1889852038592337,0.4352735267580614,KEEP,observation_noise,0.0013011840041300745
2021-06-06,21.23,0.0,19.49,0.4288254082202911,0.4483244717121124,0.8218045830726624,8,0.211569543688417,,0,1,interpolated,0.0,0.0,0.740000000000002,67.12,16.982857142857142,0.4350261688232422,0.4519637823104858,0.2002773737738253,0.431170994582767,KEEP,observation_noise,0.0013011840041300745
2021-06-07,21.99,0.0,26.4,0.4232606887817383,0.4451593160629272,0.8111175894737244,8,0.2228617136030086,,0,1,interpolated,0.0,0.0,0.759999999999998,67.12,16.725714285714286,0.4288254082202911,0.4483244717121124,0.211569543688417,0.4224955666271548,KEEP,observation_noise,0.0013011840041300745
2021-06-08,22.46,0.01,26.03,0.4248535633087158,0.4429627954959869,0.8143023252487183,8,0.2341538835176003,,0,1,interpolated,0.0,0.0,0.4700000000000024,67.13000000000001,16.39428571428571,0.4232606887817383,0.4451593160629272,0.2228617136030086,0.4237223429740352,KEEP,observation_noise,0.0013011840041300745
2021-06-09,23.32,0.06,26.35,0.424882024526596,0.4418065845966339,0.8142955899238586,8,0.2454460534321919,,0,1,interpolated,0.0,0.0,0.8599999999999994,67.17,17.951428571428572,0.4248535633087158,0.4429627954959869,0.2341538835176003,0.4241225725445027,KEEP,observation_noise,0.0013011840041300745
2021-06-10,24.2,0.06,22.71,0.4333187937736511,0.4414318799972534,0.8304351568222046,8,0.2567382233467836,0.2567382233467836,1,0,observed,1.0,1.0,0.879999999999999,40.55,20.368571428571425,0.424882024526596,0.4418065845966339,0.2454460534321919,0.4337821896813534,KEEP,observation_noise,0.0013011840041300745
2021-06-11,22.9,5.03,7.45,0.4498450756072998,0.4477298259735107,0.8620621562004089,8,0.2543431846137634,,0,1,interpolated,0.0,0.0,-1.3000000000000007,5.16,20.224285714285717,0.4333187937736511,0.4414318799972534,0.2567382233467836,0.4499780064243991,KEEP,observation_noise,0.0013011840041300745
2021-06-12,23.31,12.61,11.49,0.4415752589702606,0.4522890150547027,0.8462494611740112,8,0.2519481458807431,,0,1,interpolated,0.0,0.0,0.4100000000000001,17.77,19.98857142857143,0.4498450756072998,0.4477298259735107,0.2543431846137634,0.4448668942003847,KEEP,observation_noise,0.0013011840041300745
2021-06-13,23.13,1.17,15.71,0.4332000315189361,0.4477687478065491,0.8301641941070557,8,0.2495531071477229,,0,1,interpolated,0.0,0.0,-0.1799999999999997,18.94,19.448571428571427,0.4415752589702606,0.4522890150547027,0.2519481458807431,0.43309564406489065,KEEP,observation_noise,0.0013011840041300745
2021-06-14,22.69,0.49,21.14,0.427238792181015,0.4450250267982483,0.8188295960426331,8,0.2471580684147027,,0,1,interpolated,0.0,0.0,-0.4399999999999977,19.43,18.697142857142858,0.4332000315189361,0.4477687478065491,0.2495531071477229,0.4269662253901151,KEEP,observation_noise,0.0013011840041300745
2021-06-15,22.76,11.31,8.01,0.4433672428131103,0.4472272992134094,0.8497281074523926,8,0.2447630296816825,,0,1,interpolated,0.0,0.0,0.0700000000000002,30.73,16.122857142857143,0.427238792181015,0.4450250267982483,0.2471580684147027,0.442530624629087,KEEP,observation_noise,0.0013011840041300745
2021-06-16,22.13,17.62,11.83,0.4396147429943084,0.4512176513671875,0.8425267934799194,8,0.2423679909486623,,0,1,interpolated,0.0,0.0,-0.6300000000000026,48.290000000000006,14.04857142857143,0.4433672428131103,0.4472272992134094,0.2447630296816825,0.43982172984926693,KEEP,observation_noise,0.0013011840041300745
2021-06-17,22.66,0.35,19.28,0.4401663839817047,0.4482846856117248,0.843543529510498,8,0.2399729522156421,,0,1,interpolated,0.0,0.0,0.5300000000000011,48.58,13.558571428571428,0.4396147429943084,0.4512176513671875,0.2423679909486623,0.4413246295417801,KEEP,observation_noise,0.0013011840041300745
2021-06-18,22.66,29.35,5.3,0.4567036032676697,0.4580020904541015,0.8752576112747192,8,0.2375779134826219,,0,1,interpolated,0.0,0.0,0.0,72.9,13.251428571428573,0.4401663839817047,0.4482846856117248,0.2399729522156421,0.4577060383929487,KEEP,observation_noise,0.0013011840041300745
2021-06-19,22.34,2.43,22.96,0.4384700655937195,0.4559419155120849,0.8403100371360779,8,0.2351828747496016,,0,1,interpolated,0.0,0.0,-0.3200000000000003,62.720000000000006,14.89,0.4567036032676697,0.4580020904541015,0.2375779134826219,0.43493564170246,KEEP,observation_noise,0.0013011840041300745
2021-06-20,23.04,0.02,26.9,0.4282167553901672,0.4508146941661834,0.8206691741943359,8,0.2327878360165814,,0,1,interpolated,0.0,0.0,0.6999999999999993,61.57000000000001,16.48857142857143,0.4384700655937195,0.4559419155120849,0.2351828747496016,0.4293658836004437,KEEP,observation_noise,0.0013011840041300745
2021-06-21,23.15,0.0,26.99,0.4239509999752044,0.4468705058097839,0.8125149011611938,8,0.2303927972835612,,0,1,interpolated,0.0,0.0,0.1099999999999994,61.080000000000005,17.324285714285715,0.4282167553901672,0.4508146941661834,0.2327878360165814,0.42543327948988957,KEEP,observation_noise,0.0013011840041300745
2021-06-22,22.27,0.0,22.5,0.4246549904346466,0.4443040192127228,0.8138554096221924,8,0.227997758550541,,0,1,interpolated,0.0,0.0,-0.879999999999999,49.77,19.39428571428571,0.4239509999752044,0.4468705058097839,0.2303927972835612,0.42422567681155526,KEEP,observation_noise,0.0013011840041300745
2021-06-23,22.17,0.01,24.82,0.4230758547782898,0.442091703414917,0.8107973337173462,8,0.2256027198175208,,0,1,interpolated,0.0,0.0,-0.0999999999999978,32.160000000000004,21.25,0.4246549904346466,0.4443040192127228,0.227997758550541,0.4222830227974458,KEEP,observation_noise,0.0013011840041300745
2021-06-24,22.07,0.01,23.14,0.4211833477020263,0.4398286342620849,0.8071813583374023,8,0.2232076810845006,,0,1,interpolated,0.0,0.0,-0.1000000000000014,31.820000000000004,21.80142857142857,0.4230758547782898,0.442091703414917,0.2256027198175208,0.4189808244195905,KEEP,observation_noise,0.0013011840041300745
2021-06-25,22.73,0.0,22.68,0.4227000176906585,0.4381435513496399,0.8100388646125793,8,0.2208126423514803,,0,1,interpolated,0.0,0.0,0.6600000000000001,2.470000000000004,24.28428571428572,0.4211833477020263,0.4398286342620849,0.2232076810845006,0.4211285911869808,KEEP,observation_noise,0.0013011840041300745
2021-06-26,24.06,0.38,14.63,0.4352527260780334,0.4393534362316131,0.8341649174690247,8,0.2184176036184601,,0,1,interpolated,0.0,0.0,1.3299999999999983,0.4200000000000035,23.094285714285714,0.4227000176906585,0.4381435513496399,0.2208126423514803,0.4352861126558566,KEEP,observation_noise,0.0013011840041300745
2021-06-27,24.17,0.45,20.66,0.4264980554580688,0.4378187954425812,0.8173476457595825,8,0.2160225648854399,,0,1,interpolated,0.0,0.0,0.1100000000000029,0.8500000000000035,22.20285714285714,0.4352527260780334,0.4393534362316131,0.2184176036184601,0.4255795048067461,KEEP,observation_noise,0.0013011840041300745
2021-06-28,23.89,1.23,19.25,0.4199289977550506,0.4353173077106476,0.8047382831573486,8,0.2136275261524197,,0,1,interpolated,0.0,0.0,-0.2800000000000011,2.080000000000004,21.09714285714286,0.4264980554580688,0.4378187954425812,0.2160225648854399,0.41905771821602816,KEEP,observation_noise,0.0013011840041300745
2021-06-29,23.4,0.28,25.15,0.4138657450675964,0.4328813552856445,0.7931725382804871,8,0.2112324874193995,,0,1,interpolated,0.0,0.0,-0.490000000000002,2.360000000000004,21.47571428571428,0.4199289977550506,0.4353173077106476,0.2136275261524197,0.4121531719647442,KEEP,observation_noise,0.0013011840041300745
2021-06-30,24.57,0.51,20.13,0.4121782183647156,0.4309371709823608,0.7899227738380432,8,0.2088374486863793,,0,1,interpolated,0.0,0.0,1.1700000000000017,2.860000000000004,20.805714285714288,0.4138657450675964,0.4328813552856445,0.2112324874193995,0.41214419248828305,KEEP,observation_noise,0.0013011840041300745
2021-07-01,25.0,1.25,23.29,0.4117920100688934,0.4289639294147491,0.7891973257064819,8,0.2064424099533591,,0,1,interpolated,0.0,0.0,0.4299999999999997,4.100000000000003,20.827142857142857,0.4121782183647156,0.4309371709823608,0.2088374486863793,0.4118900018394621,KEEP,observation_noise,0.0013011840041300745
2021-07-02,24.42,1.65,13.3,0.4213041067123413,0.4289394915103912,0.8073354959487915,8,0.2040473712203389,,0,1,interpolated,0.0,0.0,-0.5799999999999983,5.750000000000004,19.487142857142857,0.4117920100688934,0.4289639294147491,0.2064424099533591,0.42057193830216627,KEEP,observation_noise,0.0013011840041300745
2021-07-03,25.18,7.04,5.92,0.4457650482654571,0.4403280019760132,0.8542923927307129,8,0.2016523324873186,,0,1,interpolated,0.0,0.0,0.759999999999998,12.410000000000004,18.242857142857144,0.4213041067123413,0.4289394915103912,0.2040473712203389,0.44676430032526115,KEEP,observation_noise,0.0013011840041300745
2021-07-04,26.34,5.04,14.79,0.4364590942859649,0.4416840672492981,0.8364033699035645,8,0.1992572937542984,,0,1,interpolated,0.0,0.0,1.16,17.000000000000004,17.404285714285713,0.4457650482654571,0.4403280019760132,0.2016523324873186,0.4371808919478534,KEEP,observation_noise,0.0013011840041300745
2021-07-05,26.16,7.12,17.2,0.4333755373954773,0.4391895830631256,0.8305293917655945,8,0.1968622550212782,,0,1,interpolated,0.0,0.0,-0.1799999999999997,22.890000000000004,17.11142857142857,0.4364590942859649,0.4416840672492981,0.1992572937542984,0.433512453515636,KEEP,observation_noise,0.0013011840041300745
2021-07-06,26.3,1.63,14.35,0.4275377988815307,0.4363075792789459,0.8193362951278687,8,0.194467216288258,,0,1,interpolated,0.0,0.0,0.1400000000000005,24.24,15.568571428571428,0.4333755373954773,0.4391895830631256,0.1968622550212782,0.4253705454223024,KEEP,observation_noise,0.0013011840041300745
2021-07-07,26.08,44.47,14.22,0.4335867762565613,0.4364999532699585,0.8309723138809204,8,0.1920721775552378,,0,1,interpolated,0.0,0.0,-0.2200000000000024,68.2,14.724285714285712,0.4275377988815307,0.4363075792789459,0.194467216288258,0.43354687379914425,KEEP,observation_noise,0.0013011840041300745
2021-07-08,26.23,17.43,7.2,0.4542232751846313,0.4469998776912689,0.8704227209091187,8,0.1896771388222176,,0,1,interpolated,0.0,0.0,0.1500000000000021,84.38,12.425714285714283,0.4335867762565613,0.4364999532699585,0.1920721775552378,0.45366941466534455,KEEP,observation_noise,0.0013011840041300745
2021-07-09,25.6,41.6,8.64,0.4478724598884582,0.4555948376655578,0.8583171963691711,8,0.1872821000891973,,0,1,interpolated,0.0,0.0,-0.629999999999999,124.33,11.76,0.4542232751846313,0.4469998776912689,0.1896771388222176,0.4479536856596734,KEEP,observation_noise,0.0013011840041300745
2021-07-10,25.59,6.89,12.33,0.4375581443309784,0.4490279853343963,0.8385546803474426,8,0.1848870613561771,,0,1,interpolated,0.0,0.0,-0.0100000000000015,124.18,12.675714285714283,0.4478724598884582,0.4555948376655578,0.1872821000891973,0.43727374293450144,KEEP,observation_noise,0.0013011840041300745
2021-07-11,26.29,3.26,19.88,0.4292452931404114,0.4449656903743744,0.8226063847541809,8,0.4602569251316895,,0,1,climatology,0.0,0.0,0.6999999999999993,122.4,13.402857142857142,0.4375581443309784,0.4490279853343963,0.1848870613561771,0.429357372102311,KEEP,observation_noise,0.0013011840041300745
2021-07-12,26.68,4.42,18.93,0.4241970181465149,0.4421992897987366,0.8129759430885315,8,0.3884206607715361,,0,1,climatology,0.0,0.0,0.3900000000000005,119.7,13.65,0.4292452931404114,0.4449656903743744,0.4602569251316895,0.4251981502318058,KEEP,observation_noise,0.0013011840041300745
2021-07-13,27.47,0.69,23.11,0.4170652329921722,0.4392875134944916,0.7992293238639832,8,0.3165843964113828,,0,1,climatology,0.0,0.0,0.7899999999999991,118.76,14.901428571428571,0.4241970181465149,0.4421992897987366,0.3884206607715361,0.41625602885852553,KEEP,observation_noise,0.0013011840041300745
2021-07-14,27.57,2.02,25.18,0.41252201795578,0.4363089501857757,0.7905724048614502,8,0.2447481320512294,,0,1,climatology,0.0,0.0,0.1000000000000014,76.31,16.467142857142857,0.4170652329921722,0.4392875134944916,0.3165843964113828,0.41282504641698226,KEEP,observation_noise,0.0013011840041300745
2021-07-15,27.4,4.21,21.31,0.41680508852005,0.434597760438919,0.7988050580024719,8,0.1729118676910761,0.1729118676910761,1,0,observed,1.0,1.0,-0.1700000000000017,63.09,18.482857142857146,0.41252201795578,0.4363089501857757,0.2447481320512294,0.4171332016593056,KEEP,observation_noise,0.0013011840041300745
2021-07-16,26.29,3.39,20.21,0.4204227328300476,0.4334900677204132,0.8057295680046082,8,0.1836663612399582,,0,1,interpolated,0.0,0.0,-1.1099999999999994,24.88,20.135714285714283,0.41680508852005,0.434597760438919,0.1729118676910761,0.42062255326804004,KEEP,observation_noise,0.0013011840041300745
2021-07-17,25.86,6.81,12.9,0.4367101788520813,0.436464786529541,0.8369418382644653,8,0.1944208547888404,,0,1,interpolated,0.0,0.0,-0.4299999999999997,24.8,20.217142857142854,0.4204227328300476,0.4334900677204132,0.1836663612399582,0.4352173694596998,KEEP,observation_noise,0.0013011840041300745
2021-07-18,26.0,5.87,21.57,0.4280522763729095,0.4369293749332428,0.820311427116394,8,0.2051753483377226,,0,1,interpolated,0.0,0.0,0.1400000000000005,27.41,20.458571428571425,0.4367101788520813,0.436464786529541,0.1944208547888404,0.4272703982846716,KEEP,observation_noise,0.0013011840041300745
2021-07-19,26.84,1.01,19.12,0.4191259145736694,0.4337399005889892,0.8032262325286865,8,0.2159298418866048,,0,1,interpolated,0.0,0.0,0.8399999999999999,24.0,20.485714285714288,0.4280522763729095,0.4369293749332428,0.2051753483377226,0.42025916304873334,KEEP,observation_noise,0.0013011840041300745
2021-07-20,27.29,0.04,27.48,0.4110984802246094,0.430458515882492,0.787822961807251,8,0.2266843354354869,0.2266843354354869,1,0,observed,1.0,1.0,0.4499999999999993,23.35,21.110000000000003,0.4191259145736694,0.4337399005889892,0.2159298418866048,0.4126042020134243,KEEP,observation_noise,0.0013011840041300745
2021-07-21,27.18,0.04,22.97,0.413359135389328,0.4282427430152893,0.792215883731842,8,0.2320806074506168,,0,1,interpolated,0.0,0.0,-0.1099999999999994,21.37,20.794285714285717,0.4110984802246094,0.430458515882492,0.2266843354354869,0.4156761231149381,KEEP,observation_noise,0.0013011840041300745
2021-07-22,27.07,0.02,19.98,0.4118258357048034,0.4269492626190185,0.7892671823501587,8,0.2374768794657466,,0,1,interpolated,0.0,0.0,-0.1099999999999994,17.18,20.60428571428572,0.413359135389328,0.4282427430152893,0.2320806074506168,0.41378101628717534,KEEP,observation_noise,0.0013011840041300745
2021-07-23,27.18,0.04,19.94,0.408312439918518,0.4249313473701477,0.7824914455413818,8,0.2428731514808764,,0,1,interpolated,0.0,0.0,0.1099999999999994,13.83,20.56571428571429,0.4118258357048034,0.4269492626190185,0.2374768794657466,0.40898704277688125,KEEP,observation_noise,0.0013011840041300745
2021-07-24,27.29,0.07,25.48,0.4048869609832763,0.4229419529438019,0.775934100151062,8,0.2482694234960063,,0,1,interpolated,0.0,0.0,0.1099999999999994,7.09,22.36285714285714,0.408312439918518,0.4249313473701477,0.2428731514808764,0.40483918289555654,KEEP,observation_noise,0.0013011840041300745
2021-07-25,26.99,0.01,21.09,0.4047141373157501,0.4212571382522583,0.7755388021469116,8,0.2536656955111361,,0,1,interpolated,0.0,0.0,-0.3000000000000007,1.23,22.294285714285717,0.4048869609832763,0.4229419529438019,0.2482694234960063,0.4052077751257915,KEEP,observation_noise,0.0013011840041300745
2021-07-26,27.32,0.06,24.23,0.3996974229812622,0.418859452009201,0.7660232782363892,8,0.259061967526266,,0,1,interpolated,0.0,0.0,0.3300000000000018,0.28,23.024285714285718,0.4047141373157501,0.4212571382522583,0.2536656955111361,0.4010751756653832,KEEP,observation_noise,0.0013011840041300745
2021-07-27,27.13,0.04,27.26,0.3945349752902984,0.416372150182724,0.7560898065567017,8,0.2644582395413958,,0,1,interpolated,0.0,0.0,-0.1900000000000012,0.28,22.992857142857144,0.3996974229812622,0.418859452009201,0.259061967526266,0.39365619876911834,KEEP,observation_noise,0.0013011840041300745
2021-07-28,26.9,0.04,26.34,0.3929708003997803,0.4144822955131531,0.7531629204750061,8,0.2698545115565256,,0,1,interpolated,0.0,0.0,-0.2300000000000004,0.28,23.47428571428572,0.3945349752902984,0.416372150182724,0.2644582395413958,0.39256062402082026,KEEP,observation_noise,0.0013011840041300745
2021-07-29,26.6,0.0,26.85,0.3882884383201599,0.412260890007019,0.7441556453704834,8,0.2752507835716555,,0,1,interpolated,0.0,0.0,-0.2999999999999971,0.26,24.455714285714286,0.3929708003997803,0.4144822955131531,0.2698545115565256,0.38758194557462566,KEEP,observation_noise,0.0013011840041300745
2021-07-30,26.89,0.0,25.2,0.3871488273143768,0.4103858470916748,0.7418728470802307,8,0.2806470555867853,0.2806470555867853,1,0,observed,1.0,1.0,0.2899999999999991,0.22,25.207142857142856,0.3882884383201599,0.412260890007019,0.2752507835716555,0.3881781721568038,KEEP,observation_noise,0.0013011840041300745
2021-07-31,27.66,4.47,18.83,0.4173468351364136,0.4143613576889038,0.7998963594436646,8,0.3218192544347582,,0,1,interpolated,0.0,0.0,0.7699999999999996,4.62,24.25714285714286,0.3871488273143768,0.4103858470916748,0.2806470555867853,0.4174421728093328,KEEP,observation_noise,0.0013011840041300745
2021-08-01,27.56,12.98,17.83,0.4311175048351288,0.424058586359024,0.8261808156967163,8,0.3629914532827309,,0,1,interpolated,0.0,0.0,-0.1000000000000014,17.59,23.79142857142857,0.4173468351364136,0.4143613576889038,0.3218192544347582,0.43154934116421884,KEEP,observation_noise,0.0013011840041300745
2021-08-02,28.06,15.39,19.62,0.4181423485279083,0.4242269396781921,0.8013871312141418,8,0.4041636521307038,,0,1,interpolated,0.0,0.0,0.5,32.92,23.132857142857144,0.4311175048351288,0.424058586359024,0.3629914532827309,0.4155502835129986,KEEP,observation_noise,0.0013011840041300745
2021-08-03,28.23,10.09,18.45,0.407675176858902,0.4194490015506744,0.7813452482223511,8,0.4453358509786767,,0,1,interpolated,0.0,0.0,0.1700000000000017,42.97,21.874285714285715,0.4181423485279083,0.4242269396781921,0.4041636521307038,0.40729318264863323,KEEP,observation_noise,0.0013011840041300745
2021-08-04,28.8,0.93,24.21,0.3949313759803772,0.4155445694923401,0.7568408846855164,8,0.4865080498266495,0.4865080498266495,1,0,observed,1.0,1.0,0.5700000000000003,43.86000000000001,21.57,0.407675176858902,0.4194490015506744,0.4453358509786767,0.39673494182148233,KEEP,observation_noise,0.0013011840041300745
2021-08-05,29.05,0.19,27.02,0.3897610306739807,0.412566065788269,0.7469516396522522,8,0.4876795318061998,,0,1,interpolated,0.0,0.0,0.25,44.05,21.594285714285714,0.3949313759803772,0.4155445694923401,0.4865080498266495,0.3882896323028104,KEEP,observation_noise,0.0013011840041300745
2021-08-06,29.26,0.04,25.21,0.3863334357738495,0.4100343286991119,0.7404036521911621,8,0.4888510137857501,,0,1,interpolated,0.0,0.0,0.2100000000000008,44.09,21.595714285714287,0.3897610306739807,0.412566065788269,0.4876795318061998,0.38583149513480053,KEEP,observation_noise,0.0013011840041300745
2021-08-07,29.27,5.69,20.25,0.3950802683830261,0.4089717268943786,0.7571583390235901,8,0.4900224957653005,,0,1,interpolated,0.0,0.0,0.009999999999998,45.31,21.798571428571428,0.3863334357738495,0.4100343286991119,0.4888510137857501,0.39569402228293615,KEEP,observation_noise,0.0013011840041300745
2021-08-08,28.03,41.92,9.37,0.4622726738452911,0.4348331093788147,0.8859540224075317,8,0.4911939777448508,,0,1,interpolated,0.0,0.0,-1.2399999999999984,74.25,20.59,0.3950802683830261,0.4089717268943786,0.4900224957653005,0.463586758253561,KEEP,observation_noise,0.0013011840041300745
2021-08-09,26.61,69.0,13.8,0.4393253028392792,0.4534797072410583,0.8418824076652527,8,0.4923654597244011,,0,1,interpolated,0.0,0.0,-1.4200000000000017,127.86,19.75857142857143,0.4622726738452911,0.4348331093788147,0.4911939777448508,0.44031772085467213,KEEP,observation_noise,0.0013011840041300745
2021-08-10,27.65,0.71,18.57,0.4292447566986084,0.4387760162353515,0.8226785063743591,8,0.4935369417039514,,0,1,interpolated,0.0,0.0,1.0399999999999991,118.48,19.775714285714287,0.4393253028392792,0.4534797072410583,0.4923654597244011,0.4281811768112362,KEEP,observation_noise,0.0013011840041300745
2021-08-11,25.67,63.51,2.74,0.4636015594005584,0.4480147063732147,0.8884480595588684,8,0.4947084236835017,,0,1,interpolated,0.0,0.0,-1.9799999999999969,181.06,16.708571428571428,0.4292447566986084,0.4387760162353515,0.4935369417039514,0.4606960580939539,KEEP,observation_noise,0.0013011840041300745
2021-08-12,26.23,83.09,3.21,0.4783263206481933,0.4804403185844421,0.91666179895401,8,0.495879905663052,,0,1,interpolated,0.0,0.0,0.5599999999999987,263.96000000000004,13.307142857142855,0.4636015594005584,0.4480147063732147,0.4947084236835017,0.47556575133675616,KEEP,observation_noise,0.0013011840041300745
2021-08-13,26.38,130.06,4.22,0.4948276281356811,0.498716652393341,0.9483034610748292,8,0.4970513876426023,,0,1,interpolated,0.0,0.0,0.1499999999999985,393.98,10.308571428571428,0.4783263206481933,0.4804403185844421,0.495879905663052,0.4943946745640443,KEEP,observation_noise,0.0013011840041300745
2021-08-14,25.22,160.18,2.39,0.5014873147010803,0.515348494052887,0.9610626697540284,8,0.4982228696221527,,0,1,interpolated,0.0,0.0,-1.16,548.47,7.757142857142858,0.4948276281356811,0.498716652393341,0.4970513876426023,0.500207976740572,KEEP,observation_noise,0.0013011840041300745
2021-08-15,25.6,3.42,15.46,0.4878084063529968,0.5065425634384155,0.934886395931244,8,0.499394351601703,,0,1,interpolated,0.0,0.0,0.3800000000000025,509.97,8.627142857142857,0.5014873147010803,0.515348494052887,0.4982228696221527,0.4885654791161951,KEEP,observation_noise,0.0013011840041300745
2021-08-16,25.24,23.47,7.5,0.4954549372196197,0.5104383230209351,0.9495046734809875,8,0.5005658335812533,,0,1,interpolated,0.0,0.0,-0.360000000000003,464.44000000000005,7.727142857142858,0.4878084063529968,0.5065425634384155,0.499394351601703,0.4969020437256161,KEEP,observation_noise,0.0013011840041300745
2021-08-17,25.73,79.56,3.87,0.5026175379753113,0.5161991119384766,0.9633477330207824,8,0.5017373155608037,,0,1,interpolated,0.0,0.0,0.490000000000002,543.29,5.627142857142857,0.4954549372196197,0.5104383230209351,0.5005658335812533,0.504212174846711,KEEP,observation_noise,0.0013011840041300745
2021-08-18,25.25,25.51,8.43,0.4990778863430023,0.5150343179702759,0.9564345479011536,8,0.502908797540354,,0,1,interpolated,0.0,0.0,-0.4800000000000004,505.29,6.44,0.5026175379753113,0.5161991119384766,0.5017373155608037,0.4994641988162746,KEEP,observation_noise,0.0013011840041300745
2021-08-19,26.13,4.51,20.45,0.4890807271003723,0.510385274887085,0.9373450875282288,8,0.5040802795199043,,0,1,interpolated,0.0,0.0,0.879999999999999,426.71,8.902857142857142,0.4990778863430023,0.5150343179702759,0.502908797540354,0.48793712159016006,KEEP,observation_noise,0.0013011840041300745
2021-08-20,26.59,12.29,15.23,0.491178035736084,0.5065949559211731,0.941333830356598,8,0.5052517614994546,,0,1,interpolated,0.0,0.0,0.4600000000000008,308.94,10.475714285714286,0.4890807271003723,0.510385274887085,0.5040802795199043,0.491170312003066,KEEP,observation_noise,0.0013011840041300745
2021-08-21,26.33,10.81,12.98,0.4986212849617004,0.5100045800209045,0.9555959701538086,8,0.5064232434790049,,0,1,interpolated,0.0,0.0,-0.2600000000000015,159.57,11.98857142857143,0.491178035736084,0.5065949559211731,0.5052517614994546,0.49944054348031,KEEP,observation_noise,0.0013011840041300745
2021-08-22,27.07,15.74,4.97,0.500088095664978,0.5152910947799683,0.9583978056907654,8,0.5075947254585552,,0,1,interpolated,0.0,0.0,0.740000000000002,171.89,10.49,0.4986212849617004,0.5100045800209045,0.5064232434790049,0.4997431067259506,KEEP,observation_noise,0.0013011840041300745
2021-08-23,27.28,4.74,16.62,0.4977550208568573,0.5126378536224365,0.9539223313331604,8,0.5087662074381055,,0,1,interpolated,0.0,0.0,0.2100000000000008,153.16000000000005,11.792857142857144,0.500088095664978,0.5152910947799683,0.5075947254585552,0.4991283113883181,KEEP,observation_noise,0.0013011840041300745
2021-08-24,27.07,10.67,12.76,0.4972365796566009,0.5111770033836365,0.9528583288192748,8,0.5099376894176558,,0,1,interpolated,0.0,0.0,-0.2100000000000008,84.27,13.062857142857142,0.4977550208568573,0.5126378536224365,0.5087662074381055,0.4974311231168649,KEEP,observation_noise,0.0013011840041300745
2021-08-25,27.74,5.12,17.0,0.4953754246234894,0.5100173354148865,0.949387788772583,8,0.5111091713972062,,0,1,interpolated,0.0,0.0,0.6699999999999982,63.88,14.287142857142856,0.4972365796566009,0.5111770033836365,0.5099376894176558,0.4966639017484358,KEEP,observation_noise,0.0013011840041300745
2021-08-26,27.37,3.84,11.85,0.4902045428752899,0.507865309715271,0.9394207000732422,8,0.5122806533767565,,0,1,interpolated,0.0,0.0,-0.3699999999999974,63.21,13.058571428571428,0.4953754246234894,0.5100173354148865,0.5111091713972062,0.489748737345871,KEEP,observation_noise,0.0013011840041300745
2021-08-27,27.51,1.82,22.25,0.482587605714798,0.5037108659744263,0.9248461723327636,8,0.5134521353563068,,0,1,interpolated,0.0,0.0,0.1400000000000005,52.74,14.061428571428571,0.4902045428752899,0.507865309715271,0.5122806533767565,0.48137188222146915,KEEP,observation_noise,0.0013011840041300745
2021-08-28,27.22,0.36,23.02,0.4767204225063324,0.4995749890804291,0.9136179685592652,8,0.5146236173358572,,0,1,interpolated,0.0,0.0,-0.2900000000000027,42.290000000000006,15.495714285714286,0.482587605714798,0.5037108659744263,0.5134521353563068,0.47688615300124554,KEEP,observation_noise,0.0013011840041300745
2021-08-29,27.41,0.66,23.65,0.472103863954544,0.4958000183105469,0.9047025442123412,8,0.5157950993154075,0.5157950993154075,1,0,observed,1.0,1.0,0.1900000000000012,27.21,18.164285714285715,0.4767204225063324,0.4995749890804291,0.5146236173358572,0.4712662242349809,KEEP,observation_noise,0.0013011840041300745
2021-08-30,27.42,1.14,20.92,0.468179315328598,0.4922463297843933,0.8972854018211365,8,0.5078279650729934,,0,1,interpolated,0.0,0.0,0.0100000000000015,23.61,18.778571428571432,0.472103863954544,0.4958000183105469,0.5157950993154075,0.4672136198131892,KEEP,observation_noise,0.0013011840041300745
2021-08-31,27.76,0.18,22.1,0.4632867276668548,0.4886980652809143,0.8878446817398071,8,0.4998608308305793,,0,1,interpolated,0.0,0.0,0.3399999999999998,13.12,20.11285714285714,0.468179315328598,0.4922463297843933,0.5078279650729934,0.4636649635463304,KEEP,observation_noise,0.0013011840041300745
2021-09-01,27.27,1.57,18.4,0.4700807929039001,0.4876609444618225,0.9008333683013916,8,0.4918936965881652,,0,1,interpolated,0.0,0.0,-0.490000000000002,9.57,20.312857142857144,0.4632867276668548,0.4886980652809143,0.4998608308305793,0.4692853304130804,KEEP,observation_noise,0.0013011840041300745
2021-09-02,25.75,28.21,11.73,0.4850599765777588,0.4951879978179931,0.929545760154724,8,0.4839265623457511,,0,1,interpolated,0.0,0.0,-1.5199999999999996,33.94,20.295714285714286,0.4700807929039001,0.4876609444618225,0.4918936965881652,0.4849504509571027,KEEP,observation_noise,0.0013011840041300745
2021-09-03,25.63,54.97,7.97,0.4850931167602539,0.5055886507034302,0.9297116994857788,8,0.4759594281033371,,0,1,interpolated,0.0,0.0,-0.120000000000001,87.09,18.255714285714287,0.4850599765777588,0.4951879978179931,0.4839265623457511,0.48237855742389535,KEEP,observation_noise,0.0013011840041300745
2021-09-04,25.16,7.69,17.1,0.4760694205760956,0.4988016486167907,0.9123591184616088,8,0.467992293860923,,0,1,interpolated,0.0,0.0,-0.4699999999999988,94.42,17.41,0.4850931167602539,0.5055886507034302,0.4759594281033371,0.478401142469161,KEEP,observation_noise,0.0013011840041300745
2021-09-05,25.14,0.03,13.16,0.4726399779319763,0.4947755932807922,0.9057130813598632,8,0.4600251596185089,,0,1,interpolated,0.0,0.0,-0.0199999999999995,93.79,15.911428571428573,0.4760694205760956,0.4988016486167907,0.467992293860923,0.4732719463729104,KEEP,observation_noise,0.0013011840041300745
2021-09-06,25.45,0.17,18.71,0.4697727560997009,0.4915005564689636,0.9002184271812439,8,0.4520580253760948,,0,1,interpolated,0.0,0.0,0.3099999999999987,92.82,15.595714285714283,0.4726399779319763,0.4947755932807922,0.4600251596185089,0.46962972271713466,KEEP,observation_noise,0.0013011840041300745
2021-09-07,26.55,3.55,14.49,0.4692393243312835,0.4886869490146637,0.8992957472801208,8,0.4440908911336808,,0,1,interpolated,0.0,0.0,1.1000000000000014,96.19,14.508571428571427,0.4697727560997009,0.4915005564689636,0.4520580253760948,0.4693208426790087,KEEP,observation_noise,0.0013011840041300745
2021-09-08,25.58,10.47,15.05,0.4641318619251251,0.4861921370029449,0.8894786238670349,8,0.4361237568912667,,0,1,interpolated,0.0,0.0,-0.9700000000000024,105.09,14.03,0.4692393243312835,0.4886869490146637,0.4440908911336808,0.4649108157913923,KEEP,observation_noise,0.0013011840041300745
2021-09-09,25.64,0.1,20.46,0.4594592750072479,0.4825405180454254,0.8805127739906311,8,0.4281566226488527,,0,1,interpolated,0.0,0.0,0.0600000000000022,76.97999999999999,15.277142857142858,0.4641318619251251,0.4861921370029449,0.4361237568912667,0.46252585087757503,KEEP,observation_noise,0.0013011840041300745
2021-09-10,25.58,0.02,12.18,0.462784469127655,0.4809444546699524,0.8868829011917114,8,0.4201894884064385,,0,1,interpolated,0.0,0.0,-0.0600000000000022,22.029999999999998,15.87857142857143,0.4594592750072479,0.4825405180454254,0.4281566226488527,0.4625695408183785,KEEP,observation_noise,0.0013011840041300745
2021-09-11,26.17,0.2,10.33,0.4605759680271148,0.4800271689891815,0.8826379179954529,8,0.4122223541640245,,0,1,interpolated,0.0,0.0,0.5900000000000034,14.539999999999992,14.911428571428573,0.462784469127655,0.4809444546699524,0.4201894884064385,0.4625186518823052,KEEP,observation_noise,0.0013011840041300745
2021-09-12,26.07,0.62,12.18,0.4568544924259186,0.4781419634819031,0.8755549192428589,8,0.4042552199216104,,0,1,interpolated,0.0,0.0,-0.1000000000000014,15.129999999999992,14.771428571428572,0.4605759680271148,0.4800271689891815,0.4122223541640245,0.4578339237358016,KEEP,observation_noise,0.0013011840041300745
2021-09-13,25.2,10.38,5.23,0.482442170381546,0.4874439239501953,0.9245697259902954,8,0.3962880856791964,,0,1,interpolated,0.0,0.0,-0.870000000000001,25.339999999999996,12.845714285714283,0.4568544924259186,0.4781419634819031,0.4042552199216104,0.48073066803203024,KEEP,observation_noise,0.0013011840041300745
2021-09-14,23.88,24.38,3.35,0.4906832575798034,0.5064621567726135,0.9404112696647644,8,0.3883209514367823,,0,1,interpolated,0.0,0.0,-1.3200000000000005,46.16999999999999,11.254285714285714,0.482442170381546,0.4874439239501953,0.3962880856791964,0.49101164660710134,KEEP,observation_noise,0.0013011840041300745
2021-09-15,24.25,16.34,12.43,0.477747768163681,0.4999769926071167,0.9155887365341188,8,0.3803538171943682,,0,1,interpolated,0.0,0.0,0.370000000000001,52.03999999999999,10.88,0.4906832575798034,0.5064621567726135,0.3883209514367823,0.4779950997033268,KEEP,observation_noise,0.0013011840041300745
2021-09-16,24.36,5.19,16.79,0.4725558161735534,0.4941074550151825,0.905634880065918,8,0.3723866829519541,,0,1,interpolated,0.0,0.0,0.1099999999999994,57.12999999999999,10.355714285714283,0.477747768163681,0.4999769926071167,0.3803538171943682,0.4735949763110618,KEEP,observation_noise,0.0013011840041300745
2021-09-17,25.85,51.4,5.2,0.4854444861412048,0.4986827969551086,0.930387318134308,8,0.3644195487095401,,0,1,interpolated,0.0,0.0,1.490000000000002,108.51,9.358571428571429,0.4725558161735534,0.4941074550151825,0.3723866829519541,0.48532508988132905,KEEP,observation_noise,0.0013011840041300745
2021-09-18,24.19,1.21,15.38,0.4736731350421905,0.4962364137172699,0.9077706336975098,8,0.356452414467126,,0,1,interpolated,0.0,0.0,-1.66,109.51999999999998,10.08,0.4854444861412048,0.4986827969551086,0.3644195487095401,0.4736251775694968,KEEP,observation_noise,0.0013011840041300745
2021-09-19,24.19,0.46,19.3,0.4681859314441681,0.4912149608135223,0.8973626494407654,8,0.3484852802247119,,0,1,interpolated,0.0,0.0,0.0,109.36,11.097142857142858,0.4736731350421905,0.4962364137172699,0.356452414467126,0.46949380407835706,KEEP,observation_noise,0.0013011840041300745
2021-09-20,24.9,0.22,20.18,0.4649302363395691,0.487537682056427,0.8909928798675537,8,0.3405181459822978,,0,1,interpolated,0.0,0.0,0.7099999999999973,99.2,13.232857142857142,0.4681859314441681,0.4912149608135223,0.3484852802247119,0.4633805598331135,KEEP,observation_noise,0.0013011840041300745
2021-09-21,25.98,3.93,17.89,0.4649516642093658,0.4845562875270843,0.8910155296325684,8,0.3325510117398838,,0,1,interpolated,0.0,0.0,1.0800000000000018,78.75,15.31,0.4649302363395691,0.487537682056427,0.3405181459822978,0.46521319517920723,KEEP,observation_noise,0.0013011840041300745
2021-09-22,25.22,7.24,21.2,0.4617728888988495,0.4820578694343567,0.884956955909729,8,0.3245838774974697,,0,1,interpolated,0.0,0.0,-0.7600000000000016,69.64999999999999,16.562857142857144,0.4649516642093658,0.4845562875270843,0.3325510117398838,0.46268584846888905,KEEP,observation_noise,0.0013011840041300745
2021-09-23,24.4,1.12,17.81,0.4565328657627105,0.4787682592868805,0.8748912215232849,8,0.3166167432550556,0.3166167432550556,1,0,observed,1.0,1.0,-0.8200000000000003,65.58,16.708571428571428,0.4617728888988495,0.4820578694343567,0.3245838774974697,0.45688336765659965,KEEP,observation_noise,0.0013011840041300745
2021-09-24,23.44,0.01,16.02,0.4532413780689239,0.4758654832839966,0.8685700297355652,8,0.332941512088932,,0,1,interpolated,0.0,0.0,-0.9599999999999972,14.189999999999994,18.254285714285714,0.4565328657627105,0.4787682592868805,0.3166167432550556,0.4541806375677109,KEEP,observation_noise,0.0013011840041300745
2021-09-25,23.57,0.0,16.97,0.4519526064395904,0.47329181432724,0.8661434650421143,8,0.3492662809228084,,0,1,interpolated,0.0,0.0,0.129999999999999,12.979999999999992,18.481428571428573,0.4532413780689239,0.4758654832839966,0.332941512088932,0.4519435133786041,KEEP,observation_noise,0.0013011840041300745
2021-09-26,23.7,0.02,17.06,0.4509326815605163,0.4707121551036834,0.8641878366470337,8,0.3655910497566849,,0,1,interpolated,0.0,0.0,0.129999999999999,12.539999999999994,18.16142857142857,0.4519526064395904,0.47329181432724,0.3492662809228084,0.4514656462537021,KEEP,observation_noise,0.0013011840041300745
2021-09-27,24.1,0.04,17.89,0.4468511641025543,0.4682161808013916,0.8563974499702454,8,0.3819158185905613,,0,1,interpolated,0.0,0.0,0.4000000000000021,12.359999999999992,17.834285714285716,0.4509326815605163,0.4707121551036834,0.3655910497566849,0.4458676525390947,KEEP,observation_noise,0.0013011840041300745
2021-09-28,25.11,0.65,10.82,0.4453284442424774,0.4657402634620666,0.8534904718399048,8,0.3982405874244377,,0,1,interpolated,0.0,0.0,1.009999999999998,9.079999999999991,16.824285714285715,0.4468511641025543,0.4682161808013916,0.3819158185905613,0.4442812124803011,KEEP,observation_noise,0.0013011840041300745
2021-09-29,25.59,1.33,16.76,0.4425739347934723,0.4631654620170593,0.8480815887451172,8,0.4145653562583141,,0,1,interpolated,0.0,0.0,0.4800000000000004,3.169999999999993,16.19,0.4453284442424774,0.4657402634620666,0.3982405874244377,0.44106172231688917,KEEP,observation_noise,0.0013011840041300745
2021-09-30,24.56,3.55,11.68,0.4397384524345398,0.4609068930149078,0.8427802324295044,8,0.4308901250921905,,0,1,interpolated,0.0,0.0,-1.0300000000000011,5.5999999999999925,15.314285714285711,0.4425739347934723,0.4631654620170593,0.4145653562583141,0.4391313915395415,KEEP,observation_noise,0.0013011840041300745
2021-10-01,23.73,0.17,17.0,0.4403311014175415,0.4588786661624908,0.8438830971717834,8,0.4472148939260669,,0,1,interpolated,0.0,0.0,-0.8299999999999983,5.759999999999993,15.454285714285716,0.4397384524345398,0.4609068930149078,0.4308901250921905,0.44184780008795155,KEEP,observation_noise,0.0013011840041300745
2021-10-02,23.73,0.03,20.68,0.4350552558898926,0.4564684927463531,0.8337528705596924,8,0.4635396627599433,,0,1,interpolated,0.0,0.0,0.0,5.789999999999993,15.984285714285717,0.4403311014175415,0.4588786661624908,0.4472148939260669,0.4347552113899926,KEEP,observation_noise,0.0013011840041300745
2021-10-03,23.84,0.0,21.3,0.4348555207252502,0.454230785369873,0.8333567380905151,8,0.4798644315938197,0.4798644315938197,1,0,observed,1.0,1.0,0.1099999999999994,5.7699999999999925,16.59,0.4350552558898926,0.4564684927463531,0.4635396627599433,0.4347759501370203,KEEP,observation_noise,0.0013011840041300745
2021-10-04,23.82,0.0,20.49,0.4308348596096039,0.4517510235309601,0.8257127404212952,8,0.4911877447982787,,0,1,interpolated,0.0,0.0,-0.0199999999999995,5.729999999999992,16.96142857142857,0.4348555207252502,0.454230785369873,0.4798644315938197,0.42873424619423806,KEEP,observation_noise,0.0013011840041300745
2021-10-05,24.37,0.0,20.22,0.4276524782180786,0.4495640397071838,0.8195984959602356,8,0.5025110580027378,,0,1,interpolated,0.0,0.0,0.5500000000000007,5.079999999999993,18.304285714285715,0.4308348596096039,0.4517510235309601,0.4911877447982787,0.4290059328560081,KEEP,observation_noise,0.0013011840041300745
2021-10-06,24.69,0.02,20.24,0.4281390309333801,0.4478051960468292,0.8205245137214661,8,0.5138343712071968,,0,1,interpolated,0.0,0.0,0.3200000000000003,3.769999999999993,18.80142857142857,0.4276524782180786,0.4495640397071838,0.5025110580027378,0.42668785218674415,KEEP,observation_noise,0.0013011840041300745
2021-10-07,23.88,0.01,19.24,0.4254108071327209,0.4458920657634735,0.8152577877044678,8,0.5251576844116558,,0,1,interpolated,0.0,0.0,-0.8100000000000023,0.2299999999999929,19.881428571428568,0.4281390309333801,0.4478051960468292,0.5138343712071968,0.4250059979542276,KEEP,observation_noise,0.0013011840041300745
2021-10-08,24.91,0.46,14.11,0.4257276058197021,0.4443058371543884,0.8159242868423462,8,0.5364809976161148,,0,1,interpolated,0.0,0.0,1.0300000000000011,0.5199999999999929,19.468571428571423,0.4254108071327209,0.4458920657634735,0.5251576844116558,0.4254658385422949,KEEP,observation_noise,0.0013011840041300745
2021-10-09,24.95,0.1,18.73,0.4252312183380127,0.4424929618835449,0.8148984909057617,8,0.5478043108205738,,0,1,interpolated,0.0,0.0,0.0399999999999991,0.5899999999999929,19.19,0.4257276058197021,0.4443058371543884,0.5364809976161148,0.4250090831222827,KEEP,observation_noise,0.0013011840041300745
2021-10-10,25.49,0.0,16.47,0.4211076498031616,0.4406344890594482,0.8070340156555176,8,0.5591276240250328,,0,1,interpolated,0.0,0.0,0.5399999999999991,0.5899999999999929,18.5,0.4252312183380127,0.4424929618835449,0.5478043108205738,0.42120233636830184,KEEP,observation_noise,0.0013011840041300745
2021-10-11,24.81,1.71,12.45,0.4201122224330902,0.4389162957668304,0.8050907850265503,8,0.5704509372294918,,0,1,interpolated,0.0,0.0,-0.6799999999999997,2.2999999999999927,17.351428571428567,0.4211076498031616,0.4406344890594482,0.5591276240250328,0.4242307644581039,KEEP,observation_noise,0.0013011840041300745
2021-10-12,23.83,2.35,9.96,0.425644040107727,0.4386197030544281,0.8157601356506348,8,0.5817742504339508,,0,1,interpolated,0.0,0.0,-0.9800000000000004,4.649999999999993,15.885714285714284,0.4201122224330902,0.4389162957668304,0.5704509372294918,0.426789007104443,KEEP,observation_noise,0.0013011840041300745
2021-10-13,23.26,0.58,10.48,0.4216788411140442,0.4377158284187317,0.8081320524215698,8,0.5930975636384098,,0,1,interpolated,0.0,0.0,-0.5699999999999967,5.209999999999993,14.491428571428573,0.425644040107727,0.4386197030544281,0.5817742504339508,0.4222942484583068,KEEP,observation_noise,0.0013011840041300745
2021-10-14,22.69,0.03,18.18,0.4184514582157135,0.4358753263950348,0.8019286394119263,8,0.6044208768428688,,0,1,interpolated,0.0,0.0,-0.5700000000000003,5.229999999999992,14.34,0.4216788411140442,0.4377158284187317,0.5930975636384098,0.41546919780878455,KEEP,observation_noise,0.0013011840041300745
2021-10-15,23.1,0.0,18.04,0.4156575798988342,0.4340788722038269,0.796623945236206,8,0.6157441900473278,,0,1,interpolated,0.0,0.0,0.4100000000000001,4.7699999999999925,14.901428571428571,0.4184514582157135,0.4358753263950348,0.6044208768428688,0.41488139410264796,KEEP,observation_noise,0.0013011840041300745
2021-10-16,21.54,9.06,7.01,0.4345409274101257,0.4377300143241882,0.8327365517616272,8,0.6270675032517868,,0,1,interpolated,0.0,0.0,-1.5600000000000025,13.729999999999992,13.227142857142857,0.4156575798988342,0.4340788722038269,0.6157441900473278,0.4363207090646346,KEEP,observation_noise,0.0013011840041300745
2021-10-17,18.27,0.55,12.61,0.4236891567707062,0.4361780881881714,0.8119678497314453,8,0.6383908164562458,,0,1,interpolated,0.0,0.0,-3.27,14.279999999999994,12.675714285714283,0.4345409274101257,0.4377300143241882,0.6270675032517868,0.4234850939924969,KEEP,observation_noise,0.0013011840041300745
2021-10-18,18.58,0.16,16.0,0.4167879819869995,0.4334118068218231,0.7987493276596069,8,0.6497141296607049,,0,1,interpolated,0.0,0.0,0.3099999999999987,12.729999999999992,13.182857142857143,0.4236891567707062,0.4361780881881714,0.6383908164562458,0.4155641997306277,KEEP,observation_noise,0.0013011840041300745
2021-10-19,19.2,0.24,12.07,0.4149930477142334,0.431636244058609,0.795295000076294,8,0.6610374428651639,,0,1,interpolated,0.0,0.0,0.620000000000001,10.619999999999992,13.484285714285717,0.4167879819869995,0.4334118068218231,0.6497141296607049,0.41582678255104105,KEEP,observation_noise,0.0013011840041300745
2021-10-20,17.31,0.53,9.85,0.4220457971096039,0.431255966424942,0.8088083267211914,8,0.6723607560696229,,0,1,interpolated,0.0,0.0,-1.8900000000000008,10.569999999999991,13.394285714285711,0.4149930477142334,0.431636244058609,0.6610374428651639,0.4212992434569831,KEEP,observation_noise,0.0013011840041300745
2021-10-21,16.84,2.2,8.23,0.4194783568382263,0.430682510137558,0.803941011428833,8,0.6836840692740819,,0,1,interpolated,0.0,0.0,-0.4699999999999988,12.739999999999991,11.972857142857142,0.4220457971096039,0.431255966424942,0.6723607560696229,0.4210482358396181,KEEP,observation_noise,0.0013011840041300745
2021-10-22,17.79,3.78,11.92,0.4198977947235107,0.4298744201660156,0.8047027587890625,8,0.6950073824785409,,0,1,interpolated,0.0,0.0,0.9499999999999992,16.519999999999992,11.098571428571429,0.4194783568382263,0.430682510137558,0.6836840692740819,0.4200349363709737,KEEP,observation_noise,0.0013011840041300745
2021-10-23,17.49,0.86,15.02,0.413668155670166,0.4283226430416107,0.7928006649017334,8,0.7063306956829999,0.7063306956829999,1,0,observed,1.0,1.0,-0.3000000000000007,8.319999999999993,12.242857142857144,0.4198977947235107,0.4298744201660156,0.6950073824785409,0.41269786638376654,KEEP,observation_noise,0.0013011840041300745
2021-10-24,16.94,0.01,11.99,0.4136422574520111,0.4271892309188843,0.7927178144454956,8,0.7128302593772412,,0,1,interpolated,0.0,0.0,-0.5499999999999972,7.779999999999993,12.154285714285717,0.413668155670166,0.4283226430416107,0.7063306956829999,0.41680490673699633,KEEP,observation_noise,0.0013011840041300745
2021-10-25,17.77,0.43,11.32,0.4127389788627624,0.4263482391834259,0.7910076379776001,8,0.7193298230714825,,0,1,interpolated,0.0,0.0,0.8299999999999983,8.049999999999994,11.485714285714286,0.4136422574520111,0.4271892309188843,0.7128302593772412,0.4131821981220368,KEEP,observation_noise,0.0013011840041300745
2021-10-26,18.92,0.09,16.01,0.4087352156639099,0.4249688982963562,0.7832920551300049,8,0.725829386765724,,0,1,interpolated,0.0,0.0,1.150000000000002,7.899999999999992,12.04857142857143,0.4127389788627624,0.4263482391834259,0.7193298230714825,0.4082823370313674,KEEP,observation_noise,0.0013011840041300745
2021-10-27,19.94,0.0,16.1,0.4068320989608764,0.4236365556716919,0.7797145247459412,8,0.7323289504599653,,0,1,interpolated,0.0,0.0,1.0199999999999996,7.369999999999992,12.941428571428572,0.4087352156639099,0.4249688982963562,0.725829386765724,0.4049891785722665,KEEP,observation_noise,0.0013011840041300745
2021-10-28,19.67,0.0,15.53,0.405750036239624,0.422406941652298,0.7775705456733704,8,0.7388285141542066,,0,1,interpolated,0.0,0.0,-0.2699999999999996,5.169999999999993,13.984285714285717,0.4068320989608764,0.4236365556716919,0.7323289504599653,0.40577664665708657,KEEP,observation_noise,0.0013011840041300745
2021-10-29,17.39,0.0,16.54,0.407776415348053,0.4212962687015533,0.7814858555793762,8,0.7453280778484479,,0,1,interpolated,0.0,0.0,-2.280000000000001,1.3899999999999928,14.644285714285717,0.405750036239624,0.422406941652298,0.7388285141542066,0.40769153270071706,KEEP,observation_noise,0.0013011840041300745
2021-10-30,18.02,0.26,8.68,0.4152876734733581,0.4215169847011566,0.7958597540855408,8,0.7518276415426892,,0,1,interpolated,0.0,0.0,0.629999999999999,0.7899999999999929,13.738571428571433,0.407776415348053,0.4212962687015533,0.7453280778484479,0.41429715817434826,KEEP,observation_noise,0.0013011840041300745
2021-10-31,19.21,0.61,14.94,0.4107571542263031,0.4218385815620422,0.7871505618095398,8,0.7583272052369306,,0,1,interpolated,0.0,0.0,1.1900000000000013,1.389999999999993,14.16,0.4152876734733581,0.4215169847011566,0.7518276415426892,0.4087023436080833,KEEP,observation_noise,0.0013011840041300745
2021-11-01,19.58,0.0,12.61,0.4035815596580505,0.4201313853263855,0.773424506187439,8,0.764826768931172,,0,1,interpolated,0.0,0.0,0.3699999999999974,0.959999999999993,14.344285714285716,0.4107571542263031,0.4218385815620422,0.7583272052369306,0.4029524268024625,KEEP,observation_noise,0.0013011840041300745
2021-11-02,18.94,0.09,9.68,0.4035277962684631,0.4190196394920349,0.7733550667762756,8,0.7713263326254133,,0,1,interpolated,0.0,0.0,-0.639999999999997,0.9599999999999927,13.44,0.4035815596580505,0.4201313853263855,0.764826768931172,0.40370061323325085,KEEP,observation_noise,0.0013011840041300745
2021-11-03,18.46,2.91,10.89,0.4047211110591888,0.4182730317115783,0.7756156921386719,8,0.7778258963196546,,0,1,interpolated,0.0,0.0,-0.4800000000000004,3.869999999999993,12.695714285714285,0.4035277962684631,0.4190196394920349,0.7713263326254133,0.40673104917801084,KEEP,observation_noise,0.0013011840041300745
2021-11-04,18.65,0.78,13.44,0.4026813805103302,0.4173125922679901,0.7717166543006897,8,0.7843254600138959,,0,1,interpolated,0.0,0.0,0.1899999999999977,4.649999999999993,12.397142857142857,0.4047211110591888,0.4182730317115783,0.7778258963196546,0.4025293026484494,KEEP,observation_noise,0.0013011840041300745
2021-11-05,18.19,0.0,12.55,0.4011538326740265,0.4163566827774048,0.7687936425209045,8,0.7908250237081373,,0,1,interpolated,0.0,0.0,-0.4599999999999973,4.649999999999993,11.827142857142857,0.4026813805103302,0.4173125922679901,0.7843254600138959,0.4018962855941673,KEEP,observation_noise,0.0013011840041300745
2021-11-06,16.85,0.09,4.87,0.399643212556839,0.4156901836395263,0.7658706903457642,8,0.7973245874023787,,0,1,interpolated,0.0,0.0,-1.34,4.479999999999993,11.28285714285714,0.4011538326740265,0.4163566827774048,0.7908250237081373,0.4015743282168759,KEEP,observation_noise,0.0013011840041300745
2021-11-07,17.37,0.01,15.52,0.401192843914032,0.4148738980293274,0.7689017057418823,8,0.80382415109662,0.80382415109662,1,0,observed,0.8835575185705679,1.0,0.5199999999999996,3.879999999999993,11.365714285714288,0.399643212556839,0.4156901836395263,0.7973245874023787,0.39805287388278104,KEEP,observation_noise,0.0013011840041300745
2021-11-08,17.63,13.13,3.85,0.418949544429779,0.4188930690288543,0.8028869032859802,8,0.8034068718386683,,0,1,interpolated,0.0,0.0,0.259999999999998,17.009999999999994,10.114285714285714,0.401192843914032,0.4148738980293274,0.80382415109662,0.4173524312605233,KEEP,observation_noise,0.0013011840041300745
2021-11-09,14.36,3.16,6.46,0.4074470698833465,0.4178185760974884,0.7808881998062134,8,0.8029895925807167,,0,1,interpolated,0.0,0.0,-3.27,20.07999999999999,9.654285714285717,0.418949544429779,0.4188930690288543,0.8034068718386683,0.40608955602189256,KEEP,observation_noise,0.0013011840041300745
2021-11-10,14.52,6.73,6.85,0.4127345383167267,0.4169568121433258,0.790948212146759,8,0.8025723133227649,,0,1,interpolated,0.0,0.0,0.1600000000000001,23.89999999999999,9.077142857142858,0.4074470698833465,0.4178185760974884,0.8029895925807167,0.4144117559334665,KEEP,observation_noise,0.0013011840041300745
2021-11-11,14.64,4.33,7.07,0.4088935852050781,0.4157734811306,0.7836142182350159,8,0.8021550340648133,,0,1,interpolated,0.0,0.0,0.120000000000001,27.449999999999992,8.167142857142858,0.4127345383167267,0.4169568121433258,0.8025723133227649,0.40719277429965056,KEEP,observation_noise,0.0013011840041300745
2021-11-12,13.21,3.95,9.43,0.403988242149353,0.4145593345165252,0.7741364240646362,8,0.8017377548068616,,0,1,interpolated,0.0,0.0,-1.4299999999999995,31.39999999999999,7.721428571428571,0.4088935852050781,0.4157734811306,0.8021550340648133,0.4013775495042475,KEEP,observation_noise,0.0013011840041300745
2021-11-13,13.77,0.71,10.41,0.4013455510139465,0.413346379995346,0.7691493034362793,8,0.80132047554891,,0,1,interpolated,0.0,0.0,0.5599999999999987,32.02,8.512857142857143,0.403988242149353,0.4145593345165252,0.8017377548068616,0.40257600271736854,KEEP,observation_noise,0.0013011840041300745
2021-11-14,16.01,0.25,9.43,0.4010142683982849,0.4125236272811889,0.7685084342956543,8,0.8009031962909582,,0,1,interpolated,0.0,0.0,2.240000000000002,32.25999999999999,7.642857142857143,0.4013455510139465,0.413346379995346,0.80132047554891,0.40020130626778544,KEEP,observation_noise,0.0013011840041300745
2021-11-15,16.26,0.0,12.42,0.3983920216560364,0.4116628170013428,0.7634420990943909,8,0.8004859170330065,,0,1,interpolated,0.0,0.0,0.25,19.129999999999992,8.867142857142857,0.4010142683982849,0.4125236272811889,0.8009031962909582,0.3977794274604613,KEEP,observation_noise,0.0013011840041300745
2021-11-16,16.29,0.0,10.02,0.398050993680954,0.410982221364975,0.7628529071807861,8,0.8000686377750549,,0,1,interpolated,0.0,0.0,0.0299999999999975,15.969999999999992,9.375714285714285,0.3983920216560364,0.4116628170013428,0.8004859170330065,0.39690936687503103,KEEP,observation_noise,0.0013011840041300745
2021-11-17,16.16,0.0,13.45,0.3950780630111694,0.4101307690143585,0.7571626305580139,8,0.7996513585171032,,0,1,interpolated,0.0,0.0,-0.129999999999999,9.239999999999991,10.31857142857143,0.398050993680954,0.410982221364975,0.8000686377750549,0.39361040918479673,KEEP,observation_noise,0.0013011840041300745
2021-11-18,16.24,0.0,12.38,0.3945239186286926,0.4093542098999023,0.7560938596725464,8,0.7992340792591515,,0,1,interpolated,0.0,0.0,0.0799999999999983,4.909999999999991,11.077142857142857,0.3950780630111694,0.4101307690143585,0.7996513585171032,0.39490172570697324,KEEP,observation_noise,0.0013011840041300745
2021-11-19,16.75,0.0,13.93,0.392970323562622,0.4086089432239532,0.7530646324157715,8,0.7988168000011998,,0,1,interpolated,0.0,0.0,0.5100000000000016,0.9599999999999912,11.72,0.3945239186286926,0.4093542098999023,0.7992340792591515,0.39421174961219324,KEEP,observation_noise,0.0013011840041300745
2021-11-20,16.86,0.0,13.48,0.3944557309150696,0.408072292804718,0.7559283375740051,8,0.7983995207432482,,0,1,interpolated,0.0,0.0,0.1099999999999994,0.2499999999999911,12.158571428571426,0.392970323562622,0.4086089432239532,0.7988168000011998,0.3958370362975978,KEEP,observation_noise,0.0013011840041300745
2021-11-21,15.86,1.26,5.58,0.4207300841808319,0.4133027493953705,0.8062933683395386,8,0.7979822414852965,,0,1,interpolated,0.0,0.0,-1.0,1.2599999999999911,11.608571428571429,0.3944557309150696,0.408072292804718,0.7983995207432482,0.418328420964759,KEEP,observation_noise,0.0013011840041300745
2021-11-22,14.27,19.49,3.21,0.4235839247703552,0.427791565656662,0.8118022084236145,8,0.7975649622273447,,0,1,interpolated,0.0,0.0,-1.59,20.74999999999999,10.292857142857144,0.4207300841808319,0.4133027493953705,0.7979822414852965,0.4239842072140725,KEEP,observation_noise,0.0013011840041300745
2021-11-23,11.1,1.53,7.4,0.4065064787864685,0.4195970296859741,0.7790520191192627,8,0.7971476829693931,,0,1,interpolated,0.0,0.0,-3.17,22.27999999999999,9.918571428571427,0.4235839247703552,0.427791565656662,0.7975649622273447,0.4080880027553894,KEEP,observation_noise,0.0013011840041300745
2021-11-24,12.94,0.4,7.2,0.402332454919815,0.4158159792423248,0.7709638476371765,8,0.7967304037114414,,0,1,interpolated,0.0,0.0,1.84,22.67999999999999,9.025714285714283,0.4065064787864685,0.4195970296859741,0.7971476829693931,0.40169726484073875,KEEP,observation_noise,0.0013011840041300745
2021-11-25,15.23,0.26,8.9,0.4013019502162933,0.4139785766601562,0.7690536975860596,8,0.7963131244534898,,0,1,interpolated,0.0,0.0,2.290000000000001,22.93999999999999,8.528571428571428,0.402332454919815,0.4158159792423248,0.7967304037114414,0.4015995332349814,KEEP,observation_noise,0.0013011840041300745
2021-11-26,13.39,0.0,12.95,0.4003265798091888,0.4126292467117309,0.7672222256660461,8,0.7958958451955381,,0,1,interpolated,0.0,0.0,-1.84,22.93999999999999,8.388571428571428,0.4013019502162933,0.4139785766601562,0.7963131244534898,0.39962118103385585,KEEP,observation_noise,0.0013011840041300745
2021-11-27,12.03,0.0,11.48,0.399456262588501,0.4117032289505005,0.765494167804718,8,0.7954785659375864,,0,1,interpolated,0.0,0.0,-1.3600000000000012,22.93999999999999,8.102857142857143,0.4003265798091888,0.4126292467117309,0.7958958451955381,0.39863122363760917,KEEP,observation_noise,0.0013011840041300745
2021-11-28,11.95,0.0,13.78,0.3980574607849121,0.410944253206253,0.7628021836280823,8,0.7950612866796347,,0,1,interpolated,0.0,0.0,-0.08,21.67999999999999,9.274285714285714,0.399456262588501,0.4117032289505005,0.7954785659375864,0.3955734979130191,KEEP,observation_noise,0.0013011840041300745
2021-11-29,13.56,0.0,13.2,0.39568692445755,0.4101676940917969,0.7583730816841125,8,0.7946440074216831,,0,1,interpolated,0.0,0.0,1.6100000000000012,2.1899999999999893,10.70142857142857,0.3980574607849121,0.410944253206253,0.7950612866796347,0.3981686821639576,KEEP,observation_noise,0.0013011840041300745
2021-11-30,14.13,29.51,3.63,0.4441732168197632,0.433468610048294,0.8512179851531982,8,0.7942267281637314,,0,1,interpolated,0.0,0.0,0.5700000000000003,30.16999999999999,10.162857142857144,0.39568692445755,0.4101676940917969,0.7946440074216831,0.44344941859859427,KEEP,observation_noise,0.0013011840041300745
2021-12-01,9.33,0.04,6.61,0.4160088896751404,0.4295151829719543,0.7972193956375122,8,0.7938094489057796,,0,1,interpolated,0.0,0.0,-4.800000000000001,29.80999999999999,10.078571428571427,0.4441732168197632,0.433468610048294,0.7942267281637314,0.4174596600899894,KEEP,observation_noise,0.0013011840041300745
2021-12-02,8.73,0.14,7.79,0.4118687808513641,0.4232679605484009,0.7893174290657043,8,0.793392169647828,,0,1,interpolated,0.0,0.0,-0.5999999999999996,29.68999999999999,9.92,0.4160088896751404,0.4295151829719543,0.7938094489057796,0.4093617590729751,KEEP,observation_noise,0.0013011840041300745
2021-12-03,11.83,1.2,7.03,0.4183797240257263,0.4225612282752991,0.801750123500824,8,0.7929748903898763,,0,1,interpolated,0.0,0.0,3.1,30.88999999999999,9.074285714285711,0.4118687808513641,0.4232679605484009,0.793392169647828,0.4189236129116907,KEEP,observation_noise,0.0013011840041300745
2021-12-04,9.71,0.01,10.22,0.4096086919307709,0.4203634560108185,0.7849730253219604,8,0.7925576111319247,,0,1,interpolated,0.0,0.0,-2.119999999999999,30.89999999999999,8.894285714285715,0.4183797240257263,0.4225612282752991,0.7929748903898763,0.4091353240557548,KEEP,observation_noise,0.0013011840041300745
2021-12-05,11.87,0.05,10.68,0.4038412570953369,0.4188544452190399,0.7738944292068481,8,0.7921403318739729,,0,1,interpolated,0.0,0.0,2.1599999999999984,30.949999999999992,8.45142857142857,0.4096086919307709,0.4203634560108185,0.7925576111319247,0.40181671903919336,KEEP,observation_noise,0.0013011840041300745
2021-12-06,12.43,0.0,12.06,0.4036850333213806,0.4179849922657013,0.7736397385597229,8,0.7917230526160213,,0,1,interpolated,0.0,0.0,0.5600000000000005,30.949999999999992,8.288571428571428,0.4038412570953369,0.4188544452190399,0.7921403318739729,0.40466488625778746,KEEP,observation_noise,0.0013011840041300745
2021-12-07,13.45,3.24,5.66,0.4148167371749878,0.4187057316303253,0.7950138449668884,8,0.7913057733580696,,0,1,interpolated,0.0,0.0,1.0199999999999996,4.679999999999989,8.57857142857143,0.4036850333213806,0.4179849922657013,0.7917230526160213,0.41386111909938533,KEEP,observation_noise,0.0013011840041300745
2021-12-08,13.18,0.23,6.85,0.4098569452762604,0.417897880077362,0.7854493856430054,8,0.8125072833568313,,0,1,climatology,0.0,0.0,-0.2699999999999996,4.869999999999989,8.612857142857143,0.4148167371749878,0.4187057316303253,0.7913057733580696,0.40861106066449837,KEEP,observation_noise,0.0013011840041300745
2021-12-09,12.47,0.0,12.72,0.4070774018764496,0.4173069596290588,0.7801375985145569,8,0.7927525054680801,,0,1,climatology,0.0,0.0,-0.7099999999999991,4.72999999999999,9.317142857142857,0.4098569452762604,0.417897880077362,0.8125072833568313,0.4066740378134961,KEEP,observation_noise,0.0013011840041300745
2021-12-10,14.62,0.02,10.72,0.4064255952835083,0.4171161353588104,0.778854489326477,8,0.7729977275793287,,0,1,climatology,0.0,0.0,2.1499999999999986,3.5499999999999896,9.844285714285714,0.4070774018764496,0.4173069596290588,0.7927525054680801,0.40572815477011526,KEEP,observation_noise,0.0013011840041300745
2021-12-11,15.17,0.27,8.4,0.4052020013332367,0.4163362383842468,0.7765941023826599,8,0.7532429496905775,,0,1,climatology,0.0,0.0,0.5500000000000007,3.80999999999999,9.584285714285716,0.4064255952835083,0.4171161353588104,0.7729977275793287,0.4047881852298595,KEEP,observation_noise,0.0013011840041300745
2021-12-12,13.94,0.14,6.02,0.4038413763046264,0.4156304001808166,0.7739202976226807,8,0.7334881718018262,,0,1,climatology,0.0,0.0,-1.2300000000000004,3.8999999999999897,8.918571428571429,0.4052020013332367,0.4163362383842468,0.7532429496905775,0.404610875244491,KEEP,observation_noise,0.0013011840041300745
2021-12-13,9.78,0.38,10.71,0.4036605954170227,0.4149206280708313,0.7736660242080688,8,0.713733393913075,,0,1,climatology,0.0,0.0,-4.16,4.27999999999999,8.725714285714286,0.4038413763046264,0.4156304001808166,0.7334881718018262,0.40340993464835695,KEEP,observation_noise,0.0013011840041300745
2021-12-14,10.4,0.01,6.99,0.4021906852722168,0.4143722951412201,0.7707777619361877,8,0.6939786160243238,,0,1,climatology,0.0,0.0,0.620000000000001,1.0499999999999894,8.915714285714285,0.4036605954170227,0.4149206280708313,0.713733393913075,0.40058761870108794,KEEP,observation_noise,0.0013011840041300745
2021-12-15,12.38,0.02,9.55,0.4024798274040222,0.4139351546764374,0.7713497877120972,8,0.6742238381355725,,0,1,climatology,0.0,0.0,1.9800000000000004,0.8399999999999894,9.301428571428572,0.4021906852722168,0.4143722951412201,0.6939786160243238,0.40441567913801313,KEEP,observation_noise,0.0013011840041300745
2021-12-16,12.13,18.74,1.87,0.4424850344657898,0.4311394095420837,0.8480182886123657,8,0.6544690602468212,,0,1,climatology,0.0,0.0,-0.25,19.579999999999988,7.751428571428571,0.4024798274040222,0.4139351546764374,0.6742238381355725,0.4446677417975991,KEEP,observation_noise,0.0013011840041300745
2021-12-17,9.04,0.76,5.83,0.4190903902053833,0.4285992980003357,0.803143322467804,8,0.6347142823580699,,0,1,climatology,0.0,0.0,-3.0900000000000016,20.31999999999999,7.052857142857143,0.4424850344657898,0.4311394095420837,0.6544690602468212,0.4179248663830385,KEEP,observation_noise,0.0013011840041300745
2021-12-18,5.18,0.03,7.57,0.4111964404582977,0.4236081838607788,0.7880921959877014,8,0.6149595044693187,,0,1,climatology,0.0,0.0,-3.86,20.079999999999988,6.934285714285715,0.4190903902053833,0.4285992980003357,0.6347142823580699,0.4078557042319813,KEEP,observation_noise,0.0013011840041300745
2021-12-19,8.56,4.38,6.53,0.4106415808200836,0.4214348196983337,0.7870208024978638,8,0.6314875332844215,,0,1,climatology,0.0,0.0,3.380000000000001,24.319999999999983,7.007142857142857,0.4111964404582977,0.4236081838607788,0.6149595044693187,0.41113666618082545,KEEP,observation_noise,0.0013011840041300745
2021-12-20,10.49,0.29,7.93,0.4095031023025512,0.4201618134975433,0.7847369909286499,8,0.6480155620995245,,0,1,climatology,0.0,0.0,1.93,24.22999999999999,6.609999999999999,0.4106415808200836,0.4214348196983337,0.6314875332844215,0.40874499185145596,KEEP,observation_noise,0.0013011840041300745
2021-12-21,14.02,0.05,7.01,0.4079953730106354,0.4192956686019897,0.7819422483444214,8,0.6645435909146273,,0,1,climatology,0.0,0.0,3.53,24.26999999999999,6.612857142857144,0.4095031023025512,0.4201618134975433,0.6480155620995245,0.4080875394854247,KEEP,observation_noise,0.0013011840041300745
2021-12-22,12.97,0.02,10.82,0.4045422971248626,0.4184304177761078,0.7752730250358582,8,0.6810716197297303,,0,1,climatology,0.0,0.0,-1.049999999999999,24.26999999999999,6.7942857142857145,0.4079953730106354,0.4192956686019897,0.6645435909146273,0.4036690936088276,KEEP,observation_noise,0.0013011840041300745
2021-12-23,12.64,0.01,11.89,0.4033913016319275,0.4176785349845886,0.7731091380119324,8,0.6975996485448331,,0,1,climatology,0.0,0.0,-0.33,5.539999999999989,8.225714285714286,0.4045422971248626,0.4184304177761078,0.6810716197297303,0.40521731977748177,KEEP,observation_noise,0.0013011840041300745
2021-12-24,12.37,0.53,7.19,0.4086487591266632,0.4175493419170379,0.7831649780273438,8,0.7357647972389598,,0,1,climatology,0.0,0.0,-0.2700000000000013,5.30999999999999,8.42,0.4033913016319275,0.4176785349845886,0.6975996485448331,0.4076279162075487,KEEP,observation_noise,0.0013011840041300745
2021-12-25,7.24,0.01,11.2,0.4076914191246032,0.416924238204956,0.7813715934753418,8,0.7739299459330866,,0,1,climatology,0.0,0.0,-5.129999999999999,5.289999999999989,8.938571428571427,0.4086487591266632,0.4175493419170379,0.7357647972389598,0.40841521587107865,KEEP,observation_noise,0.0013011840041300745
2021-12-26,2.56,0.0,7.49,0.4043660759925842,0.4160554111003876,0.7749077081680298,8,0.8120950946272133,,0,1,climatology,0.0,0.0,-4.68,0.9099999999999894,9.075714285714286,0.4076914191246032,0.416924238204956,0.7739299459330866,0.40515170066585066,KEEP,observation_noise,0.0013011840041300745
2021-12-27,4.44,0.01,8.25,0.4032885432243347,0.4153138101100921,0.7728838920593262,8,0.85026024332134,,0,1,climatology,0.0,0.0,1.8800000000000003,0.6299999999999895,9.12142857142857,0.4043660759925842,0.4160554111003876,0.8120950946272133,0.4052305019327679,KEEP,observation_noise,0.0013011840041300745
2021-12-28,8.29,0.07,6.45,0.4031639993190765,0.4147997498512268,0.7726183533668518,8,0.85026024332134,,0,1,climatology,0.0,0.0,3.849999999999999,0.6499999999999894,9.041428571428572,0.4032885432243347,0.4153138101100921,0.85026024332134,0.40292904244570993,KEEP,observation_noise,0.0013011840041300745
2021-12-29,9.97,4.28,3.69,0.4102145731449127,0.4154703021049499,0.786142885684967,8,0.85026024332134,,0,1,climatology,0.0,0.0,1.6800000000000015,4.9099999999999895,8.022857142857143,0.4031639993190765,0.4147997498512268,0.85026024332134,0.4093764485794675,KEEP,observation_noise,0.0013011840041300745
2021-12-30,8.03,0.38,7.54,0.4043217897415161,0.4145394563674927,0.7748299837112427,8,0.85026024332134,,0,1,climatology,0.0,0.0,-1.9400000000000013,5.27999999999999,7.40142857142857,0.4102145731449127,0.4154703021049499,0.85026024332134,0.4037297891015258,KEEP,observation_noise,0.0013011840041300745
2021-12-31,5.16,0.07,12.07,0.403072327375412,0.4135500490665436,0.7724621891975403,8,0.85026024332134,,0,1,climatology,0.0,0.0,-2.869999999999999,4.81999999999999,8.098571428571429,0.4043217897415161,0.4145394563674927,0.85026024332134,0.40459647812040256,KEEP,observation_noise,0.0013011840041300745
2022-01-01,6.92,0.0,12.25,0.4016386270523071,0.4128589332103729,0.769686222076416,8,0.7808737919092776,0.7808737919092776,1,0,observed,0.2589841397309776,1.0,1.7599999999999998,4.80999999999999,8.248571428571427,0.403072327375412,0.4135500490665436,0.85026024332134,0.4034400213689387,KEEP,observation_noise,0.0013011840041300745
2022-01-02,9.11,0.01,6.95,0.3999828398227691,0.4124004542827606,0.7664915323257446,8,0.7709767527169038,,0,1,interpolated,0.0,0.0,2.1899999999999995,4.81999999999999,8.171428571428573,0.4016386270523071,0.4128589332103729,0.7808737919092776,0.40235373729459456,KEEP,observation_noise,0.0013011840041300745
2022-01-03,9.04,0.0,12.25,0.3997838497161865,0.4118573665618896,0.766176164150238,8,0.7610797135245301,,0,1,interpolated,0.0,0.0,-0.0700000000000002,4.80999999999999,8.742857142857144,0.3999828398227691,0.4124004542827606,0.7709767527169038,0.39924803403124476,KEEP,observation_noise,0.0013011840041300745
2022-01-04,8.54,0.0,8.92,0.3991278409957886,0.4113593101501465,0.7648855447769165,8,0.7511826743321562,,0,1,interpolated,0.0,0.0,-0.5,4.7399999999999896,9.095714285714283,0.3997838497161865,0.4118573665618896,0.7610797135245301,0.3991417470669407,KEEP,observation_noise,0.0013011840041300745
2022-01-05,8.58,0.49,4.42,0.409631073474884,0.4127083718776703,0.7850728034973145,8,0.7412856351397824,,0,1,interpolated,0.0,0.0,0.0400000000000009,0.9499999999999892,9.2,0.3991278409957886,0.4113593101501465,0.7511826743321562,0.41021425864566863,KEEP,observation_noise,0.0013011840041300745
2022-01-06,8.54,0.92,9.21,0.4051070809364319,0.4132168591022491,0.7764215469360352,8,0.7313885959474086,,0,1,interpolated,0.0,0.0,-0.0400000000000009,1.4899999999999896,9.43857142857143,0.409631073474884,0.4127083718776703,0.7412856351397824,0.4052494758593634,KEEP,observation_noise,0.0013011840041300745
2022-01-07,8.86,0.02,12.05,0.3999082446098327,0.4119267463684082,0.7663840055465698,8,0.7214915567550348,,0,1,interpolated,0.0,0.0,0.3200000000000003,1.4399999999999893,9.435714285714289,0.4051070809364319,0.4132168591022491,0.7313885959474086,0.4018490709032504,KEEP,observation_noise,0.0013011840041300745
2022-01-08,10.25,0.02,11.67,0.3993822634220123,0.4110835194587707,0.7654227018356323,8,0.711594517562661,,0,1,interpolated,0.0,0.0,1.3900000000000006,1.4599999999999893,9.352857142857143,0.3999082446098327,0.4119267463684082,0.7214915567550348,0.4011430462191793,KEEP,observation_noise,0.0013011840041300745
2022-01-09,9.95,0.0,8.09,0.3987942039966583,0.4105381369590759,0.7642208337783813,8,0.7016974783702872,,0,1,interpolated,0.0,0.0,-0.3000000000000007,1.4499999999999893,9.515714285714283,0.3993822634220123,0.4110835194587707,0.711594517562661,0.4000115682599594,KEEP,observation_noise,0.0013011840041300745
2022-01-10,11.02,0.02,11.51,0.4044267833232879,0.4107697308063507,0.7750996947288513,8,0.6918004391779133,,0,1,interpolated,0.0,0.0,1.0700000000000005,1.469999999999989,9.41,0.3987942039966583,0.4105381369590759,0.7016974783702872,0.40421576158921335,KEEP,observation_noise,0.0013011840041300745
2022-01-11,7.31,6.81,4.7,0.4093954265117645,0.4133695363998413,0.7846267819404602,8,0.6819033999855396,,0,1,interpolated,0.0,0.0,-3.71,8.279999999999989,8.807142857142857,0.4044267833232879,0.4107697308063507,0.6918004391779133,0.4090380940285254,KEEP,observation_noise,0.0013011840041300745
2022-01-12,4.85,0.0,11.24,0.4016565680503845,0.4114612936973572,0.7697458267211914,8,0.6720063607931658,,0,1,interpolated,0.0,0.0,-2.46,7.789999999999988,9.781428571428572,0.4093954265117645,0.4133695363998413,0.6819033999855396,0.40148982821998014,KEEP,observation_noise,0.0013011840041300745
2022-01-13,5.49,2.24,4.49,0.3994996547698974,0.4103427529335022,0.7656296491622925,8,0.662109321600792,,0,1,interpolated,0.0,0.0,0.6400000000000006,9.109999999999989,9.107142857142858,0.4016565680503845,0.4114612936973572,0.6720063607931658,0.4000274901970801,KEEP,observation_noise,0.0013011840041300745
2022-01-14,4.96,0.0,12.01,0.3983897268772125,0.4095467627048492,0.7634965181350708,8,0.6522122824084182,,0,1,interpolated,0.0,0.0,-0.5300000000000002,9.08999999999999,9.101428571428572,0.3994996547698974,0.4103427529335022,0.662109321600792,0.4007139271236451,KEEP,observation_noise,0.0013011840041300745
2022-01-15,7.73,0.3,8.79,0.3984036445617676,0.4091140627861023,0.7635137438774109,8,0.6423152432160444,,0,1,interpolated,0.0,0.0,2.7700000000000005,9.36999999999999,8.69,0.3983897268772125,0.4095467627048492,0.6522122824084182,0.39947542098470173,KEEP,observation_noise,0.0013011840041300745
2022-01-16,9.25,0.37,3.35,0.4008531272411346,0.4089784026145935,0.7682484984397888,8,0.6324182040236705,,0,1,interpolated,0.0,0.0,1.5199999999999996,9.73999999999999,8.012857142857143,0.3984036445617676,0.4091140627861023,0.6423152432160444,0.39957224165009053,KEEP,observation_noise,0.0013011840041300745
2022-01-17,6.83,0.02,11.3,0.398356169462204,0.4083403050899505,0.7634226083755493,8,0.6225211648312967,,0,1,interpolated,0.0,0.0,-2.42,9.739999999999988,7.982857142857142,0.4008531272411346,0.4089784026145935,0.6324182040236705,0.3973969668915895,KEEP,observation_noise,0.0013011840041300745
2022-01-18,5.24,0.02,12.82,0.3966639637947082,0.4077284634113312,0.7601512670516968,8,0.612624125638923,,0,1,interpolated,0.0,0.0,-1.59,2.949999999999989,9.142857142857142,0.398356169462204,0.4083403050899505,0.6225211648312967,0.3962695118872424,KEEP,observation_noise,0.0013011840041300745
2022-01-19,6.29,0.01,12.39,0.3968236744403839,0.4073372483253479,0.760499119758606,8,0.6027270864465492,,0,1,interpolated,0.0,0.0,1.0499999999999998,2.9599999999999898,9.30714285714286,0.3966639637947082,0.4077284634113312,0.612624125638923,0.39860444368918974,KEEP,observation_noise,0.0013011840041300745
2022-01-20,6.55,1.19,7.53,0.3971147239208221,0.406916856765747,0.7610621452331543,8,0.5928300472541753,,0,1,interpolated,0.0,0.0,0.2599999999999998,1.9099999999999893,9.741428571428573,0.3968236744403839,0.4073372483253479,0.6027270864465492,0.3981344850396869,KEEP,observation_noise,0.0013011840041300745
2022-01-21,7.18,0.13,9.71,0.3956257402896881,0.4064566195011139,0.7582141160964966,8,0.5829330080618016,,0,1,interpolated,0.0,0.0,0.6299999999999999,2.0399999999999894,9.412857142857144,0.3971147239208221,0.406916856765747,0.5928300472541753,0.3969705937915429,KEEP,observation_noise,0.0013011840041300745
2022-01-22,7.74,0.02,9.68,0.4044673442840576,0.4076157510280609,0.7750625610351562,8,0.5730359688694278,,0,1,interpolated,0.0,0.0,0.5600000000000005,1.7599999999999891,9.54,0.3956257402896881,0.4064566195011139,0.5829330080618016,0.40388472011745075,KEEP,observation_noise,0.0013011840041300745
2022-01-23,8.29,23.92,2.35,0.43382129073143,0.4262129068374634,0.831413745880127,8,0.5631389296770539,,0,1,interpolated,0.0,0.0,0.5499999999999989,25.30999999999999,9.397142857142857,0.4044673442840576,0.4076157510280609,0.5730359688694278,0.4320330679071818,KEEP,observation_noise,0.0013011840041300745
2022-01-24,8.8,0.42,6.5,0.4117173552513122,0.4197488725185394,0.7889844179153442,8,0.5532418904846801,,0,1,interpolated,0.0,0.0,0.5100000000000016,25.709999999999997,8.711428571428572,0.43382129073143,0.4262129068374634,0.5631389296770539,0.41140955389430656,KEEP,observation_noise,0.0013011840041300745
2022-01-25,8.56,0.05,12.73,0.4040359258651733,0.4153977036476135,0.7742823958396912,8,0.5433448512923063,,0,1,interpolated,0.0,0.0,-0.2400000000000002,25.73999999999999,8.698571428571428,0.4117173552513122,0.4197488725185394,0.5532418904846801,0.404806084112376,KEEP,observation_noise,0.0013011840041300745
2022-01-26,9.48,0.06,11.1,0.4030189216136932,0.4134964346885681,0.7723276615142822,8,0.5334478120999325,0.5334478120999325,1,0,observed,0.4393696044970888,1.0,0.92,25.789999999999992,8.514285714285714,0.4040359258651733,0.4153977036476135,0.5433448512923063,0.40471262714000206,KEEP,observation_noise,0.0013011840041300745
2022-01-27,9.83,0.0,8.95,0.4014655947685241,0.4124965071678161,0.769395112991333,8,0.5592565343147177,,0,1,interpolated,0.0,0.0,0.3499999999999996,24.599999999999994,8.717142857142857,0.4030189216136932,0.4134964346885681,0.5334478120999325,0.4021876849465645,KEEP,observation_noise,0.0013011840041300745
2022-01-28,9.18,0.0,12.84,0.4005994796752929,0.4117416441440582,0.7677288055419922,8,0.5850652565295028,,0,1,interpolated,0.0,0.0,-0.6500000000000004,24.46999999999999,9.164285714285716,0.4014655947685241,0.4124965071678161,0.5592565343147177,0.40173889792642836,KEEP,observation_noise,0.0013011840041300745
2022-01-29,8.14,0.0,8.66,0.3997553586959839,0.4110928177833557,0.7661014199256897,8,0.6108739787442881,,0,1,interpolated,0.0,0.0,-1.0399999999999991,24.449999999999992,9.018571428571429,0.4005994796752929,0.4117416441440582,0.5850652565295028,0.39922440117456004,KEEP,observation_noise,0.0013011840041300745
2022-01-30,8.41,0.24,8.84,0.398331344127655,0.4106813669204712,0.7633795738220215,8,0.6366827009590732,,0,1,interpolated,0.0,0.0,0.2699999999999996,0.7699999999999894,9.945714285714288,0.3997553586959839,0.4110928177833557,0.6108739787442881,0.3979232400284996,KEEP,observation_noise,0.0013011840041300745
2022-01-31,7.71,0.01,14.82,0.3965659737586975,0.4101287126541137,0.7599182724952698,8,0.6624914231738583,0.6624914231738583,1,0,observed,0.2360971692431238,1.0,-0.7000000000000002,0.3599999999999893,11.134285714285712,0.398331344127655,0.4106813669204712,0.6366827009590732,0.3967082255054959,KEEP,observation_noise,0.0013011840041300745
2022-02-01,7.5,0.18,6.45,0.3991812467575073,0.4097212255001068,0.7650222182273865,8,0.6447740401435291,,0,1,interpolated,0.0,0.0,-0.2099999999999999,0.4899999999999893,10.237142857142857,0.3965659737586975,0.4101287126541137,0.6624914231738583,0.39863763608528363,KEEP,observation_noise,0.0013011840041300745
2022-02-02,6.55,0.0,8.91,0.3990388214588165,0.4093847572803497,0.7647174000740051,8,0.6270566571131998,,0,1,interpolated,0.0,0.0,-0.9500000000000002,0.4299999999999893,9.924285714285714,0.3991812467575073,0.4097212255001068,0.6447740401435291,0.3995122569053452,KEEP,observation_noise,0.0013011840041300745
2022-02-03,6.49,0.0,10.9,0.3999171257019043,0.4092092514038086,0.7663809657096863,8,0.6093392740828706,,0,1,interpolated,0.0,0.0,-0.0599999999999996,0.4299999999999893,10.202857142857145,0.3990388214588165,0.4093847572803497,0.6270566571131998,0.400331837279715,KEEP,observation_noise,0.0013011840041300745
2022-02-04,6.34,0.0,12.27,0.3986082971096039,0.4084888398647308,0.763940691947937,8,0.5916218910525413,,0,1,interpolated,0.0,0.0,-0.1500000000000003,0.4299999999999893,10.12142857142857,0.3999171257019043,0.4092092514038086,0.6093392740828706,0.3971507356132072,KEEP,observation_noise,0.0013011840041300745
2022-02-05,4.02,0.04,9.68,0.3965355455875397,0.4077257513999939,0.759950578212738,8,0.573904508022212,,0,1,interpolated,0.0,0.0,-2.3200000000000003,0.4699999999999893,10.267142857142858,0.3986082971096039,0.4084888398647308,0.5916218910525413,0.3985198238423683,KEEP,observation_noise,0.0013011840041300745
2022-02-06,4.3,0.01,11.54,0.3958873748779297,0.4070757031440735,0.758725643157959,8,0.5561871249918828,,0,1,interpolated,0.0,0.0,0.2800000000000002,0.2399999999999893,10.652857142857142,0.3965355455875397,0.4077257513999939,0.573904508022212,0.39468585041321347,KEEP,observation_noise,0.0013011840041300745
2022-02-07,6.09,0.0,9.18,0.3970028162002563,0.4067728221416473,0.7608798146247864,8,0.5384697419615535,,0,1,interpolated,0.0,0.0,1.79,0.2299999999999893,9.847142857142856,0.3958873748779297,0.4070757031440735,0.5561871249918828,0.39832038090745764,KEEP,observation_noise,0.0013011840041300745
2022-02-08,7.6,0.05,6.19,0.3995794057846069,0.4073766767978668,0.7657837867736816,8,0.5207523589312243,,0,1,interpolated,0.0,0.0,1.5099999999999998,0.0999999999999893,9.81,0.3970028162002563,0.4067728221416473,0.5384697419615535,0.398750708793218,KEEP,observation_noise,0.0013011840041300745
2022-02-09,8.64,0.1,15.27,0.3960801661014557,0.4065435826778412,0.7590683102607727,8,0.503034975900895,,0,1,interpolated,0.0,0.0,1.040000000000001,0.1999999999999893,10.718571428571428,0.3995794057846069,0.4073766767978668,0.5207523589312243,0.396238594150662,KEEP,observation_noise,0.0013011840041300745
2022-02-10,8.41,2.14,7.54,0.3998797833919525,0.4066337943077087,0.7663446664810181,8,0.4853175928705657,,0,1,interpolated,0.0,0.0,-0.2300000000000004,2.3399999999999896,10.238571428571428,0.3960801661014557,0.4065435826778412,0.503034975900895,0.399760836341495,KEEP,observation_noise,0.0013011840041300745
2022-02-11,8.92,0.4,11.21,0.3961157500743866,0.4059260487556457,0.7591634392738342,8,0.4676002098402365,,0,1,interpolated,0.0,0.0,0.5099999999999998,2.7399999999999896,10.087142857142856,0.3998797833919525,0.4066337943077087,0.4853175928705657,0.39361560754776986,KEEP,observation_noise,0.0013011840041300745
2022-02-12,9.63,0.02,12.83,0.4021127223968506,0.4064509570598602,0.7706207036972046,8,0.4498828268099072,,0,1,interpolated,0.0,0.0,0.7100000000000009,2.719999999999989,10.537142857142856,0.3961157500743866,0.4059260487556457,0.4676002098402365,0.40253695970220815,KEEP,observation_noise,0.0013011840041300745
2022-02-13,8.16,11.08,5.93,0.4151612520217895,0.4156142473220825,0.7956332564353943,8,0.4321654437795779,,0,1,interpolated,0.0,0.0,-1.4700000000000006,13.78999999999999,9.735714285714284,0.4021127223968506,0.4064509570598602,0.4498828268099072,0.4135972553676609,KEEP,observation_noise,0.0013011840041300745
2022-02-14,9.51,0.13,15.7,0.4006867110729217,0.4110682606697082,0.7678965926170349,8,0.4144480607492486,,0,1,interpolated,0.0,0.0,1.3499999999999996,13.919999999999993,10.667142857142858,0.4151612520217895,0.4156142473220825,0.4321654437795779,0.39721293721712025,KEEP,observation_noise,0.0013011840041300745
2022-02-15,8.09,0.05,12.73,0.3964506983757019,0.4088150858879089,0.7597822546958923,8,0.3967306777189194,,0,1,interpolated,0.0,0.0,-1.42,13.91999999999999,11.60142857142857,0.4006867110729217,0.4110682606697082,0.4144480607492486,0.39808467572302336,KEEP,observation_noise,0.0013011840041300745
2022-02-16,3.97,0.29,9.55,0.3941726386547088,0.4073986411094665,0.7553594708442688,8,0.3790132946885902,,0,1,interpolated,0.0,0.0,-4.119999999999999,14.10999999999999,10.784285714285716,0.3964506983757019,0.4088150858879089,0.3967306777189194,0.3932287936867386,KEEP,observation_noise,0.0013011840041300745
2022-02-17,2.07,0.36,14.87,0.3932144343852997,0.4065421819686889,0.753576397895813,8,0.3612959116582609,,0,1,interpolated,0.0,0.0,-1.9000000000000004,12.32999999999999,11.831428571428573,0.3941726386547088,0.4073986411094665,0.3790132946885902,0.390672922253621,KEEP,observation_noise,0.0013011840041300745
2022-02-18,6.45,0.12,14.66,0.3971311450004577,0.4062969088554382,0.7610567212104797,8,0.3435785286279316,,0,1,interpolated,0.0,0.0,4.380000000000001,12.049999999999988,12.324285714285717,0.3932144343852997,0.4065421819686889,0.3612959116582609,0.4007384154684709,KEEP,observation_noise,0.0013011840041300745
2022-02-19,7.27,13.14,5.19,0.4132035672664642,0.4123676419258117,0.7919115424156189,8,0.3258611455976024,,0,1,interpolated,0.0,0.0,0.8199999999999994,25.169999999999987,11.232857142857144,0.3971311450004577,0.4062969088554382,0.3435785286279316,0.4145218784434148,KEEP,observation_noise,0.0013011840041300745
2022-02-20,4.39,0.31,13.18,0.3980095386505127,0.4094466865062713,0.7627508640289307,8,0.3081437625672731,,0,1,interpolated,0.0,0.0,-2.88,14.39999999999999,12.268571428571429,0.4132035672664642,0.4123676419258117,0.3258611455976024,0.39751788510266933,KEEP,observation_noise,0.0013011840041300745
2022-02-21,4.16,0.03,15.46,0.3948899805545807,0.4075826108455658,0.7568345069885254,8,0.2904263795369438,,0,1,interpolated,0.0,0.0,-0.2299999999999995,14.299999999999988,12.234285714285717,0.3980095386505127,0.4094466865062713,0.3081437625672731,0.3938351598671049,KEEP,observation_noise,0.0013011840041300745
2022-02-22,4.75,0.01,16.34,0.3933843970298767,0.406447172164917,0.7539146542549133,8,0.2727089965066146,,0,1,interpolated,0.0,0.0,0.5899999999999999,14.25999999999999,12.75,0.3948899805545807,0.4075826108455658,0.2904263795369438,0.3940540871644191,KEEP,observation_noise,0.0013011840041300745
2022-02-23,4.54,0.02,8.9,0.3950281739234924,0.4058904945850372,0.7570443153381348,8,0.2549916134762853,,0,1,interpolated,0.0,0.0,-0.2099999999999999,13.989999999999988,12.657142857142857,0.3933843970298767,0.406447172164917,0.2727089965066146,0.3919264904007162,KEEP,observation_noise,0.0013011840041300745
2022-02-24,4.48,0.0,19.1,0.3936136364936828,0.4053025841712951,0.7543483376502991,8,0.237274230445956,,0,1,interpolated,0.0,0.0,-0.0599999999999996,13.629999999999988,13.261428571428572,0.3950281739234924,0.4058904945850372,0.2549916134762853,0.3922062664743894,KEEP,observation_noise,0.0013011840041300745
2022-02-25,6.66,0.0,18.87,0.3936922550201416,0.4047531485557556,0.754490852355957,8,0.2195568474156268,0.2195568474156268,1,0,observed,0.9998996185504918,1.0,2.18,13.50999999999999,13.862857142857145,0.3936136364936828,0.4053025841712951,0.237274230445956,0.3929563526496395,KEEP,observation_noise,0.0013011840041300745
2022-02-26,9.23,0.0,17.36,0.3914661109447479,0.4041769802570343,0.7502154111862183,8,0.2184978182701928,,0,1,interpolated,0.0,0.0,2.5700000000000003,0.3699999999999893,15.60142857142857,0.3936922550201416,0.4047531485557556,0.2195568474156268,0.39178933263210186,KEEP,observation_noise,0.0013011840041300745
2022-02-27,8.88,0.01,19.51,0.3895407915115356,0.4034163057804107,0.7465288639068604,8,0.2174387891247589,,0,1,interpolated,0.0,0.0,-0.3499999999999996,0.0699999999999893,16.505714285714287,0.3914661109447479,0.4041769802570343,0.2184978182701928,0.39108913037463944,KEEP,observation_noise,0.0013011840041300745
2022-02-28,11.17,0.0,16.34,0.3865548372268677,0.4026409685611725,0.7408142685890198,8,0.216379759979325,,0,1,interpolated,0.0,0.0,2.289999999999999,0.0399999999999893,16.63142857142857,0.3895407915115356,0.4034163057804107,0.2174387891247589,0.3869715067700737,KEEP,observation_noise,0.0013011840041300745
2022-03-01,11.09,10.63,3.4,0.4057414829730987,0.4062524437904358,0.7775915265083313,8,0.215320730833891,,0,1,interpolated,0.0,0.0,-0.08,10.65999999999999,14.782857142857145,0.3865548372268677,0.4026409685611725,0.216379759979325,0.40619532364175065,KEEP,observation_noise,0.0013011840041300745
2022-03-02,9.33,0.0,18.24,0.3933684229850769,0.4045882821083069,0.753853976726532,8,0.2142617016884571,0.2142617016884571,1,0,observed,1.0,1.0,-1.7599999999999998,10.63999999999999,16.117142857142856,0.4057414829730987,0.4062524437904358,0.215320730833891,0.3922149282677373,KEEP,observation_noise,0.0013011840041300745
2022-03-03,9.31,0.0,19.29,0.3899399638175964,0.4031637907028198,0.7473723888397217,8,0.2105637609928456,,0,1,interpolated,0.0,0.0,-0.0199999999999995,10.63999999999999,16.144285714285715,0.3933684229850769,0.4045882821083069,0.2142617016884571,0.3894058555326181,KEEP,observation_noise,0.0013011840041300745
2022-03-04,9.96,0.02,7.48,0.3899499475955963,0.4024474322795868,0.7472944259643555,8,0.2068658202972342,,0,1,interpolated,0.0,0.0,0.6500000000000004,10.65999999999999,14.517142857142858,0.3899399638175964,0.4031637907028198,0.2105637609928456,0.39193477519174574,KEEP,observation_noise,0.0013011840041300745
2022-03-05,10.74,0.1,18.75,0.3885827958583832,0.4016002714633941,0.7447311878204346,8,0.2031678796016228,,0,1,interpolated,0.0,0.0,0.7799999999999994,10.75999999999999,14.715714285714286,0.3899499475955963,0.4024474322795868,0.2068658202972342,0.389088911007873,KEEP,observation_noise,0.0013011840041300745
2022-03-06,6.82,0.0,21.72,0.3861260116100311,0.4007248282432556,0.740023136138916,8,0.1994699389060113,,0,1,interpolated,0.0,0.0,-3.92,10.74999999999999,15.031428571428572,0.3885827958583832,0.4016002714633941,0.2031678796016228,0.38556752126129634,KEEP,observation_noise,0.0013011840041300745
2022-03-07,7.5,0.0,13.68,0.3872226476669311,0.4002248644828796,0.7420943975448608,8,0.1957719982103999,,0,1,interpolated,0.0,0.0,0.6799999999999997,10.74999999999999,14.65142857142857,0.3861260116100311,0.4007248282432556,0.1994699389060113,0.3878120218945693,KEEP,observation_noise,0.0013011840041300745
2022-03-08,10.02,0.0,19.9,0.3838781714439392,0.3995079696178436,0.7357358932495117,8,0.1920740575147885,,0,1,interpolated,0.0,0.0,2.52,0.1199999999999893,17.00857142857143,0.3872226476669311,0.4002248644828796,0.1957719982103999,0.3831001987821108,KEEP,observation_noise,0.0013011840041300745
2022-03-09,11.3,0.0,18.95,0.3826202154159546,0.3989092111587524,0.7332783341407776,8,0.188376116819177,,0,1,interpolated,0.0,0.0,1.2800000000000011,0.1199999999999893,17.109999999999996,0.3838781714439392,0.3995079696178436,0.1920740575147885,0.3829155372668753,KEEP,observation_noise,0.0013011840041300745
2022-03-10,11.04,0.0,18.52,0.3810708224773407,0.3981923460960388,0.7303145527839661,8,0.1846781761235656,,0,1,interpolated,0.0,0.0,-0.2600000000000015,0.1199999999999893,17.0,0.3826202154159546,0.3989092111587524,0.188376116819177,0.3802326800179635,KEEP,observation_noise,0.0013011840041300745
2022-03-11,13.33,0.07,15.69,0.3804397284984588,0.3975752592086792,0.7290688157081604,8,0.1809802354279542,,0,1,interpolated,0.0,0.0,2.290000000000001,0.1699999999999893,18.172857142857143,0.3810708224773407,0.3981923460960388,0.1846781761235656,0.3830897300819527,KEEP,observation_noise,0.0013011840041300745
2022-03-12,15.26,0.03,15.18,0.3811188042163849,0.3971751928329468,0.7303445339202881,8,0.1772822947323427,,0,1,interpolated,0.0,0.0,1.93,0.0999999999999893,17.662857142857142,0.3804397284984588,0.3975752592086792,0.1809802354279542,0.3794724807264082,KEEP,observation_noise,0.0013011840041300745
2022-03-13,15.13,0.6,8.87,0.3823068737983703,0.3969865441322326,0.7326440811157227,8,0.1735843540367313,,0,1,interpolated,0.0,0.0,-0.129999999999999,0.6999999999999893,15.827142857142857,0.3811188042163849,0.3971751928329468,0.1772822947323427,0.38219016429875463,KEEP,observation_noise,0.0013011840041300745
2022-03-14,15.68,4.07,12.62,0.3826201856136322,0.3967252373695373,0.7333519458770752,8,0.1698864133411198,,0,1,interpolated,0.0,0.0,0.5499999999999989,4.76999999999999,15.675714285714289,0.3823068737983703,0.3969865441322326,0.1735843540367313,0.3829139570121247,KEEP,observation_noise,0.0013011840041300745
2022-03-15,13.24,0.0,22.28,0.3791997730731964,0.3959610164165497,0.7266809940338135,8,0.1661884726455084,,0,1,interpolated,0.0,0.0,-2.4399999999999995,4.76999999999999,16.015714285714285,0.3826201856136322,0.3967252373695373,0.1698864133411198,0.38111427836161077,KEEP,observation_noise,0.0013011840041300745
2022-03-16,13.81,0.0,22.1,0.3780151903629303,0.3950715959072113,0.7244340181350708,8,0.162490531949897,,0,1,interpolated,0.0,0.0,0.5700000000000003,4.76999999999999,16.465714285714288,0.3791997730731964,0.3959610164165497,0.1661884726455084,0.37631511183241084,KEEP,observation_noise,0.0013011840041300745
2022-03-17,13.19,0.6,11.86,0.4041968584060669,0.3994495868682861,0.7745637893676758,8,0.1587925912542855,,0,1,interpolated,0.0,0.0,-0.620000000000001,5.369999999999989,15.514285714285714,0.3780151903629303,0.3950715959072113,0.162490531949897,0.4034322776514066,KEEP,observation_noise,0.0013011840041300745
2022-03-18,10.8,35.6,5.49,0.4185781478881836,0.4229640662670135,0.8020836710929871,8,0.1550946505586741,,0,1,interpolated,0.0,0.0,-2.389999999999999,40.89999999999999,14.057142857142855,0.4041968584060669,0.3994495868682861,0.1587925912542855,0.41863459419553567,KEEP,observation_noise,0.0013011840041300745
2022-03-19,10.3,4.81,7.87,0.4045736491680145,0.4120720624923706,0.7753199934959412,8,0.1513967098630627,,0,1,interpolated,0.0,0.0,-0.5,45.67999999999999,13.012857142857143,0.4185781478881836,0.4229640662670135,0.1550946505586741,0.4059962237857147,KEEP,observation_noise,0.0013011840041300745
2022-03-20,10.12,0.4,13.22,0.404957115650177,0.4089212119579315,0.7761282324790955,8,0.1476987691674512,,0,1,interpolated,0.0,0.0,-0.1800000000000015,45.47999999999999,13.634285714285712,0.4045736491680145,0.4120720624923706,0.1513967098630627,0.40852157155940044,KEEP,observation_noise,0.0013011840041300745
2022-03-21,11.42,4.88,12.58,0.4311074316501617,0.4188049733638763,0.8262507915496826,8,0.1440008284718398,,0,1,interpolated,0.0,0.0,1.3000000000000007,46.28999999999999,13.628571428571428,0.404957115650177,0.4089212119579315,0.1476987691674512,0.43028494205530976,KEEP,observation_noise,0.0013011840041300745
2022-03-22,9.82,13.68,16.21,0.4211441874504089,0.4297413229942322,0.8070349097251892,8,0.1403028877762283,0.1403028877762283,1,0,observed,1.0,1.0,-1.5999999999999996,59.96999999999999,12.761428571428572,0.4311074316501617,0.4188049733638763,0.1440008284718398,0.420853466204848,KEEP,observation_noise,0.0013011840041300745
2022-03-23,9.74,2.03,6.38,0.4193247854709625,0.4225691854953766,0.8036370873451233,8,0.1599239222441681,,0,1,interpolated,0.0,0.0,-0.08,61.99999999999999,10.515714285714283,0.4211441874504089,0.4297413229942322,0.1403028877762283,0.4223022491316238,KEEP,observation_noise,0.0013011840041300745
2022-03-24,11.76,0.0,20.56,0.4045309722423553,0.4176328778266907,0.775295615196228,8,0.1795449567121078,,0,1,interpolated,0.0,0.0,2.02,61.39999999999999,11.758571428571427,0.4193247854709625,0.4225691854953766,0.1599239222441681,0.4047114468128006,KEEP,observation_noise,0.0013011840041300745
2022-03-25,13.18,0.01,17.52,0.4093383252620697,0.4159320890903473,0.7845050096511841,8,0.1991659911800476,,0,1,interpolated,0.0,0.0,1.42,25.80999999999999,13.477142857142857,0.4045309722423553,0.4176328778266907,0.1795449567121078,0.40798971969539366,KEEP,observation_noise,0.0013011840041300745
2022-03-26,15.08,65.88,6.31,0.414465457201004,0.4189070463180542,0.7942936420440674,8,0.2187870256479873,,0,1,interpolated,0.0,0.0,1.9000000000000004,86.88,13.254285714285714,0.4093383252620697,0.4159320890903473,0.1991659911800476,0.4152653264319603,KEEP,observation_noise,0.0013011840041300745
2022-03-27,13.94,0.0,19.79,0.4020409286022186,0.4157526791095733,0.7704689502716064,8,0.2384080601159271,0.2384080601159271,1,0,observed,1.0,1.0,-1.1400000000000006,86.47999999999999,14.19285714285714,0.414465457201004,0.4189070463180542,0.2187870256479873,0.4022078533735887,KEEP,observation_noise,0.0013011840041300745
2022-03-28,11.79,0.0,12.79,0.402425080537796,0.4143294990062713,0.7712521553039551,8,0.2216240957529391,,0,1,interpolated,0.0,0.0,-2.1500000000000004,81.6,14.222857142857142,0.4020409286022186,0.4157526791095733,0.2384080601159271,0.4012988324925107,KEEP,observation_noise,0.0013011840041300745
2022-03-29,13.42,0.01,19.02,0.4009067416191101,0.4134418070316314,0.7682774066925049,8,0.2048401313899511,,0,1,interpolated,0.0,0.0,1.6300000000000008,67.92999999999999,14.624285714285714,0.402425080537796,0.4143294990062713,0.2216240957529391,0.40194264088500015,KEEP,observation_noise,0.0013011840041300745
2022-03-30,15.27,0.44,12.55,0.3997089862823486,0.412505179643631,0.7660303711891174,8,0.1880561670269631,,0,1,interpolated,0.0,0.0,1.85,66.34,15.505714285714284,0.4009067416191101,0.4134418070316314,0.2048401313899511,0.4005828424577887,KEEP,observation_noise,0.0013011840041300745
2022-03-31,13.74,7.53,6.37,0.408249944448471,0.4132489562034607,0.7824130058288574,8,0.171272202663975,,0,1,interpolated,0.0,0.0,-1.5299999999999994,73.87,13.478571428571428,0.3997089862823486,0.412505179643631,0.1880561670269631,0.40767823527955116,KEEP,observation_noise,0.0013011840041300745
2022-04-01,10.96,0.0,22.69,0.3980198502540588,0.4117437601089477,0.7627562880516052,8,0.154488238300987,0.154488238300987,1,0,observed,1.0,1.0,-2.78,73.86,14.21714285714286,0.408249944448471,0.4132489562034607,0.171272202663975,0.39970702246793877,KEEP,observation_noise,0.0013011840041300745
2022-04-02,10.06,0.0,21.06,0.3951131105422973,0.4103913009166717,0.7572271823883057,8,0.1551467885865464,,0,1,interpolated,0.0,0.0,-0.9000000000000004,7.98,16.324285714285715,0.3980198502540588,0.4117437601089477,0.154488238300987,0.3931140113747626,KEEP,observation_noise,0.0013011840041300745
2022-04-03,11.27,0.0,25.39,0.3923617899417877,0.4092461466789245,0.7519934773445129,8,0.1558053388721058,,0,1,interpolated,0.0,0.0,1.209999999999999,7.98,17.124285714285712,0.3951131105422973,0.4103913009166717,0.1551467885865464,0.3921828471008577,KEEP,observation_noise,0.0013011840041300745
2022-04-04,12.23,0.0,26.08,0.3909886479377746,0.4081804752349853,0.7492910027503967,8,0.1564638891576653,,0,1,interpolated,0.0,0.0,0.9600000000000009,7.98,19.02285714285714,0.3923617899417877,0.4092461466789245,0.1558053388721058,0.39108313943159156,KEEP,observation_noise,0.0013011840041300745
2022-04-05,13.57,0.0,21.64,0.3913792967796325,0.4072028398513794,0.7500641345977783,8,0.1571224394432247,,0,1,interpolated,0.0,0.0,1.34,7.970000000000001,19.397142857142857,0.3909886479377746,0.4081804752349853,0.1564638891576653,0.3934286229954823,KEEP,observation_noise,0.0013011840041300745
2022-04-06,14.6,0.0,22.87,0.3904581069946289,0.406412810087204,0.7483333945274353,8,0.1577809897287841,,0,1,interpolated,0.0,0.0,1.0299999999999994,7.53,20.87142857142857,0.3913792967796325,0.4072028398513794,0.1571224394432247,0.38946126661785224,KEEP,observation_noise,0.0013011840041300745
2022-04-07,14.72,0.0,22.06,0.3892551064491272,0.4053700268268585,0.7459858059883118,8,0.1584395400143435,,0,1,interpolated,0.0,0.0,0.120000000000001,0.0,23.11285714285714,0.3904581069946289,0.406412810087204,0.1577809897287841,0.3900152218657626,KEEP,observation_noise,0.0013011840041300745
2022-04-08,15.1,0.0,25.68,0.3831840753555298,0.4041199684143066,0.7343620657920837,8,0.1590980902999029,,0,1,interpolated,0.0,0.0,0.379999999999999,0.0,23.54,0.3892551064491272,0.4053700268268585,0.1584395400143435,0.38400342645315166,KEEP,observation_noise,0.0013011840041300745
2022-04-09,16.18,0.0,26.43,0.3800537884235382,0.4026983380317688,0.7283764481544495,8,0.1597566405854623,,0,1,interpolated,0.0,0.0,1.08,0.0,24.307142857142853,0.3831840753555298,0.4041199684143066,0.1590980902999029,0.38128881170628603,KEEP,observation_noise,0.0013011840041300745
2022-04-10,17.13,0.0,23.56,0.3790591955184936,0.4015524387359619,0.7264498472213745,8,0.1604151908710217,,0,1,interpolated,0.0,0.0,0.9499999999999992,0.0,24.045714285714286,0.3800537884235382,0.4026983380317688,0.1597566405854623,0.37999231309284154,KEEP,observation_noise,0.0013011840041300745
2022-04-11,16.83,0.83,9.08,0.4071192741394043,0.4047648012638092,0.7802736759185791,8,0.1610737411565811,,0,1,interpolated,0.0,0.0,-0.3000000000000007,0.83,21.617142857142856,0.3790591955184936,0.4015524387359619,0.1604151908710217,0.4078510266844635,KEEP,observation_noise,0.0013011840041300745
2022-04-12,18.59,0.18,18.14,0.3970807492733001,0.4060534536838531,0.7609722018241882,8,0.1617322914421405,,0,1,interpolated,0.0,0.0,1.7600000000000016,1.01,21.117142857142856,0.4071192741394043,0.4047648012638092,0.1610737411565811,0.39658148885672256,KEEP,observation_noise,0.0013011840041300745
2022-04-13,16.56,0.56,13.32,0.4119127690792084,0.4079602360725403,0.7894029021263123,8,0.1623908417276999,,0,1,interpolated,0.0,0.0,-2.030000000000001,1.57,19.752857142857145,0.3970807492733001,0.4060534536838531,0.1617322914421405,0.41287376215526855,KEEP,observation_noise,0.0013011840041300745
2022-04-14,15.23,29.67,5.2,0.4332811832427978,0.4270287752151489,0.8303527235984802,8,0.1630493920132593,,0,1,interpolated,0.0,0.0,-1.3299999999999983,31.24,17.344285714285714,0.4119127690792084,0.4079602360725403,0.1623908417276999,0.4344039337088211,KEEP,observation_noise,0.0013011840041300745
2022-04-15,13.58,0.82,8.33,0.4107044339179992,0.4187822341918945,0.7870692014694214,8,0.1637079422988187,,0,1,interpolated,0.0,0.0,-1.6500000000000004,32.06,14.865714285714288,0.4332811832427978,0.4270287752151489,0.1630493920132593,0.4125568807486803,KEEP,observation_noise,0.0013011840041300745
2022-04-16,12.83,0.0,25.05,0.4006279706954956,0.4133968949317932,0.7678020596504211,8,0.1643664925843782,0.1643664925843782,1,0,observed,1.0,1.0,-0.75,32.06,14.668571428571427,0.4107044339179992,0.4187822341918945,0.1637079422988187,0.39917523490755963,KEEP,observation_noise,0.0013011840041300745
2022-04-17,15.14,0.0,27.15,0.3925079703330993,0.4102257788181305,0.7522163391113281,8,0.1670804802576448,,0,1,interpolated,0.0,0.0,2.3100000000000005,32.06,15.181428571428572,0.4006279706954956,0.4133968949317932,0.1643664925843782,0.3916384020575615,KEEP,observation_noise,0.0013011840041300745
2022-04-18,16.02,0.0,15.04,0.3950106501579284,0.4090857803821563,0.7569979429244995,8,0.1697944679309115,,0,1,interpolated,0.0,0.0,0.879999999999999,31.230000000000004,16.032857142857143,0.3925079703330993,0.4102257788181305,0.1670804802576448,0.39544557223223026,KEEP,observation_noise,0.0013011840041300745
2022-04-19,16.9,0.0,24.16,0.388222873210907,0.4075070917606354,0.7439849972724915,8,0.1725084556041782,,0,1,interpolated,0.0,0.0,0.879999999999999,31.05,16.892857142857142,0.3950106501579284,0.4090857803821563,0.1697944679309115,0.38878744181502817,KEEP,observation_noise,0.0013011840041300745
2022-04-20,17.8,0.0,25.96,0.3825497329235077,0.4056253433227539,0.7331005334854126,8,0.1752224432774449,,0,1,interpolated,0.0,0.0,0.9000000000000021,30.49,18.698571428571427,0.388222873210907,0.4075070917606354,0.1725084556041782,0.38320622282712324,KEEP,observation_noise,0.0013011840041300745
2022-04-21,15.41,12.19,5.65,0.4267571866512298,0.4183534383773803,0.817841649055481,8,0.1779364309507115,,0,1,interpolated,0.0,0.0,-2.390000000000001,13.01,18.762857142857143,0.3825497329235077,0.4056253433227539,0.1752224432774449,0.425655144852827,KEEP,observation_noise,0.0013011840041300745
2022-04-22,16.91,0.02,25.34,0.4021146297454834,0.4150444269180298,0.7706783413887024,8,0.1806504186239782,,0,1,interpolated,0.0,0.0,1.5,12.21,21.192857142857143,0.4267571866512298,0.4183534383773803,0.1779364309507115,0.40099519248467436,KEEP,observation_noise,0.0013011840041300745
2022-04-23,17.59,0.83,6.25,0.4220248162746429,0.4170283675193786,0.8088109493255615,8,0.1833644062972449,,0,1,interpolated,0.0,0.0,0.6799999999999997,13.04,18.50714285714286,0.4021146297454834,0.4150444269180298,0.1806504186239782,0.4220223315477959,KEEP,observation_noise,0.0013011840041300745
2022-04-24,18.06,7.81,17.25,0.4107022881507873,0.4206166863441467,0.7871046662330627,8,0.1860783939705116,,0,1,interpolated,0.0,0.0,0.4699999999999988,20.85,17.092857142857145,0.4220248162746429,0.4170283675193786,0.1833644062972449,0.4133139661075435,KEEP,observation_noise,0.0013011840041300745
2022-04-25,19.55,0.19,23.46,0.4049995839595794,0.4156981408596039,0.7761358618736267,8,0.1887923816437782,,0,1,interpolated,0.0,0.0,1.490000000000002,21.04,18.295714285714286,0.4107022881507873,0.4206166863441467,0.1860783939705116,0.4040825981960908,KEEP,observation_noise,0.0013011840041300745
2022-04-26,20.37,55.13,3.5,0.4536703526973724,0.4406757354736328,0.8694344758987427,8,0.1915063693170449,,0,1,interpolated,0.0,0.0,0.8200000000000003,76.17,15.344285714285716,0.4049995839595794,0.4156981408596039,0.1887923816437782,0.4516128587693533,KEEP,observation_noise,0.0013011840041300745
2022-04-27,17.84,1.55,17.97,0.4223001897335052,0.435370922088623,0.8093069791793823,8,0.1942203569903116,,0,1,interpolated,0.0,0.0,-2.530000000000001,77.72,14.202857142857145,0.4536703526973724,0.4406757354736328,0.1915063693170449,0.4222625275212557,KEEP,observation_noise,0.0013011840041300745
2022-04-28,17.65,0.02,24.82,0.4184599220752716,0.4281939268112182,0.8019720911979675,8,0.1969343446635783,,0,1,interpolated,0.0,0.0,-0.1900000000000012,65.55,16.94142857142857,0.4223001897335052,0.435370922088623,0.1942203569903116,0.4186792759291908,KEEP,observation_noise,0.0013011840041300745
2022-04-29,15.04,55.92,6.21,0.4284981191158294,0.4341021180152893,0.8212043642997742,8,0.1996483323368449,,0,1,interpolated,0.0,0.0,-2.6099999999999994,121.45000000000002,14.208571428571428,0.4184599220752716,0.4281939268112182,0.1969343446635783,0.4293417880754894,KEEP,observation_noise,0.0013011840041300745
2022-04-30,14.0,0.03,25.2,0.4157189428806305,0.4285368919372558,0.7967683672904968,8,0.2023623200101116,,0,1,interpolated,0.0,0.0,-1.0399999999999991,120.65,16.915714285714287,0.4284981191158294,0.4341021180152893,0.1996483323368449,0.412437117141085,KEEP,observation_noise,0.0013011840041300745
2022-05-01,15.33,0.24,18.88,0.4113103449344635,0.4259862303733825,0.7883011698722839,8,0.2050763076833783,,0,1,interpolated,0.0,0.0,1.33,113.08,17.148571428571426,0.4157189428806305,0.4285368919372558,0.2023623200101116,0.40832039729546643,KEEP,observation_noise,0.0013011840041300745
2022-05-02,16.01,1.51,24.54,0.408123254776001,0.423593521118164,0.7822139263153076,8,0.207790295356645,,0,1,interpolated,0.0,0.0,0.6800000000000015,114.4,17.302857142857142,0.4113103449344635,0.4259862303733825,0.2050763076833783,0.4096139293562783,KEEP,observation_noise,0.0013011840041300745
2022-05-03,15.27,0.93,28.35,0.4041988253593445,0.4215331971645355,0.7746154069900513,8,0.2105042830299116,,0,1,interpolated,0.0,0.0,-0.740000000000002,60.2,20.852857142857143,0.408123254776001,0.423593521118164,0.207790295356645,0.40267047377091625,KEEP,observation_noise,0.0013011840041300745
2022-05-04,17.54,0.0,27.58,0.4001269340515136,0.4195708632469177,0.7668414115905762,8,0.2132182707031783,,0,1,interpolated,0.0,0.0,2.27,58.650000000000006,22.22571428571428,0.4041988253593445,0.4215331971645355,0.2105042830299116,0.4015742451958684,KEEP,observation_noise,0.0013011840041300745
2022-05-05,19.15,0.0,24.54,0.3963713049888611,0.4176496863365173,0.7596154808998108,8,0.215932258376445,,0,1,interpolated,0.0,0.0,1.6099999999999994,58.63,22.185714285714287,0.4001269340515136,0.4195708632469177,0.2132182707031783,0.3960572882364327,KEEP,observation_noise,0.0013011840041300745
2022-05-06,19.59,0.07,15.14,0.4023522436618805,0.4171237349510193,0.7710714340209961,8,0.2186462460497117,,0,1,interpolated,0.0,0.0,0.4400000000000013,2.78,23.46142857142857,0.3963713049888611,0.4176496863365173,0.215932258376445,0.40242052223979635,KEEP,observation_noise,0.0013011840041300745
2022-05-07,19.25,0.02,22.72,0.4002305865287781,0.4160099029541015,0.7669659852981567,8,0.2213602337229784,,0,1,interpolated,0.0,0.0,-0.3399999999999998,2.7700000000000005,23.107142857142858,0.4023522436618805,0.4171237349510193,0.2186462460497117,0.39895272734033976,KEEP,observation_noise,0.0013011840041300745
2022-05-08,17.55,0.01,24.59,0.3963944911956787,0.4145736694335937,0.7597228288650513,8,0.224074221396245,,0,1,interpolated,0.0,0.0,-1.6999999999999993,2.54,23.922857142857143,0.4002305865287781,0.4160099029541015,0.2213602337229784,0.39646703000796857,KEEP,observation_noise,0.0013011840041300745
2022-05-09,17.48,0.01,19.22,0.3957222402095794,0.413174569606781,0.7583564519882202,8,0.2267882090695117,,0,1,interpolated,0.0,0.0,-0.0700000000000002,1.04,23.162857142857145,0.3963944911956787,0.4145736694335937,0.224074221396245,0.39280763379572975,KEEP,observation_noise,0.0013011840041300745
2022-05-10,18.27,0.42,16.91,0.4075081646442413,0.4140211045742035,0.7809988260269165,8,0.2295021967427784,,0,1,interpolated,0.0,0.0,0.7899999999999991,0.53,21.52857142857143,0.3957222402095794,0.413174569606781,0.2267882090695117,0.40710783487412966,KEEP,observation_noise,0.0013011840041300745
2022-05-11,19.87,5.85,11.73,0.411165326833725,0.418032556772232,0.7880279421806335,8,0.232216184416045,,0,1,interpolated,0.0,0.0,1.6000000000000014,6.38,19.264285714285712,0.4075081646442413,0.4140211045742035,0.2295021967427784,0.4114518509848802,KEEP,observation_noise,0.0013011840041300745
2022-05-12,19.34,9.47,10.45,0.4227823615074157,0.4204351305961609,0.810237467288971,8,0.2349301720893117,,0,1,interpolated,0.0,0.0,-0.5300000000000011,15.85,17.251428571428573,0.411165326833725,0.418032556772232,0.232216184416045,0.42343917403765036,KEEP,observation_noise,0.0013011840041300745
2022-05-13,18.23,28.44,5.06,0.4450730979442596,0.4361646175384521,0.8529182076454163,8,0.2376441597625784,,0,1,interpolated,0.0,0.0,-1.1099999999999994,44.22,15.811428571428571,0.4227823615074157,0.4204351305961609,0.2349301720893117,0.4443503914022445,KEEP,observation_noise,0.0013011840041300745
2022-05-14,17.55,0.74,24.53,0.4160538017749786,0.4293647110462188,0.7973065376281738,8,0.2403581474358451,,0,1,interpolated,0.0,0.0,-0.6799999999999997,44.94,16.07,0.4450730979442596,0.4361646175384521,0.2376441597625784,0.416928192073585,KEEP,observation_noise,0.0013011840041300745
2022-05-15,17.23,0.0,13.15,0.4123333394527435,0.4246110022068023,0.7901174426078796,8,0.2430721351091118,,0,1,interpolated,0.0,0.0,-0.3200000000000003,44.93,14.435714285714283,0.4160538017749786,0.4293647110462188,0.2403581474358451,0.4147792375102888,KEEP,observation_noise,0.0013011840041300745
2022-05-16,17.57,0.0,21.41,0.4069690704345703,0.4221266210079193,0.7799031734466553,8,0.2457861227823784,,0,1,interpolated,0.0,0.0,0.3399999999999998,44.92,14.748571428571427,0.4123333394527435,0.4246110022068023,0.2430721351091118,0.40743686565108744,KEEP,observation_noise,0.0013011840041300745
2022-05-17,19.18,0.0,27.33,0.3973719775676727,0.4192310869693756,0.7615033388137817,8,0.1565382292135402,,0,1,climatology,0.0,0.0,1.6099999999999994,44.5,16.237142857142857,0.4069690704345703,0.4221266210079193,0.2457861227823784,0.3963236964422716,KEEP,observation_noise,0.0013011840041300745
2022-05-18,19.83,0.0,29.04,0.3917929530143738,0.4165904521942138,0.7509124279022217,8,0.1692551087611437,,0,1,climatology,0.0,0.0,0.6499999999999986,38.65,18.71,0.3973719775676727,0.4192310869693756,0.1565382292135402,0.3919830237137449,KEEP,observation_noise,0.0013011840041300745
2022-05-19,19.54,0.0,17.21,0.3973453044891357,0.4154937267303467,0.7614750862121582,8,0.1819719883087473,,0,1,climatology,0.0,0.0,-0.2899999999999991,29.18,19.675714285714285,0.3917929530143738,0.4165904521942138,0.1692551087611437,0.3964269050780456,KEEP,observation_noise,0.0013011840041300745
2022-05-20,19.25,0.03,11.63,0.4053325951099396,0.4159725904464721,0.7768447399139404,8,0.1946888678563509,,0,1,climatology,0.0,0.0,-0.2899999999999991,0.7699999999999965,20.61428571428571,0.3973453044891357,0.4154937267303467,0.1819719883087473,0.40748111468556436,KEEP,observation_noise,0.0013011840041300745
2022-05-21,19.5,0.02,25.41,0.3946506083011627,0.4140368402004242,0.7563642263412476,8,0.2593560611487118,0.2593560611487118,1,0,observed,1.0,1.0,0.25,0.0499999999999964,20.74,0.4053325951099396,0.4159725904464721,0.1946888678563509,0.3946188061206556,KEEP,observation_noise,0.0013011840041300745
2022-05-22,20.37,0.01,27.01,0.3919189572334289,0.4122018218040466,0.7511330246925354,8,0.2687568008337817,,0,1,interpolated,0.0,0.0,0.870000000000001,0.0599999999999964,22.72,0.3946506083011627,0.4140368402004242,0.2593560611487118,0.39110692877950587,KEEP,observation_noise,0.0013011840041300745
2022-05-23,20.7,0.01,16.83,0.3916234672069549,0.4108001589775085,0.7505239248275757,8,0.2781575405188516,,0,1,interpolated,0.0,0.0,0.3299999999999983,0.0699999999999964,22.06571428571428,0.3919189572334289,0.4122018218040466,0.2687568008337817,0.39042553975947003,KEEP,observation_noise,0.0013011840041300745
2022-05-24,22.02,0.19,25.97,0.3874881267547607,0.4088410437107086,0.7426361441612244,8,0.2875582802039215,,0,1,interpolated,0.0,0.0,1.3200000000000005,0.2599999999999964,21.87142857142857,0.3916234672069549,0.4108001589775085,0.2781575405188516,0.38523402778685767,KEEP,observation_noise,0.0013011840041300745
2022-05-25,22.19,0.11,23.58,0.3864964842796325,0.4073371887207031,0.7407065033912659,8,0.2969590198889914,,0,1,interpolated,0.0,0.0,0.1700000000000017,0.3699999999999964,21.09142857142857,0.3874881267547607,0.4088410437107086,0.2875582802039215,0.3873164428061696,KEEP,observation_noise,0.0013011840041300745
2022-05-26,20.58,2.67,7.33,0.409281849861145,0.4101934731006622,0.7842923402786255,8,0.3063597595740613,,0,1,interpolated,0.0,0.0,-1.610000000000003,3.0399999999999965,19.68,0.3864964842796325,0.4073371887207031,0.2969590198889914,0.4075191505351297,KEEP,observation_noise,0.0013011840041300745
2022-05-27,20.84,0.02,29.19,0.3947469890117645,0.4088511168956756,0.7565098404884338,8,0.3157604992591312,,0,1,interpolated,0.0,0.0,0.2600000000000015,3.0299999999999967,22.18857142857143,0.409281849861145,0.4101934731006622,0.3063597595740613,0.3953374487358107,KEEP,observation_noise,0.0013011840041300745
2022-05-28,21.28,0.0,23.96,0.3882780373096466,0.4065369963645935,0.7441408038139343,8,0.3251612389442011,,0,1,interpolated,0.0,0.0,0.4400000000000013,3.0099999999999967,21.981428571428573,0.3947469890117645,0.4088511168956756,0.3157604992591312,0.3896554416390909,KEEP,observation_noise,0.0013011840041300745
2022-05-29,22.24,0.03,25.64,0.3805223107337951,0.4040081202983856,0.7292377352714539,8,0.334561978629271,,0,1,interpolated,0.0,0.0,0.9599999999999972,3.0299999999999963,21.785714285714285,0.3882780373096466,0.4065369963645935,0.3251612389442011,0.3807893365760552,KEEP,observation_noise,0.0013011840041300745
2022-05-30,20.67,8.12,8.04,0.3949531316757202,0.4047429859638214,0.7568759918212891,8,0.3439627183143409,,0,1,interpolated,0.0,0.0,-1.5699999999999967,11.139999999999995,20.53,0.3805223107337951,0.4040081202983856,0.334561978629271,0.39438220222135917,KEEP,observation_noise,0.0013011840041300745
2022-05-31,21.17,0.49,23.56,0.389139175415039,0.4036974608898163,0.7457792162895203,8,0.3533634579994108,,0,1,interpolated,0.0,0.0,0.5,11.439999999999996,20.185714285714283,0.3949531316757202,0.4047429859638214,0.3439627183143409,0.39111039547966886,KEEP,observation_noise,0.0013011840041300745
2022-06-01,21.18,0.07,19.38,0.3838090002536773,0.4022526443004608,0.735541820526123,8,0.3627641976844807,,0,1,interpolated,0.0,0.0,0.009999999999998,11.399999999999997,19.585714285714285,0.389139175415039,0.4036974608898163,0.3533634579994108,0.3838929952761752,KEEP,observation_noise,0.0013011840041300745
2022-06-02,20.92,0.1,28.61,0.3776882588863373,0.400455892086029,0.7238227725028992,8,0.3721649373695506,,0,1,interpolated,0.0,0.0,-0.259999999999998,8.829999999999995,22.625714285714285,0.3838090002536773,0.4022526443004608,0.3627641976844807,0.37831420244355196,KEEP,observation_noise,0.0013011840041300745
2022-06-03,20.8,0.06,28.19,0.3773195445537567,0.3991393446922302,0.7230782508850098,8,0.3815656770546205,,0,1,interpolated,0.0,0.0,-0.120000000000001,8.869999999999996,22.482857142857146,0.3776882588863373,0.400455892086029,0.3721649373695506,0.3770203921828602,KEEP,observation_noise,0.0013011840041300745
2022-06-04,22.06,0.01,24.74,0.3885751962661743,0.3994513154029846,0.744702160358429,8,0.3909664167396904,,0,1,interpolated,0.0,0.0,1.259999999999998,8.879999999999995,22.594285714285714,0.3773195445537567,0.3991393446922302,0.3815656770546205,0.3910873868777398,KEEP,observation_noise,0.0013011840041300745
2022-06-05,20.64,44.8,4.19,0.4366561472415924,0.4204785525798797,0.8368135094642639,8,0.4003671564247603,,0,1,interpolated,0.0,0.0,-1.4199999999999982,53.64999999999999,19.53,0.3885751962661743,0.3994513154029846,0.3909664167396904,0.43673547611615654,KEEP,observation_noise,0.0013011840041300745
2022-06-06,20.1,21.45,17.65,0.4086551070213318,0.4191679954528808,0.7831723093986511,8,0.4097678961098302,,0,1,interpolated,0.0,0.0,-0.5399999999999991,66.97999999999999,20.90285714285714,0.4366561472415924,0.4204785525798797,0.4003671564247603,0.4094320916317026,KEEP,observation_noise,0.0013011840041300745
2022-06-07,19.48,0.72,23.22,0.3921319246292114,0.4108819961547851,0.7515047192573547,8,0.4191686357949,,0,1,interpolated,0.0,0.0,-0.620000000000001,67.21,20.854285714285712,0.4086551070213318,0.4191679954528808,0.4097678961098302,0.39352869598040047,KEEP,observation_noise,0.0013011840041300745
2022-06-08,19.75,0.14,26.99,0.387455016374588,0.4069902300834656,0.7425516843795776,8,0.42856937547997,,0,1,interpolated,0.0,0.0,0.2699999999999996,67.27999999999999,21.94142857142857,0.3921319246292114,0.4108819961547851,0.4191686357949,0.38576154918014083,KEEP,observation_noise,0.0013011840041300745
2022-06-09,20.76,0.0,25.68,0.383497416973114,0.4044630527496338,0.7349697351455688,8,0.4379701151650398,,0,1,interpolated,0.0,0.0,1.0100000000000016,67.17999999999999,21.52285714285714,0.387455016374588,0.4069902300834656,0.42856937547997,0.38353155608766276,KEEP,observation_noise,0.0013011840041300745
2022-06-10,22.38,4.02,17.22,0.4076847732067108,0.4069036245346069,0.7813107967376709,8,0.4473708548501097,,0,1,interpolated,0.0,0.0,1.6199999999999974,71.14,19.955714285714286,0.383497416973114,0.4044630527496338,0.4379701151650398,0.41024625655557667,KEEP,observation_noise,0.0013011840041300745
2022-06-11,21.13,11.2,9.96,0.4158264696598053,0.4130513966083526,0.7969135046005249,8,0.4567715945351797,,0,1,interpolated,0.0,0.0,-1.25,82.32999999999998,17.844285714285714,0.4076847732067108,0.4069036245346069,0.4473708548501097,0.41337421629133403,KEEP,observation_noise,0.0013011840041300745
2022-06-12,20.99,0.06,20.38,0.3978348076343536,0.4091688692569732,0.7623991966247559,8,0.4661723342202495,,0,1,interpolated,0.0,0.0,-0.1400000000000005,37.58999999999999,20.15714285714285,0.4158264696598053,0.4130513966083526,0.4567715945351797,0.39725165021854375,KEEP,observation_noise,0.0013011840041300745
2022-06-13,20.76,4.74,7.13,0.4294098019599914,0.4185108542442322,0.8229741454124451,8,0.4755730739053194,,0,1,interpolated,0.0,0.0,-0.2299999999999968,20.879999999999992,18.65428571428572,0.3978348076343536,0.4091688692569732,0.4661723342202495,0.43056048088225535,KEEP,observation_noise,0.0013011840041300745
2022-06-14,20.64,8.57,7.51,0.4285994172096252,0.4248000681400299,0.821406900882721,8,0.4849738135903894,,0,1,interpolated,0.0,0.0,-0.120000000000001,28.729999999999997,16.41,0.4294098019599914,0.4185108542442322,0.4755730739053194,0.42917269141832654,KEEP,observation_noise,0.0013011840041300745
2022-06-15,22.13,1.21,19.76,0.4101570248603821,0.419725239276886,0.786064088344574,8,0.4943745532754592,,0,1,interpolated,0.0,0.0,1.4899999999999984,29.799999999999997,15.377142857142855,0.4285994172096252,0.4248000681400299,0.4849738135903894,0.4111808735934897,KEEP,observation_noise,0.0013011840041300745
2022-06-16,22.73,0.68,23.73,0.3974119126796722,0.4145293235778808,0.7616057395935059,8,0.5037752929605291,,0,1,interpolated,0.0,0.0,0.6000000000000014,30.479999999999997,15.098571428571429,0.4101570248603821,0.419725239276886,0.4943745532754592,0.3966358815161794,KEEP,observation_noise,0.0013011840041300745
2022-06-17,23.75,0.82,21.64,0.3916848301887512,0.4114442467689514,0.7506723403930664,8,0.513176032645599,,0,1,interpolated,0.0,0.0,1.0199999999999996,27.279999999999998,15.73,0.3974119126796722,0.4145293235778808,0.5037752929605291,0.3917466320796816,KEEP,observation_noise,0.0013011840041300745
2022-06-18,23.67,0.31,22.84,0.3897343873977661,0.4094645380973816,0.7468812465667725,8,0.5225767723306689,,0,1,interpolated,0.0,0.0,-0.0799999999999983,16.389999999999993,17.57,0.3916848301887512,0.4114442467689514,0.513176032645599,0.3899853815823815,KEEP,observation_noise,0.0013011840041300745
2022-06-19,24.14,0.05,19.26,0.3914028108119964,0.4081073105335235,0.750080943107605,8,0.5319775120157388,,0,1,interpolated,0.0,0.0,0.4699999999999988,16.379999999999995,17.41,0.3897343873977661,0.4094645380973816,0.5225767723306689,0.3920638189367501,KEEP,observation_noise,0.0013011840041300745
2022-06-20,24.03,1.16,11.99,0.4221135377883911,0.4149336814880371,0.8089475035667419,8,0.5413782517008088,,0,1,interpolated,0.0,0.0,-0.1099999999999994,12.799999999999994,18.10428571428572,0.3914028108119964,0.4081073105335235,0.5319775120157388,0.42041290203365134,KEEP,observation_noise,0.0013011840041300745
2022-06-21,24.28,12.89,12.12,0.4127716720104217,0.4181240797042846,0.7910272479057312,8,0.3329735379014635,,0,1,climatology,0.0,0.0,0.25,17.119999999999994,18.762857142857143,0.4221135377883911,0.4149336814880371,0.5413782517008088,0.41232695459873747,KEEP,observation_noise,0.0013011840041300745
2022-06-22,24.59,1.21,17.13,0.4014231562614441,0.4136704206466675,0.7693553566932678,8,0.3665748835292462,,0,1,climatology,0.0,0.0,0.3099999999999987,17.119999999999994,18.38714285714286,0.4127716720104217,0.4181240797042846,0.3329735379014635,0.40143581465333983,KEEP,observation_noise,0.0013011840041300745
2022-06-23,25.94,0.55,19.88,0.3960241675376892,0.4109938144683838,0.758892834186554,8,0.4001762291570289,,0,1,climatology,0.0,0.0,1.3500000000000014,16.989999999999995,17.837142857142858,0.4014231562614441,0.4136704206466675,0.3665748835292462,0.3937639173237629,KEEP,observation_noise,0.0013011840041300745
2022-06-24,25.62,12.0,11.47,0.4071362912654876,0.4108762145042419,0.7802008390426636,8,0.4337775747848116,,0,1,climatology,0.0,0.0,-0.3200000000000003,28.169999999999995,16.384285714285713,0.3960241675376892,0.4109938144683838,0.4001762291570289,0.4083808510283048,KEEP,observation_noise,0.0013011840041300745
2022-06-25,24.26,17.64,4.9,0.4411657452583313,0.4295542538166046,0.8454655408859253,8,0.4673789204125942,,0,1,climatology,0.0,0.0,-1.3599999999999994,45.5,13.821428571428571,0.4071362912654876,0.4108762145042419,0.4337775747848116,0.4387990111425939,KEEP,observation_noise,0.0013011840041300745
2022-06-26,25.16,3.09,19.58,0.4082465767860412,0.4222801327705383,0.7824439406394958,8,0.5009802660403769,,0,1,climatology,0.0,0.0,0.8999999999999986,48.54,13.867142857142856,0.4411657452583313,0.4295542538166046,0.4673789204125942,0.4084979974868497,KEEP,observation_noise,0.0013011840041300745
2022-06-27,25.99,2.09,20.9,0.3993318974971771,0.4166411757469177,0.7653523683547974,8,0.5345816116681597,,0,1,climatology,0.0,0.0,0.8299999999999983,49.47,15.14,0.4082465767860412,0.4222801327705383,0.5009802660403769,0.4011026907244358,KEEP,observation_noise,0.0013011840041300745
2022-06-28,26.57,0.02,24.11,0.3943012356758117,0.4131762385368347,0.7556929588317871,8,0.5681829572959423,,0,1,climatology,0.0,0.0,0.5800000000000018,36.6,16.852857142857143,0.3993318974971771,0.4166411757469177,0.5345816116681597,0.395560027012583,KEEP,observation_noise,0.0013011840041300745
2022-06-29,26.79,0.0,27.28,0.3907048106193542,0.4104504883289337,0.7487748861312866,8,0.601784302923725,,0,1,climatology,0.0,0.0,0.2199999999999988,35.38999999999999,18.302857142857142,0.3943012356758117,0.4131762385368347,0.5681829572959423,0.3906645676038355,KEEP,observation_noise,0.0013011840041300745
2022-06-30,27.11,0.02,28.92,0.3834975361824035,0.4076125025749206,0.7350409030914307,8,0.6353856485515077,0.6353856485515077,1,0,observed,1.0,2.0,0.3200000000000003,34.86,19.594285714285714,0.3907048106193542,0.4104504883289337,0.601784302923725,0.3822628192651496,KEEP,observation_noise,0.0013011840041300745
2022-07-01,27.58,0.02,29.27,0.3812459409236908,0.4057354032993316,0.73065584897995,8,0.6250564026455412,,0,1,interpolated,0.0,0.0,0.4699999999999988,22.879999999999995,22.13714285714286,0.3834975361824035,0.4076125025749206,0.6353856485515077,0.3817176965174337,KEEP,observation_noise,0.0013011840041300745
2022-07-02,27.01,0.05,25.44,0.3826132714748382,0.4041153788566589,0.7332382202148438,8,0.6147271567395747,,0,1,interpolated,0.0,0.0,-0.5699999999999967,5.2899999999999965,25.071428571428573,0.3812459409236908,0.4057354032993316,0.6250564026455412,0.3820266071640514,KEEP,observation_noise,0.0013011840041300745
2022-07-03,27.54,2.37,16.97,0.3882668316364288,0.4033889174461365,0.7441439032554626,8,0.6043979108336083,,0,1,interpolated,0.0,0.0,0.5299999999999976,4.569999999999997,24.69857142857143,0.3826132714748382,0.4041153788566589,0.6147271567395747,0.3875046117505795,KEEP,observation_noise,0.0013011840041300745
2022-07-04,26.64,7.22,16.78,0.3927352428436279,0.4033500850200653,0.7526537179946899,8,0.5940686649276418,,0,1,interpolated,0.0,0.0,-0.8999999999999986,9.699999999999996,24.110000000000003,0.3882668316364288,0.4033889174461365,0.6043979108336083,0.3923316589058785,KEEP,observation_noise,0.0013011840041300745
2022-07-05,26.39,6.56,11.52,0.4007592499256134,0.403997391462326,0.7680132389068604,8,0.5837394190216753,,0,1,interpolated,0.0,0.0,-0.25,16.239999999999995,22.31142857142857,0.3927352428436279,0.4033500850200653,0.5940686649276418,0.4002956695063366,KEEP,observation_noise,0.0013011840041300745
2022-07-06,26.4,4.38,15.05,0.3940027952194214,0.4034637808799743,0.7550471425056458,8,0.5734101731157087,,0,1,interpolated,0.0,0.0,0.009999999999998,20.62,20.564285714285717,0.4007592499256134,0.403997391462326,0.5837394190216753,0.3933090486968252,KEEP,observation_noise,0.0013011840041300745
2022-07-07,27.4,4.74,22.56,0.3910525143146515,0.4019781947135925,0.7494640350341797,8,0.5630809272097422,,0,1,interpolated,0.0,0.0,1.0,25.34,19.65571428571429,0.3940027952194214,0.4034637808799743,0.5734101731157087,0.3896340999593602,KEEP,observation_noise,0.0013011840041300745
2022-07-08,27.32,9.56,18.35,0.4063902199268341,0.4038043320178985,0.7788197994232178,8,0.5527516813037758,,0,1,interpolated,0.0,0.0,-0.0799999999999983,34.879999999999995,18.095714285714287,0.3910525143146515,0.4019781947135925,0.5630809272097422,0.4066867919591257,KEEP,observation_noise,0.0013011840041300745
2022-07-09,27.03,14.76,24.71,0.3909141421318054,0.4029401540756225,0.7491409182548523,8,0.5424224353978093,,0,1,interpolated,0.0,0.0,-0.2899999999999991,49.58999999999999,17.99142857142857,0.4063902199268341,0.4038043320178985,0.5527516813037758,0.3908189284680506,KEEP,observation_noise,0.0013011840041300745
2022-07-10,26.58,0.3,21.45,0.3816266059875488,0.4003395736217499,0.7313527464866638,8,0.5320931894918428,0.5320931894918428,1,0,observed,1.0,2.0,-0.4500000000000028,47.52,18.63142857142857,0.3909141421318054,0.4029401540756225,0.5424224353978093,0.382768173628991,KEEP,observation_noise,0.0013011840041300745
2022-07-11,27.15,8.62,16.15,0.3818243443965912,0.3988118469715118,0.731715202331543,8,0.5427980864978319,,0,1,interpolated,0.0,0.0,0.5700000000000003,48.92,18.54142857142857,0.3816266059875488,0.4003395736217499,0.5320931894918428,0.38398030076876577,KEEP,observation_noise,0.0013011840041300745
2022-07-12,26.18,0.84,16.08,0.3892951011657715,0.3988324403762817,0.7461251616477966,8,0.5535029835038209,,0,1,interpolated,0.0,0.0,-0.9699999999999988,43.2,19.192857142857143,0.3818243443965912,0.3988118469715118,0.5427980864978319,0.3909503793305016,KEEP,observation_noise,0.0013011840041300745
2022-07-13,26.35,0.01,18.7,0.3832863569259643,0.3975311815738678,0.7345670461654663,8,0.56420788050981,,0,1,interpolated,0.0,0.0,0.1700000000000017,38.83,19.714285714285715,0.3892951011657715,0.3988324403762817,0.5535029835038209,0.3850001237394404,KEEP,observation_noise,0.0013011840041300745
2022-07-14,27.74,4.54,12.5,0.4080450534820556,0.4018323421478271,0.781969428062439,8,0.574912777515799,,0,1,interpolated,0.0,0.0,1.389999999999997,38.63,18.277142857142856,0.3832863569259643,0.3975311815738678,0.56420788050981,0.4089767779699469,KEEP,observation_noise,0.0013011840041300745
2022-07-15,27.41,39.53,10.54,0.3953031003475189,0.4022944867610931,0.7575607895851135,8,0.585617674521788,,0,1,interpolated,0.0,0.0,-0.3299999999999983,68.6,17.16142857142857,0.4080450534820556,0.4018323421478271,0.574912777515799,0.3958059131792464,KEEP,observation_noise,0.0013011840041300745
2022-07-16,26.73,7.5,18.88,0.3819146454334259,0.3988493084907532,0.73195481300354,8,0.5963225715277771,,0,1,interpolated,0.0,0.0,-0.6799999999999997,61.34,16.32857142857143,0.3953031003475189,0.4022944867610931,0.585617674521788,0.38144985683850086,KEEP,observation_noise,0.0013011840041300745
2022-07-17,26.45,2.54,15.27,0.3907252550125122,0.3980112671852112,0.7488573789596558,8,0.6070274685337661,,0,1,interpolated,0.0,0.0,-0.2800000000000011,63.58,15.445714285714285,0.3819146454334259,0.3988493084907532,0.5963225715277771,0.39071134857463913,KEEP,observation_noise,0.0013011840041300745
2022-07-18,26.89,39.83,8.63,0.4821662008762359,0.4462986588478088,0.9240597486495972,8,0.6177323655397552,,0,1,interpolated,0.0,0.0,0.4400000000000013,94.79,14.371428571428572,0.3907252550125122,0.3980112671852112,0.6070274685337661,0.4804356479136191,KEEP,observation_noise,0.0013011840041300745
2022-07-19,27.03,69.7,11.59,0.4487615525722503,0.4609703421592712,0.8600267767906189,8,0.6284372625457442,,0,1,interpolated,0.0,0.0,0.1400000000000005,163.64999999999998,13.73,0.4821662008762359,0.4462986588478088,0.6177323655397552,0.44790747394400227,KEEP,observation_noise,0.0013011840041300745
2022-07-20,26.66,0.75,20.41,0.420645147562027,0.4379244446754455,0.806207537651062,8,0.6391421595517333,0.6391421595517333,1,0,observed,1.0,2.0,-0.370000000000001,164.39,13.974285714285712,0.4487615525722503,0.4609703421592712,0.6284372625457442,0.42269400854882705,KEEP,observation_noise,0.0013011840041300745
2022-07-21,27.29,1.3,16.55,0.4167244732379913,0.4296147227287292,0.7985599040985107,8,0.6288346717241744,,0,1,interpolated,0.0,0.0,0.629999999999999,161.15,14.552857142857144,0.420645147562027,0.4379244446754455,0.6391421595517333,0.41782770299857297,KEEP,observation_noise,0.0013011840041300745
2022-07-22,25.57,1.18,23.46,0.4066327512264251,0.4243655502796173,0.7792772054672241,8,0.6185271838966157,,0,1,interpolated,0.0,0.0,-1.7199999999999989,122.8,16.398571428571426,0.4167244732379913,0.4296147227287292,0.6288346717241744,0.4069561240800601,KEEP,observation_noise,0.0013011840041300745
2022-07-23,25.75,0.68,22.28,0.4253693521022796,0.4259244501590729,0.8151857852935791,8,0.6082196960690568,,0,1,interpolated,0.0,0.0,0.1799999999999997,115.98,16.884285714285713,0.4066327512264251,0.4243655502796173,0.6185271838966157,0.4257211847390271,KEEP,observation_noise,0.0013011840041300745
2022-07-24,26.76,1.28,13.61,0.4149443805217743,0.4245106875896454,0.7952709794044495,8,0.597912208241498,,0,1,interpolated,0.0,0.0,1.0100000000000016,114.71999999999998,16.647142857142857,0.4253693521022796,0.4259244501590729,0.6082196960690568,0.41393425247311016,KEEP,observation_noise,0.0013011840041300745
2022-07-25,26.25,2.61,18.95,0.407555341720581,0.4221908450126648,0.7810570001602173,8,0.5876047204139392,,0,1,interpolated,0.0,0.0,-0.5100000000000016,77.49999999999999,18.12142857142857,0.4149443805217743,0.4245106875896454,0.597912208241498,0.40877616748347256,KEEP,observation_noise,0.0013011840041300745
2022-07-26,26.46,0.15,24.15,0.4003941714763641,0.4195754528045654,0.7673085927963257,8,0.5772972325863803,,0,1,interpolated,0.0,0.0,0.2100000000000008,7.95,19.915714285714284,0.407555341720581,0.4221908450126648,0.5876047204139392,0.40126916668165824,KEEP,observation_noise,0.0013011840041300745
2022-07-27,28.0,3.0,22.09,0.3974098265171051,0.4174766838550567,0.761588454246521,8,0.5669897447588216,,0,1,interpolated,0.0,0.0,1.5399999999999991,10.2,20.15571428571429,0.4003941714763641,0.4195754528045654,0.5772972325863803,0.3975425421451067,KEEP,observation_noise,0.0013011840041300745
2022-07-28,28.81,0.43,23.66,0.3948189318180084,0.4154255390167236,0.7566485404968262,8,0.5566822569312627,,0,1,interpolated,0.0,0.0,0.8099999999999987,9.329999999999998,21.17142857142857,0.3974098265171051,0.4174766838550567,0.5669897447588216,0.3934081049219314,KEEP,observation_noise,0.0013011840041300745
2022-07-29,28.78,1.04,25.12,0.4192315638065338,0.4181652367115021,0.803485095500946,8,0.546374769103704,,0,1,interpolated,0.0,0.0,-0.0299999999999975,9.19,21.40857142857143,0.3948189318180084,0.4154255390167236,0.5566822569312627,0.41917740084770366,KEEP,observation_noise,0.0013011840041300745
2022-07-30,28.02,9.52,18.5,0.417943388223648,0.4191219210624695,0.8009631633758545,8,0.5360672812761451,,0,1,interpolated,0.0,0.0,-0.7600000000000016,18.03,20.868571428571432,0.4192315638065338,0.4181652367115021,0.546374769103704,0.42001152652675255,KEEP,observation_noise,0.0013011840041300745
2022-07-31,28.43,1.85,14.97,0.4085815846920013,0.416961133480072,0.7830231189727783,8,0.5257597934485863,,0,1,interpolated,0.0,0.0,0.4100000000000001,18.6,21.062857142857144,0.417943388223648,0.4191219210624695,0.5360672812761451,0.4092369801681636,KEEP,observation_noise,0.0013011840041300745
2022-08-01,29.11,0.22,21.36,0.3958126306533813,0.4135743379592895,0.7585805654525757,8,0.5154523056210275,,0,1,interpolated,0.0,0.0,0.6799999999999997,16.209999999999997,21.40714285714285,0.4085815846920013,0.416961133480072,0.5257597934485863,0.3965715370687438,KEEP,observation_noise,0.0013011840041300745
2022-08-02,28.95,0.03,25.31,0.3885173797607422,0.410670131444931,0.7445306777954102,8,0.5051448177934686,,0,1,interpolated,0.0,0.0,-0.1600000000000001,16.09,21.572857142857146,0.3958126306533813,0.4135743379592895,0.5154523056210275,0.38915095474224043,KEEP,observation_noise,0.0013011840041300745
2022-08-03,28.7,0.3,24.04,0.3874560296535492,0.4085914492607116,0.7425552606582642,8,0.4948373299659098,,0,1,interpolated,0.0,0.0,-0.25,13.39,21.851428571428567,0.3885173797607422,0.410670131444931,0.5051448177934686,0.38562273997527335,KEEP,observation_noise,0.0013011840041300745
2022-08-04,28.47,1.32,20.53,0.3896513879299164,0.4072465598583221,0.7466980814933777,8,0.484529842138351,0.484529842138351,1,0,observed,1.0,1.0,-0.2300000000000004,14.28,21.404285714285717,0.3874560296535492,0.4085914492607116,0.4948373299659098,0.38873998570300544,KEEP,observation_noise,0.0013011840041300745
2022-08-05,28.63,3.87,19.66,0.3915125727653503,0.4065589010715484,0.7503502368927002,8,0.4650537877746418,,0,1,interpolated,0.0,0.0,0.1600000000000001,17.11,20.624285714285715,0.3896513879299164,0.4072465598583221,0.484529842138351,0.3918480285253415,KEEP,observation_noise,0.0013011840041300745
2022-08-06,28.68,4.61,17.59,0.3903568387031555,0.4057390391826629,0.7480682730674744,8,0.4455777334109325,,0,1,interpolated,0.0,0.0,0.0500000000000007,12.2,20.49428571428572,0.3915125727653503,0.4065589010715484,0.4650537877746418,0.3912497952044512,KEEP,observation_noise,0.0013011840041300745
2022-08-07,28.79,5.65,21.63,0.3852465748786926,0.4040719270706177,0.7382494807243347,8,0.4261016790472233,,0,1,interpolated,0.0,0.0,0.1099999999999994,16.0,21.445714285714285,0.3903568387031555,0.4057390391826629,0.4455777334109325,0.3850559426946458,KEEP,observation_noise,0.0013011840041300745
2022-08-08,29.26,1.76,22.78,0.3810239732265472,0.4023472666740417,0.7302656173706055,8,0.4066256246835141,,0,1,interpolated,0.0,0.0,0.4700000000000024,17.540000000000003,21.648571428571422,0.3852465748786926,0.4040719270706177,0.4261016790472233,0.382179726226684,KEEP,observation_noise,0.0013011840041300745
2022-08-09,29.24,0.2,21.31,0.3886704742908478,0.4016385078430176,0.7448614239692688,8,0.3871495703198048,,0,1,interpolated,0.0,0.0,-0.0200000000000031,17.71,21.077142857142857,0.3810239732265472,0.4023472666740417,0.4066256246835141,0.38999977270818537,KEEP,observation_noise,0.0013011840041300745
2022-08-10,29.23,0.38,20.47,0.3894104957580566,0.4009773731231689,0.7463161945343018,8,0.3676735159560956,,0,1,interpolated,0.0,0.0,-0.009999999999998,17.790000000000003,20.56714285714286,0.3886704742908478,0.4016385078430176,0.3871495703198048,0.38872297513751164,KEEP,observation_noise,0.0013011840041300745
2022-08-11,28.99,1.63,18.93,0.4199226796627044,0.4094991385936737,0.8047374486923218,8,0.3481974615923864,,0,1,interpolated,0.0,0.0,-0.240000000000002,18.1,20.33857142857143,0.3894104957580566,0.4009773731231689,0.3676735159560956,0.42048470312826325,KEEP,observation_noise,0.0013011840041300745
2022-08-12,28.88,4.79,7.69,0.4115645289421081,0.4127013385295868,0.78873610496521,8,0.3287214072286771,,0,1,interpolated,0.0,0.0,-0.1099999999999994,19.020000000000003,18.62857142857143,0.4199226796627044,0.4094991385936737,0.3481974615923864,0.4088991275548765,KEEP,observation_noise,0.0013011840041300745
2022-08-13,29.2,5.49,16.89,0.3956283330917358,0.407518059015274,0.7582234144210815,8,0.3092453528649679,,0,1,interpolated,0.0,0.0,0.3200000000000003,19.9,18.52857142857143,0.4115645289421081,0.4127013385295868,0.3287214072286771,0.39600626568619257,KEEP,observation_noise,0.0013011840041300745
2022-08-14,29.42,7.05,20.29,0.3942862749099731,0.4045793414115906,0.7556719779968262,8,0.2897692985012587,0.2897692985012587,1,0,observed,1.0,1.0,0.2200000000000024,21.3,18.337142857142855,0.3956283330917358,0.407518059015274,0.3092453528649679,0.3942420277758312,KEEP,observation_noise,0.0013011840041300745
2022-08-15,29.37,7.87,18.97,0.3895309865474701,0.4024768471717834,0.746504008769989,8,0.284725688467225,,0,1,interpolated,0.0,0.0,-0.0500000000000007,27.41,17.79285714285714,0.3942862749099731,0.4045793414115906,0.2897692985012587,0.38898588171236337,KEEP,observation_noise,0.0013011840041300745
2022-08-16,29.11,24.45,10.7,0.4365222752094269,0.4195209145545959,0.8365178108215332,8,0.2796820784331913,,0,1,interpolated,0.0,0.0,-0.2600000000000015,51.66,16.277142857142856,0.3895309865474701,0.4024768471717834,0.284725688467225,0.435682505074074,KEEP,observation_noise,0.0013011840041300745
2022-08-17,27.93,57.02,2.8,0.4588744938373565,0.44417205452919,0.879474401473999,8,0.2746384683991576,,0,1,interpolated,0.0,0.0,-1.1799999999999995,108.3,13.752857142857142,0.4365222752094269,0.4195209145545959,0.2796820784331913,0.45900372904566655,KEEP,observation_noise,0.0013011840041300745
2022-08-18,27.55,19.5,22.05,0.4200672805309295,0.4384936094284057,0.8050770163536072,8,0.2695948583651238,,0,1,interpolated,0.0,0.0,-0.379999999999999,126.17000000000002,14.198571428571428,0.4588744938373565,0.44417205452919,0.2746384683991576,0.4193537244919455,KEEP,observation_noise,0.0013011840041300745
2022-08-19,28.54,1.07,18.18,0.411608874797821,0.4270311892032623,0.788833737373352,8,0.2645512483310901,,0,1,interpolated,0.0,0.0,0.9899999999999984,122.45,15.69714285714286,0.4200672805309295,0.4384936094284057,0.2695948583651238,0.41124027720422457,KEEP,observation_noise,0.0013011840041300745
2022-08-20,28.99,27.49,15.3,0.4341158866882324,0.4294823706150055,0.8320164084434509,8,0.2595076382970565,,0,1,interpolated,0.0,0.0,0.4499999999999993,144.45000000000002,15.47,0.411608874797821,0.4270311892032623,0.2645512483310901,0.43258671785473146,KEEP,observation_noise,0.0013011840041300745
2022-08-21,28.15,36.48,18.53,0.4165383577346802,0.4289735555648803,0.7982820272445679,8,0.2544640282630228,,0,1,interpolated,0.0,0.0,-0.8399999999999999,173.88,15.218571428571428,0.4341158866882324,0.4294823706150055,0.2595076382970565,0.41715946257800585,KEEP,observation_noise,0.0013011840041300745
2022-08-22,28.26,0.21,18.17,0.4027670323848724,0.4235941469669342,0.7719053030014038,8,0.249420418228989,,0,1,interpolated,0.0,0.0,0.1100000000000029,166.22000000000003,15.104285714285714,0.4165383577346802,0.4289735555648803,0.2544640282630228,0.4008769231558665,KEEP,observation_noise,0.0013011840041300745
2022-08-23,28.9,0.34,17.39,0.4037782847881317,0.4209042191505432,0.7738748788833618,8,0.2443768081949553,,0,1,interpolated,0.0,0.0,0.639999999999997,142.11,16.06,0.4027670323848724,0.4235941469669342,0.249420418228989,0.40205187864005987,KEEP,observation_noise,0.0013011840041300745
2022-08-24,28.27,9.86,6.22,0.4323806464672088,0.4292455911636352,0.8285995721817017,8,0.2393331981609216,,0,1,interpolated,0.0,0.0,-0.629999999999999,94.95,16.548571428571428,0.4037782847881317,0.4209042191505432,0.2443768081949553,0.4347507321329935,KEEP,observation_noise,0.0013011840041300745
2022-08-25,26.88,4.67,23.28,0.4112617373466491,0.427343487739563,0.7881773114204407,8,0.2342895881268879,,0,1,interpolated,0.0,0.0,-1.3900000000000006,80.12,16.724285714285717,0.4323806464672088,0.4292455911636352,0.2393331981609216,0.4119881580355538,KEEP,observation_noise,0.0013011840041300745
2022-08-26,27.05,0.04,14.25,0.4033880531787872,0.4226566851139068,0.7730511426925659,8,0.2292459780928542,,0,1,interpolated,0.0,0.0,0.1700000000000017,79.09000000000002,16.162857142857142,0.4112617373466491,0.427343487739563,0.2342895881268879,0.40525876427137525,KEEP,observation_noise,0.0013011840041300745
2022-08-27,26.79,0.28,21.07,0.3963513672351837,0.4193364083766937,0.7596451640129089,8,0.2242023680588205,,0,1,interpolated,0.0,0.0,-0.2600000000000015,51.88,16.987142857142857,0.4033880531787872,0.4226566851139068,0.2292459780928542,0.3958282810881016,KEEP,observation_noise,0.0013011840041300745
2022-08-28,25.47,0.17,20.61,0.3988149166107178,0.4173468053340912,0.7643076777458191,8,0.2191587580247868,,0,1,interpolated,0.0,0.0,-1.3200000000000005,15.570000000000014,17.284285714285716,0.3963513672351837,0.4193364083766937,0.2242023680588205,0.397647446173718,KEEP,observation_noise,0.0013011840041300745
2022-08-29,26.83,0.03,20.69,0.3965285718441009,0.4154166281223297,0.7598558068275452,8,0.2141151479907531,,0,1,interpolated,0.0,0.0,1.3599999999999994,15.390000000000011,17.644285714285715,0.3988149166107178,0.4173468053340912,0.2191587580247868,0.39718490466345424,KEEP,observation_noise,0.0013011840041300745
2022-08-30,28.45,0.1,22.44,0.400204986333847,0.413982480764389,0.7669162750244141,8,0.2090715379567194,,0,1,interpolated,0.0,0.0,1.620000000000001,15.150000000000013,18.365714285714287,0.3965285718441009,0.4154166281223297,0.2141151479907531,0.4028678100184136,KEEP,observation_noise,0.0013011840041300745
2022-08-31,28.01,2.92,17.82,0.3993324339389801,0.4131082892417907,0.765282928943634,8,0.2040279279226857,,0,1,interpolated,0.0,0.0,-0.4399999999999977,8.210000000000015,20.02285714285714,0.400204986333847,0.413982480764389,0.2090715379567194,0.39670799269397017,KEEP,observation_noise,0.0013011840041300745
2022-09-01,26.31,11.75,8.69,0.4346261620521545,0.4271276891231537,0.8330239653587341,8,0.198984317888652,,0,1,interpolated,0.0,0.0,-1.7000000000000028,15.290000000000015,17.93857142857143,0.3993324339389801,0.4131082892417907,0.2040279279226857,0.4329748286091088,KEEP,observation_noise,0.0013011840041300745
2022-09-02,25.62,8.18,8.2,0.4370591342449188,0.4344627261161804,0.8375766277313232,8,0.1939407078546183,,0,1,interpolated,0.0,0.0,-0.6899999999999977,23.43000000000001,17.074285714285715,0.4346261620521545,0.4271276891231537,0.198984317888652,0.4345101985378802,KEEP,observation_noise,0.0013011840041300745
2022-09-03,26.26,19.26,6.68,0.4430526793003082,0.4397059381008148,0.8491184711456299,8,0.1888970978205846,,0,1,interpolated,0.0,0.0,0.6400000000000006,42.41000000000002,15.018571428571429,0.4370591342449188,0.4344627261161804,0.1939407078546183,0.4414046352969977,KEEP,observation_noise,0.0013011840041300745
2022-09-04,27.8,1.08,18.62,0.4244861602783203,0.4345317780971527,0.8134865164756775,8,0.1838534877865509,,0,1,interpolated,0.0,0.0,1.5399999999999991,43.320000000000014,14.734285714285717,0.4430526793003082,0.4397059381008148,0.1888970978205846,0.4243016455377683,KEEP,observation_noise,0.0013011840041300745
2022-09-05,28.53,1.49,7.45,0.4366044700145721,0.4348499178886413,0.836664080619812,8,0.1788098777525172,,0,1,interpolated,0.0,0.0,0.7300000000000004,44.780000000000015,12.842857142857142,0.4244861602783203,0.4345317780971527,0.1838534877865509,0.4379164483403464,KEEP,observation_noise,0.0013011840041300745
2022-09-06,26.89,20.89,8.58,0.4299948811531067,0.4378528296947479,0.8240817189216614,8,0.1737662677184835,,0,1,interpolated,0.0,0.0,-1.6400000000000006,65.57000000000002,10.86285714285714,0.4366044700145721,0.4348499178886413,0.1788098777525172,0.4309333258493431,KEEP,observation_noise,0.0013011840041300745
2022-09-07,24.78,0.0,19.98,0.4135543406009674,0.4312085211277008,0.7925342321395874,8,0.1687226576844498,,0,1,interpolated,0.0,0.0,-2.1099999999999994,62.65000000000002,11.171428571428573,0.4299948811531067,0.4378528296947479,0.1737662677184835,0.4134607158837933,KEEP,observation_noise,0.0013011840041300745
2022-09-08,24.78,0.0,21.47,0.4104951620101928,0.4279491603374481,0.786685049533844,8,0.1636790476504161,0.1636790476504161,1,0,observed,1.0,2.0,0.0,50.90000000000002,12.997142857142858,0.4135543406009674,0.4312085211277008,0.1687226576844498,0.4099997149238997,KEEP,observation_noise,0.0013011840041300745
2022-09-09,24.93,0.03,18.33,0.4089308977127075,0.4259643256664276,0.7836800813674927,8,0.1627769978809688,,0,1,interpolated,0.0,0.0,0.1499999999999985,42.75000000000002,14.444285714285714,0.4104951620101928,0.4279491603374481,0.1636790476504161,0.40901588819054535,KEEP,observation_noise,0.0013011840041300745
2022-09-10,25.19,0.06,19.31,0.4050556421279907,0.423989474773407,0.7762295603752136,8,0.1618749481115215,,0,1,interpolated,0.0,0.0,0.2600000000000015,23.55000000000002,16.24857142857143,0.4089308977127075,0.4259643256664276,0.1627769978809688,0.402330481567483,KEEP,observation_noise,0.0013011840041300745
2022-09-11,26.05,0.12,19.16,0.4030285775661468,0.4222146272659302,0.7724292874336243,8,0.1609728983420743,,0,1,interpolated,0.0,0.0,0.8599999999999994,22.59000000000002,16.325714285714287,0.4050556421279907,0.423989474773407,0.1618749481115215,0.40317131324281374,KEEP,observation_noise,0.0013011840041300745
2022-09-12,26.6,1.19,20.42,0.4113872349262237,0.4217655956745147,0.7884100079536438,8,0.160070848572627,,0,1,interpolated,0.0,0.0,0.5500000000000007,22.290000000000017,18.178571428571427,0.4030285775661468,0.4222146272659302,0.1609728983420743,0.4100995944669812,KEEP,observation_noise,0.0013011840041300745
2022-09-13,26.55,1.64,16.18,0.4130668938159942,0.4220002889633178,0.791577935218811,8,0.1591687988031797,,0,1,interpolated,0.0,0.0,-0.0500000000000007,3.040000000000018,19.264285714285712,0.4113872349262237,0.4217655956745147,0.160070848572627,0.41208449146806636,KEEP,observation_noise,0.0013011840041300745
2022-09-14,27.11,0.11,19.45,0.4048308134078979,0.4199160635471344,0.7758934497833252,8,0.1582667490337325,,0,1,interpolated,0.0,0.0,0.5599999999999987,3.1500000000000177,19.18857142857143,0.4130668938159942,0.4220002889633178,0.1591687988031797,0.4055135515711249,KEEP,observation_noise,0.0013011840041300745
2022-09-15,27.38,0.07,20.26,0.4003663957118988,0.4178023934364319,0.7672029733657837,8,0.1573646992642852,,0,1,interpolated,0.0,0.0,0.2699999999999996,3.220000000000017,19.015714285714285,0.4048308134078979,0.4199160635471344,0.1582667490337325,0.401391879090563,KEEP,observation_noise,0.0013011840041300745
2022-09-16,26.96,0.1,20.15,0.3989506661891937,0.4159604907035827,0.7644946575164795,8,0.1564626494948379,,0,1,interpolated,0.0,0.0,-0.4199999999999981,3.290000000000018,19.275714285714287,0.4003663957118988,0.4178023934364319,0.1573646992642852,0.39968271044755976,KEEP,observation_noise,0.0013011840041300745
2022-09-17,26.41,1.38,10.05,0.4113219380378723,0.4165048003196716,0.7883309721946716,8,0.1555605997253907,,0,1,interpolated,0.0,0.0,-0.5500000000000007,4.610000000000017,17.95285714285714,0.3989506661891937,0.4159604907035827,0.1564626494948379,0.41090702737350676,KEEP,observation_noise,0.0013011840041300745
2022-09-18,26.5,56.87,3.0,0.469187468290329,0.4440014958381653,0.8991691470146179,8,0.1546585499559434,,0,1,interpolated,0.0,0.0,0.0899999999999998,61.360000000000014,15.644285714285711,0.4113219380378723,0.4165048003196716,0.1555605997253907,0.4687665063652876,KEEP,observation_noise,0.0013011840041300745
2022-09-19,24.96,135.28,6.16,0.4512003660202026,0.4636911451816559,0.8646566867828369,8,0.1537565001864962,,0,1,interpolated,0.0,0.0,-1.5399999999999991,195.45,13.607142857142858,0.469187468290329,0.4440014958381653,0.1546585499559434,0.45177118092394475,KEEP,observation_noise,0.0013011840041300745
2022-09-20,21.05,0.01,18.02,0.427672266960144,0.4462694525718689,0.8196481466293335,8,0.1528544504170489,,0,1,interpolated,0.0,0.0,-3.91,193.82,13.87,0.4512003660202026,0.4636911451816559,0.1537565001864962,0.42736494057806423,KEEP,observation_noise,0.0013011840041300745
2022-09-21,20.97,0.0,20.44,0.4206413626670837,0.4387386441230774,0.8061428666114807,8,0.1519524006476016,,0,1,interpolated,0.0,0.0,-0.0800000000000018,193.71,14.01142857142857,0.427672266960144,0.4462694525718689,0.1528544504170489,0.4190143404257907,KEEP,observation_noise,0.0013011840041300745
2022-09-22,22.74,0.0,18.03,0.416416585445404,0.4349502921104431,0.798069417476654,8,0.1510503508781543,,0,1,interpolated,0.0,0.0,1.7699999999999996,193.64,13.69285714285714,0.4206413626670837,0.4387386441230774,0.1519524006476016,0.41794012023792426,KEEP,observation_noise,0.0013011840041300745
2022-09-23,23.45,0.19,8.61,0.4252598285675049,0.4345934391021728,0.8149609565734863,8,0.1501483011087071,,0,1,interpolated,0.0,0.0,0.7100000000000009,193.73,12.044285714285715,0.416416585445404,0.4349502921104431,0.1510503508781543,0.4246526188377841,KEEP,observation_noise,0.0013011840041300745
2022-09-24,22.22,0.0,17.45,0.4144253134727478,0.4323974251747131,0.7941707968711853,8,0.1492462513392598,,0,1,interpolated,0.0,0.0,-1.2300000000000004,192.35,13.10142857142857,0.4252598285675049,0.4345934391021728,0.1501483011087071,0.4123175155052734,KEEP,observation_noise,0.0013011840041300745
2022-09-25,22.21,0.0,18.89,0.4125169813632965,0.430452287197113,0.7904984354972839,8,0.1483442015698126,,0,1,interpolated,0.0,0.0,-0.009999999999998,135.48000000000002,15.371428571428572,0.4144253134727478,0.4323974251747131,0.1492462513392598,0.4104199003345135,KEEP,observation_noise,0.0013011840041300745
2022-09-26,23.32,1.6,7.72,0.4414976239204407,0.4356805086135864,0.8460817933082581,8,0.1474421518003653,,0,1,interpolated,0.0,0.0,1.1099999999999994,1.8,15.594285714285714,0.4125169813632965,0.430452287197113,0.1483442015698126,0.44116295381393456,KEEP,observation_noise,0.0013011840041300745
2022-09-27,22.26,38.11,10.16,0.4378772675991058,0.4476544857025146,0.8391357064247131,8,0.146540102030918,,0,1,interpolated,0.0,0.0,-1.0599999999999987,39.9,14.471428571428572,0.4414976239204407,0.4356805086135864,0.1474421518003653,0.439408579344161,KEEP,observation_noise,0.0013011840041300745
2022-09-28,22.28,0.95,13.7,0.4240143001079559,0.4406855702400207,0.8126439452171326,8,0.1456380522614708,,0,1,interpolated,0.0,0.0,0.0199999999999995,40.85,13.508571428571427,0.4378772675991058,0.4476544857025146,0.146540102030918,0.42568272231789955,KEEP,observation_noise,0.0013011840041300745
2022-09-29,22.87,0.01,11.42,0.4189527630805969,0.4370697438716888,0.8028771281242371,8,0.1447360024920235,,0,1,interpolated,0.0,0.0,0.5899999999999999,40.86,12.564285714285717,0.4240143001079559,0.4406855702400207,0.1456380522614708,0.4197557891077185,KEEP,observation_noise,0.0013011840041300745
2022-09-30,23.2,0.0,20.31,0.4141384661197662,0.4344285428524017,0.7936899662017822,8,0.1438339527225762,,0,1,interpolated,0.0,0.0,0.3299999999999983,40.67,14.235714285714286,0.4189527630805969,0.4370697438716888,0.1447360024920235,0.4125502012656339,KEEP,observation_noise,0.0013011840041300745
2022-10-01,23.45,0.0,19.81,0.4131292402744293,0.4324277639389038,0.7916929125785828,8,0.142931902953129,,0,1,interpolated,0.0,0.0,0.25,40.67,14.572857142857142,0.4141384661197662,0.4344285428524017,0.1438339527225762,0.413264640324116,KEEP,observation_noise,0.0013011840041300745
2022-10-02,24.32,0.0,18.42,0.4119118750095367,0.430702656507492,0.7894381284713745,8,0.1420298531836817,,0,1,interpolated,0.0,0.0,0.870000000000001,40.67,14.505714285714284,0.4131292402744293,0.4324277639389038,0.142931902953129,0.41358869386099406,KEEP,observation_noise,0.0013011840041300745
2022-10-03,24.89,0.03,18.79,0.4095893502235412,0.4289881885051727,0.7849568724632263,8,0.1411278034142344,0.1411278034142344,1,0,observed,1.0,1.0,0.5700000000000003,39.1,16.087142857142858,0.4119118750095367,0.430702656507492,0.1420298531836817,0.4080674017818585,KEEP,observation_noise,0.0013011840041300745
2022-10-04,24.32,12.35,12.15,0.4180308282375335,0.4288327097892761,0.8011202216148376,8,0.1425814272732591,,0,1,interpolated,0.0,0.0,-0.5700000000000003,13.34,16.37142857142857,0.4095893502235412,0.4289881885051727,0.1411278034142344,0.41762433771096524,KEEP,observation_noise,0.0013011840041300745
2022-10-05,21.22,0.3,12.69,0.4208072423934936,0.428836464881897,0.8063892126083374,8,0.1440350511322838,,0,1,interpolated,0.0,0.0,-3.1000000000000014,12.69,16.22714285714286,0.4180308282375335,0.4288327097892761,0.1425814272732591,0.4201335664237442,KEEP,observation_noise,0.0013011840041300745
2022-10-06,20.62,2.07,9.49,0.4306338727474212,0.4313467442989349,0.825291097164154,8,0.1454886749913085,,0,1,interpolated,0.0,0.0,-0.5999999999999979,14.75,15.95142857142857,0.4208072423934936,0.428836464881897,0.1440350511322838,0.43349688944521064,KEEP,observation_noise,0.0013011840041300745
2022-10-07,20.06,11.39,8.57,0.4329097867012024,0.4394899606704712,0.8296265006065369,8,0.1469422988503332,,0,1,interpolated,0.0,0.0,-0.5600000000000023,26.14,14.274285714285712,0.4306338727474212,0.4313467442989349,0.1454886749913085,0.4345224055493453,KEEP,observation_noise,0.0013011840041300745
2022-10-08,19.56,0.16,14.33,0.4201818108558655,0.4337664842605591,0.8052129149436951,8,0.1483959227093579,,0,1,interpolated,0.0,0.0,-0.5,26.3,13.491428571428573,0.4329097867012024,0.4394899606704712,0.1469422988503332,0.4210743281555401,KEEP,observation_noise,0.0013011840041300745
2022-10-09,19.45,15.79,3.1,0.4379951953887939,0.4374563992023468,0.839385449886322,8,0.1498495465683826,,0,1,interpolated,0.0,0.0,-0.1099999999999994,42.09,11.302857142857144,0.4201818108558655,0.4337664842605591,0.1483959227093579,0.44050319096538737,KEEP,observation_noise,0.0013011840041300745
2022-10-10,18.91,1.62,13.03,0.4233084917068481,0.4358549118041992,0.8112772107124329,8,0.1513031704274073,,0,1,interpolated,0.0,0.0,-0.5399999999999991,43.68,10.48,0.4379951953887939,0.4374563992023468,0.1498495465683826,0.4237587471944182,KEEP,observation_noise,0.0013011840041300745
2022-10-11,17.36,0.0,9.7,0.4168719053268432,0.4322799146175384,0.7989252209663391,8,0.152756794286432,,0,1,interpolated,0.0,0.0,-1.5500000000000007,31.33,10.13,0.4233084917068481,0.4358549118041992,0.1513031704274073,0.417185676530344,KEEP,observation_noise,0.0013011840041300745
2022-10-12,19.02,0.01,18.93,0.4123682081699371,0.4300377368927002,0.7902687788009644,8,0.1542104181454567,,0,1,interpolated,0.0,0.0,1.66,31.04,11.021428571428572,0.4168719053268432,0.4322799146175384,0.152756794286432,0.41464393354652285,KEEP,observation_noise,0.0013011840041300745
2022-10-13,19.73,0.01,18.62,0.4092077016830444,0.428264319896698,0.784234344959259,8,0.1556640420044814,0.1556640420044814,1,0,observed,1.0,1.0,0.7100000000000009,28.98,12.325714285714286,0.4123682081699371,0.4300377368927002,0.1542104181454567,0.4090683577141101,KEEP,observation_noise,0.0013011840041300745
2022-10-14,20.23,0.01,18.8,0.4101728200912475,0.4268955588340759,0.7860324382781982,8,0.1591193564908479,,0,1,interpolated,0.0,0.0,0.5,17.599999999999998,13.787142857142856,0.4092077016830444,0.428264319896698,0.1556640420044814,0.40839068267877005,KEEP,observation_noise,0.0013011840041300745
2022-10-15,20.81,0.01,17.57,0.410399466753006,0.4257099032402038,0.786482572555542,8,0.1625746709772144,,0,1,interpolated,0.0,0.0,0.5799999999999983,17.45,14.25,0.4101728200912475,0.4268955588340759,0.1591193564908479,0.41198902483702243,KEEP,observation_noise,0.0013011840041300745
2022-10-16,21.48,0.78,14.19,0.4105499684810638,0.4246978759765625,0.7868188619613647,8,0.1660299854635809,,0,1,interpolated,0.0,0.0,0.6700000000000017,2.4400000000000004,15.834285714285716,0.410399466753006,0.4257099032402038,0.1625746709772144,0.41008559299948355,KEEP,observation_noise,0.0013011840041300745
2022-10-17,21.26,1.86,6.21,0.417652428150177,0.4249211847782135,0.800451934337616,8,0.1694852999499475,,0,1,interpolated,0.0,0.0,-0.2199999999999988,2.68,14.86,0.4105499684810638,0.4246978759765625,0.1660299854635809,0.41967558351237266,KEEP,observation_noise,0.0013011840041300745
2022-10-18,17.35,0.46,14.56,0.4123134016990661,0.4240393936634063,0.7902433276176453,8,0.172940614436314,0.172940614436314,1,0,observed,1.0,2.0,-3.91,3.14,15.554285714285712,0.417652428150177,0.4249211847782135,0.1694852999499475,0.40938338356940385,KEEP,observation_noise,0.0013011840041300745
2022-10-19,17.85,0.0,15.74,0.4067882001399994,0.4223858416080475,0.7795959115028381,8,0.1997295318377842,,0,1,interpolated,0.0,0.0,0.5,3.1300000000000003,15.098571428571429,0.4123134016990661,0.4240393936634063,0.172940614436314,0.40833034093761594,KEEP,observation_noise,0.0013011840041300745
2022-10-20,18.55,0.0,18.58,0.4040880799293518,0.4208462536334991,0.7744660973548889,8,0.2265184492392545,,0,1,interpolated,0.0,0.0,0.6999999999999993,3.12,15.092857142857143,0.4067882001399994,0.4223858416080475,0.1997295318377842,0.40464118247265113,KEEP,observation_noise,0.0013011840041300745
2022-10-21,19.98,0.0,16.12,0.4088960289955139,0.4207622706890106,0.7836154699325562,8,0.2533073666407247,,0,1,interpolated,0.0,0.0,1.4299999999999995,3.1100000000000003,14.71,0.4040880799293518,0.4208462536334991,0.2265184492392545,0.4083297816396819,KEEP,observation_noise,0.0013011840041300745
2022-10-22,21.67,0.01,12.48,0.4112275540828705,0.4221161603927612,0.7880880236625671,8,0.280096284042195,,0,1,interpolated,0.0,0.0,1.6900000000000013,3.1100000000000003,13.982857142857142,0.4088960289955139,0.4207622706890106,0.2533073666407247,0.4108726699748832,KEEP,observation_noise,0.0013011840041300745
2022-10-23,20.21,0.12,14.99,0.4045399129390716,0.4199036657810211,0.7752233147621155,8,0.3068852014436652,0.3068852014436652,1,0,observed,1.0,1.0,-1.4600000000000009,2.45,14.097142857142858,0.4112275540828705,0.4221161603927612,0.280096284042195,0.40534202382515977,KEEP,observation_noise,0.0013011840041300745
2022-10-24,17.19,6.87,12.2,0.4037761092185974,0.4184415936470032,0.7738363742828369,8,0.3234200693342064,,0,1,interpolated,0.0,0.0,-3.02,7.46,14.952857142857145,0.4045399129390716,0.4199036657810211,0.3068852014436652,0.40368369710976304,KEEP,observation_noise,0.0013011840041300745
2022-10-25,16.4,6.14,14.1,0.4027088284492492,0.4171250164508819,0.7717604637145996,8,0.3399549372247477,,0,1,interpolated,0.0,0.0,-0.7900000000000027,13.14,14.88714285714286,0.4037761092185974,0.4184415936470032,0.3234200693342064,0.4031316440363358,KEEP,observation_noise,0.0013011840041300745
2022-10-26,16.93,0.01,17.43,0.400922417640686,0.4158579707145691,0.7683241367340088,8,0.3564898051152889,,0,1,interpolated,0.0,0.0,0.5300000000000011,13.15,15.12857142857143,0.4027088284492492,0.4171250164508819,0.3399549372247477,0.4008248583147586,KEEP,observation_noise,0.0013011840041300745
2022-10-27,18.45,0.01,9.04,0.4008990526199341,0.4149898588657379,0.7682618498802185,8,0.3730246730058301,,0,1,interpolated,0.0,0.0,1.5199999999999996,13.16,13.765714285714283,0.400922417640686,0.4158579707145691,0.3564898051152889,0.4011079733235696,KEEP,observation_noise,0.0013011840041300745
2022-10-28,18.41,0.06,14.05,0.4012378752231598,0.4141674339771271,0.7688717246055603,8,0.3895595408963713,,0,1,interpolated,0.0,0.0,-0.0399999999999991,13.22,13.47,0.4008990526199341,0.4149898588657379,0.3730246730058301,0.40219165676820445,KEEP,observation_noise,0.0013011840041300745
2022-10-29,17.16,0.49,15.95,0.3980305790901184,0.4133413136005401,0.7628124356269836,8,0.4060944087869126,,0,1,interpolated,0.0,0.0,-1.25,13.7,13.965714285714286,0.4012378752231598,0.4141674339771271,0.3895595408963713,0.3959052215025453,KEEP,observation_noise,0.0013011840041300745
2022-10-30,16.49,0.0,16.73,0.3954185843467712,0.4123660624027252,0.7577683925628662,8,0.4226292766774538,,0,1,interpolated,0.0,0.0,-0.6700000000000017,13.579999999999998,14.214285714285714,0.3980305790901184,0.4133413136005401,0.4060944087869126,0.39518157761120964,KEEP,observation_noise,0.0013011840041300745
2022-10-31,16.93,0.0,16.08,0.3970431685447693,0.4114919602870941,0.7609037160873413,8,0.439164144567995,,0,1,interpolated,0.0,0.0,0.4400000000000013,6.71,14.768571428571429,0.3954185843467712,0.4123660624027252,0.4226292766774538,0.3974887876047171,KEEP,observation_noise,0.0013011840041300745
2022-11-01,18.14,0.03,9.76,0.3999963700771332,0.4112008213996887,0.766526997089386,8,0.4556990124585363,,0,1,interpolated,0.0,0.0,1.2100000000000009,0.6,14.148571428571428,0.3970431685447693,0.4114919602870941,0.439164144567995,0.39921793716424103,KEEP,observation_noise,0.0013011840041300745
2022-11-02,18.12,0.0,15.83,0.3961201608181,0.4104950726032257,0.759125292301178,8,0.4722338803490775,0.4722338803490775,1,0,observed,1.0,1.0,-0.0199999999999995,0.59,13.92,0.3999963700771332,0.4112008213996887,0.4556990124585363,0.39847294599613914,KEEP,observation_noise,0.0013011840041300745
2022-11-03,18.4,0.0,15.54,0.391183078289032,0.4094872772693634,0.7495695352554321,8,0.5059711394769486,,0,1,interpolated,0.0,0.0,0.2799999999999976,0.58,14.848571428571429,0.3961201608181,0.4104950726032257,0.4722338803490775,0.3900962807698018,KEEP,observation_noise,0.0013011840041300745
2022-11-04,16.38,0.0,13.89,0.3940663933753967,0.4086486399173736,0.7551720142364502,8,0.5397083986048197,,0,1,interpolated,0.0,0.0,-2.02,0.52,14.825714285714286,0.391183078289032,0.4094872772693634,0.5059711394769486,0.39365943707868756,KEEP,observation_noise,0.0013011840041300745
2022-11-05,15.38,0.26,14.52,0.3941184878349304,0.4079438149929046,0.7552294135093689,8,0.5734456577326907,,0,1,interpolated,0.0,0.0,-0.9999999999999982,0.29,14.62142857142857,0.3940663933753967,0.4086486399173736,0.5397083986048197,0.39321126201810436,KEEP,observation_noise,0.0013011840041300745
2022-11-06,16.32,0.01,14.99,0.3912087976932525,0.4069872200489044,0.749785840511322,8,0.6071829168605618,,0,1,interpolated,0.0,0.0,0.9399999999999996,0.3,14.372857142857145,0.3941184878349304,0.4079438149929046,0.5734456577326907,0.3923189888132961,KEEP,observation_noise,0.0013011840041300745
2022-11-07,16.58,0.01,14.08,0.3905476927757263,0.4062440395355224,0.7484540343284607,8,0.640920175988433,0.640920175988433,1,0,observed,0.8302549688817504,1.0,0.259999999999998,0.31,14.087142857142856,0.3912087976932525,0.4069872200489044,0.6071829168605618,0.3910145769031666,KEEP,observation_noise,0.0013011840041300745
2022-11-08,17.49,0.0,14.64,0.3891716301441192,0.4055405557155609,0.7458341121673584,8,0.656773154982982,,0,1,interpolated,0.0,0.0,0.91,0.28,14.784285714285716,0.3905476927757263,0.4062440395355224,0.640920175988433,0.39169403898813165,KEEP,observation_noise,0.0013011840041300745
2022-11-09,17.92,0.0,14.36,0.3883417248725891,0.4047850966453552,0.7442567944526672,8,0.672626133977531,,0,1,interpolated,0.0,0.0,0.4300000000000032,0.28,14.574285714285711,0.3891716301441192,0.4055405557155609,0.656773154982982,0.38735100939931993,KEEP,observation_noise,0.0013011840041300745
2022-11-10,18.39,0.0,12.28,0.3876177668571472,0.4041481018066406,0.7428920269012451,8,0.6884791129720801,,0,1,interpolated,0.0,0.0,0.4699999999999988,0.28,14.108571428571429,0.3883417248725891,0.4047850966453552,0.672626133977531,0.3862609288829202,KEEP,observation_noise,0.0013011840041300745
2022-11-11,18.23,0.0,11.57,0.3886362612247467,0.4037127494812011,0.7448259592056274,8,0.704332091966629,,0,1,interpolated,0.0,0.0,-0.1600000000000001,0.28,13.777142857142858,0.3876177668571472,0.4041481018066406,0.6884791129720801,0.3885584785561024,KEEP,observation_noise,0.0013011840041300745
2022-11-12,19.54,0.0,13.37,0.3901793658733368,0.4032211303710937,0.7478173971176147,8,0.7201850709611781,0.7201850709611781,1,0,observed,0.9896607107006624,1.0,1.3099999999999987,0.02,13.612857142857145,0.3886362612247467,0.4037127494812011,0.704332091966629,0.3905125102394128,KEEP,observation_noise,0.0013011840041300745
2022-11-13,18.88,4.39,7.31,0.3942233026027679,0.403408944606781,0.755483090877533,8,0.7286060435234365,,0,1,interpolated,0.0,0.0,-0.6600000000000001,4.4,12.515714285714283,0.3901793658733368,0.4032211303710937,0.7201850709611781,0.39554582353236084,KEEP,observation_noise,0.0013011840041300745
2022-11-14,15.85,0.09,12.17,0.3910056352615356,0.4028466343879699,0.7493404746055603,8,0.7370270160856948,,0,1,interpolated,0.0,0.0,-3.03,4.48,12.242857142857142,0.3942233026027679,0.403408944606781,0.7286060435234365,0.39202834317015023,KEEP,observation_noise,0.0013011840041300745
2022-11-15,15.42,0.06,11.19,0.3886982798576355,0.4021424055099487,0.7449674606323242,8,0.7454479886479531,,0,1,interpolated,0.0,0.0,-0.4299999999999997,4.54,11.75,0.3910056352615356,0.4028466343879699,0.7370270160856948,0.38795859487998163,KEEP,observation_noise,0.0013011840041300745
2022-11-16,15.51,0.01,12.39,0.3883638083934784,0.401442676782608,0.7442425489425659,8,0.7538689612102115,,0,1,interpolated,0.0,0.0,0.0899999999999998,4.55,11.468571428571428,0.3886982798576355,0.4021424055099487,0.7454479886479531,0.38813214066309426,KEEP,observation_noise,0.0013011840041300745
2022-11-17,16.39,0.0,8.99,0.3877027332782745,0.4010323286056518,0.7430128455162048,8,0.7622899337724698,,0,1,interpolated,0.0,0.0,0.8800000000000008,4.55,10.998571428571427,0.3883638083934784,0.401442676782608,0.7538689612102115,0.3870986872949726,KEEP,observation_noise,0.0013011840041300745
2022-11-18,16.1,0.0,12.45,0.3855651617050171,0.4005414843559265,0.738892674446106,8,0.7707109063347282,,0,1,interpolated,0.0,0.0,-0.2899999999999991,4.55,11.124285714285715,0.3877027332782745,0.4010323286056518,0.7622899337724698,0.3875417500114305,KEEP,observation_noise,0.0013011840041300745
2022-11-19,16.0,0.08,3.88,0.3882084786891937,0.4003365039825439,0.7440433502197266,8,0.7791318788969865,,0,1,interpolated,0.0,0.0,-0.1000000000000014,4.63,9.768571428571429,0.3855651617050171,0.4005414843559265,0.7707109063347282,0.38660621903834896,KEEP,observation_noise,0.0013011840041300745
2022-11-20,16.54,1.27,9.26,0.3988484144210815,0.4022336900234222,0.7643287181854248,8,0.7875528514592448,,0,1,interpolated,0.0,0.0,0.5399999999999991,1.51,10.047142857142855,0.3882084786891937,0.4003365039825439,0.7791318788969865,0.4005807502638949,KEEP,observation_noise,0.0013011840041300745
2022-11-21,16.67,0.0,10.01,0.3967950940132141,0.4034200608730316,0.7604758143424988,8,0.7959738240215032,,0,1,interpolated,0.0,0.0,0.1300000000000025,1.42,9.73857142857143,0.3988484144210815,0.4022336900234222,0.7875528514592448,0.39600210411454784,KEEP,observation_noise,0.0013011840041300745
2022-11-22,16.43,0.62,5.19,0.4013895392417907,0.4034425020217895,0.7692502737045288,8,0.8043947965837616,,0,1,interpolated,0.0,0.0,-0.240000000000002,1.98,8.881428571428572,0.3967950940132141,0.4034200608730316,0.7959738240215032,0.40197477549562916,KEEP,observation_noise,0.0013011840041300745
2022-11-23,16.77,10.61,3.48,0.4026498794555664,0.4076465666294098,0.7716588377952576,8,0.8128157691460198,,0,1,interpolated,0.0,0.0,0.3399999999999998,12.58,7.608571428571429,0.4013895392417907,0.4034425020217895,0.8043947965837616,0.40270495292045216,KEEP,observation_noise,0.0013011840041300745
2022-11-24,16.38,0.03,9.93,0.3917205035686493,0.4041808843612671,0.750677764415741,8,0.8212367417082782,,0,1,interpolated,0.0,0.0,-0.3900000000000005,12.61,7.742857142857143,0.4026498794555664,0.4076465666294098,0.8128157691460198,0.3916422350274769,KEEP,observation_noise,0.0013011840041300745
2022-11-25,16.76,0.0,13.42,0.3895506262779236,0.4023985266685486,0.7465489506721497,8,0.8296577142705366,,0,1,interpolated,0.0,0.0,0.3800000000000025,12.61,7.881428571428571,0.3917205035686493,0.4041808843612671,0.8212367417082782,0.386793398790613,KEEP,observation_noise,0.0013011840041300745
2022-11-26,17.14,0.55,11.22,0.3893636465072632,0.4014725089073181,0.7461801767349243,8,0.8380786868327949,,0,1,interpolated,0.0,0.0,0.379999999999999,13.08,8.930000000000001,0.3895506262779236,0.4023985266685486,0.8296577142705366,0.38812456625024805,KEEP,observation_noise,0.0013011840041300745
2022-11-27,16.13,0.0,11.73,0.3868122398853302,0.4005550742149353,0.7413080334663391,8,0.8464996593950532,0.8464996593950532,1,0,observed,0.9990965669544264,1.0,-1.0100000000000016,11.81,9.28285714285714,0.3893636465072632,0.4014725089073181,0.8380786868327949,0.38777214122736875,KEEP,observation_noise,0.0013011840041300745
2022-11-28,17.7,0.2,12.54,0.4006670117378235,0.4024630188941955,0.7678701281547546,8,0.8464650197144036,,0,1,interpolated,0.0,0.0,1.5700000000000005,12.01,9.644285714285711,0.3868122398853302,0.4005550742149353,0.8464996593950532,0.3979835925624531,KEEP,observation_noise,0.0013011840041300745
2022-11-29,19.11,14.06,3.17,0.4099844992160797,0.4087024629116058,0.7857498526573181,8,0.8464303800337539,,0,1,interpolated,0.0,0.0,1.41,25.45,9.355714285714283,0.4006670117378235,0.4024630188941955,0.8464650197144036,0.4122181438942812,KEEP,observation_noise,0.0013011840041300745
2022-11-30,11.44,0.95,4.74,0.3934000134468078,0.4050177633762359,0.7539442181587219,8,0.8463957403531043,,0,1,interpolated,0.0,0.0,-7.67,15.79,9.535714285714286,0.4099844992160797,0.4087024629116058,0.8464303800337539,0.3947816358294152,KEEP,observation_noise,0.0013011840041300745
2022-12-01,8.79,0.0,6.46,0.3908355832099914,0.4028715193271637,0.7489327192306519,8,0.8463611006724546,,0,1,interpolated,0.0,0.0,-2.6500000000000004,15.76,9.04,0.3934000134468078,0.4050177633762359,0.8463957403531043,0.38989051818798615,KEEP,observation_noise,0.0013011840041300745
2022-12-02,8.71,0.02,8.76,0.3886699080467224,0.4017394781112671,0.7447956204414368,8,0.846326460991805,,0,1,interpolated,0.0,0.0,-0.0799999999999983,15.78,8.374285714285715,0.3908355832099914,0.4028715193271637,0.8463611006724546,0.39034757551747107,KEEP,observation_noise,0.0013011840041300745
2022-12-03,11.26,0.05,10.53,0.3904663920402527,0.4011444747447967,0.748284101486206,8,0.8462918213111553,,0,1,interpolated,0.0,0.0,2.549999999999999,15.28,8.275714285714285,0.3886699080467224,0.4017394781112671,0.846326460991805,0.3901548746446864,KEEP,observation_noise,0.0013011840041300745
2022-12-04,13.01,0.7,5.3,0.3945984840393066,0.4014388918876648,0.756233811378479,8,0.8462571816305056,,0,1,interpolated,0.0,0.0,1.75,15.98,7.357142857142857,0.3904663920402527,0.4011444747447967,0.8462918213111553,0.3937624056450521,KEEP,observation_noise,0.0013011840041300745
2022-12-05,11.63,0.27,3.47,0.4061618447303772,0.4040486812591553,0.7783796787261963,8,0.8462225419498559,,0,1,interpolated,0.0,0.0,-1.379999999999999,16.05,6.061428571428571,0.3945984840393066,0.4014388918876648,0.8462571816305056,0.40855736427460376,KEEP,observation_noise,0.0013011840041300745
2022-12-06,9.79,0.18,8.5,0.3945866525173187,0.4030916392803192,0.756235659122467,8,0.8461879022692063,,0,1,interpolated,0.0,0.0,-1.8400000000000016,2.17,6.822857142857143,0.4061618447303772,0.4040486812591553,0.8462225419498559,0.39625728373361235,KEEP,observation_noise,0.0013011840041300745
2022-12-07,11.1,0.0,7.17,0.3904268741607666,0.401637852191925,0.7482649683952332,8,0.8461532625885566,,0,1,interpolated,0.0,0.0,1.3100000000000005,1.22,7.17,0.3945866525173187,0.4030916392803192,0.8461879022692063,0.38959856292768,KEEP,observation_noise,0.0013011840041300745
2022-12-08,11.88,0.0,8.67,0.3890249729156494,0.4006736278533935,0.74559485912323,8,0.846118622907907,,0,1,interpolated,0.0,0.0,0.7800000000000011,1.22,7.485714285714286,0.3904268741607666,0.401637852191925,0.8461532625885566,0.3890212174975137,KEEP,observation_noise,0.0013011840041300745
2022-12-09,13.43,0.0,10.07,0.3868515193462372,0.3999721109867096,0.7413761615753174,8,0.8460839832272573,,0,1,interpolated,0.0,0.0,1.549999999999999,1.2,7.672857142857143,0.3890249729156494,0.4006736278533935,0.846118622907907,0.38823202812707697,KEEP,observation_noise,0.0013011840041300745
2022-12-10,13.87,0.14,11.27,0.3878641724586487,0.3995135724544525,0.7432788014411926,8,0.8460493435466077,,0,1,interpolated,0.0,0.0,0.4399999999999995,1.29,7.778571428571429,0.3868515193462372,0.3999721109867096,0.8460839832272573,0.3879717184420449,KEEP,observation_noise,0.0013011840041300745
2022-12-11,12.64,2.82,5.86,0.3929420411586761,0.3998846411705017,0.7530832290649414,8,0.846014703865958,,0,1,interpolated,0.0,0.0,-1.2299999999999986,3.41,7.858571428571427,0.3878641724586487,0.3995135724544525,0.8460493435466077,0.3928658456003712,KEEP,observation_noise,0.0013011840041300745
2022-12-12,11.2,1.26,11.88,0.3933072388172149,0.3998446464538574,0.7537959218025208,8,0.8459800641853084,,0,1,interpolated,0.0,0.0,-1.4400000000000013,4.4,9.06,0.3929420411586761,0.3998846411705017,0.846014703865958,0.3919937364873625,KEEP,observation_noise,0.0013011840041300745
2022-12-13,11.75,0.88,5.96,0.3889141976833343,0.3994471728801727,0.7453137040138245,8,0.8459454245046587,,0,1,interpolated,0.0,0.0,0.5500000000000007,5.1,8.697142857142856,0.3933072388172149,0.3998446464538574,0.8459800641853084,0.3889712199407146,KEEP,observation_noise,0.0013011840041300745
2022-12-14,7.19,0.08,7.33,0.384854644536972,0.3984726071357727,0.7375138998031616,8,0.845910784824009,,0,1,interpolated,0.0,0.0,-4.56,5.18,8.72,0.3889141976833343,0.3994471728801727,0.8459454245046587,0.38677757250177985,KEEP,observation_noise,0.0013011840041300745
2022-12-15,6.8,0.0,8.68,0.3838073313236236,0.3978505134582519,0.7355440855026245,8,0.8458761451433594,,0,1,interpolated,0.0,0.0,-0.3900000000000005,5.18,8.721428571428572,0.384854644536972,0.3984726071357727,0.845910784824009,0.383828699265832,KEEP,observation_noise,0.0013011840041300745
2022-12-16,10.07,0.07,4.86,0.3972053825855255,0.3990015983581543,0.7611953020095825,8,0.8458415054627098,,0,1,interpolated,0.0,0.0,3.2700000000000005,5.25,7.977142857142858,0.3838073313236236,0.3978505134582519,0.8458761451433594,0.3972618996881703,KEEP,observation_noise,0.0013011840041300745
2022-12-17,7.95,1.35,2.66,0.3981205821037292,0.4006154239177704,0.7629030346870422,8,0.84580686578206,,0,1,interpolated,0.0,0.0,-2.12,6.459999999999999,6.747142857142856,0.3972053825855255,0.3990015983581543,0.8458415054627098,0.39844533734417553,KEEP,observation_noise,0.0013011840041300745
2022-12-18,4.75,2.06,5.32,0.3907228410243988,0.3994399011135101,0.7488036155700684,8,0.8457722261014103,,0,1,interpolated,0.0,0.0,-3.2,5.7,6.67,0.3981205821037292,0.4006154239177704,0.84580686578206,0.3907087304825654,KEEP,observation_noise,0.0013011840041300745
2022-12-19,6.1,0.2,7.78,0.3852388858795166,0.3982153534889221,0.7382749319076538,8,0.8457375864207607,,0,1,interpolated,0.0,0.0,1.3499999999999996,4.640000000000001,6.0842857142857145,0.3907228410243988,0.3994399011135101,0.8457722261014103,0.38630316408737714,KEEP,observation_noise,0.0013011840041300745
2022-12-20,8.31,0.01,9.48,0.385130763053894,0.3975631296634674,0.7380726933479309,8,0.845702946740111,,0,1,interpolated,0.0,0.0,2.210000000000001,3.77,6.587142857142857,0.3852388858795166,0.3982153534889221,0.8457375864207607,0.3855878691758422,KEEP,observation_noise,0.0013011840041300745
2022-12-21,9.0,13.68,2.48,0.418305903673172,0.4095344245433807,0.8016457557678223,8,0.8456683070594614,,0,1,interpolated,0.0,0.0,0.6899999999999995,17.37,5.894285714285714,0.385130763053894,0.3975631296634674,0.845702946740111,0.4180112140937043,KEEP,observation_noise,0.0013011840041300745
2022-12-22,6.94,5.4,7.01,0.3974937200546264,0.405625581741333,0.7617291808128357,8,0.8456336673788117,,0,1,interpolated,0.0,0.0,-2.06,22.77,5.655714285714285,0.418305903673172,0.4095344245433807,0.8456683070594614,0.39532305160489917,KEEP,observation_noise,0.0013011840041300745
2022-12-23,3.07,4.83,5.66,0.3919927179813385,0.4023856818675995,0.7512841820716858,8,0.8455990276981621,,0,1,interpolated,0.0,0.0,-3.870000000000001,27.53,5.7700000000000005,0.3974937200546264,0.405625581741333,0.8456336673788117,0.3944622715087114,KEEP,observation_noise,0.0013011840041300745
2022-12-24,5.72,4.21,4.84,0.3883931636810303,0.4008511900901794,0.7443246841430664,8,0.8455643880175124,,0,1,interpolated,0.0,0.0,2.65,30.39,6.081428571428572,0.3919927179813385,0.4023856818675995,0.8455990276981621,0.3878449561423456,KEEP,observation_noise,0.0013011840041300745
2022-12-25,9.28,1.51,9.4,0.3847042322158813,0.3999288380146026,0.7373012900352478,8,0.8455297483368628,,0,1,interpolated,0.0,0.0,3.56,29.84,6.664285714285716,0.3883931636810303,0.4008511900901794,0.8455643880175124,0.3850939081399795,KEEP,observation_noise,0.0013011840041300745
2022-12-26,9.35,0.49,10.88,0.3851357400417328,0.3991337716579437,0.7380483746528625,8,0.8454951086562131,,0,1,interpolated,0.0,0.0,0.0700000000000002,30.13,7.107142857142857,0.3847042322158813,0.3999288380146026,0.8455297483368628,0.38528082097441774,KEEP,observation_noise,0.0013011840041300745
2022-12-27,9.95,0.19,10.81,0.3855771422386169,0.3985866010189056,0.7389477491378784,8,0.8454604689755635,,0,1,interpolated,0.0,0.0,0.5999999999999996,30.31,7.297142857142857,0.3851357400417328,0.3991337716579437,0.8454951086562131,0.38555949234114956,KEEP,observation_noise,0.0013011840041300745
2022-12-28,9.21,0.0,7.02,0.3855808079242706,0.3982163369655609,0.7389565706253052,8,0.85026024332134,,0,1,climatology,0.0,0.0,-0.7399999999999984,16.630000000000003,7.945714285714287,0.3855771422386169,0.3985866010189056,0.8454604689755635,0.38756091986044744,KEEP,observation_noise,0.0013011840041300745
2022-12-29,7.47,0.0,8.85,0.3873688876628876,0.3979015052318573,0.7423630356788635,8,0.85026024332134,,0,1,climatology,0.0,0.0,-1.740000000000001,11.23,8.208571428571428,0.3855808079242706,0.3982163369655609,0.85026024332134,0.38505424046738607,KEEP,observation_noise,0.0013011840041300745
2022-12-30,7.48,0.0,7.63,0.3848702907562256,0.3975465595722198,0.7375595569610596,8,0.85026024332134,,0,1,climatology,0.0,0.0,0.0100000000000006,6.4,8.49,0.3873688876628876,0.3979015052318573,0.85026024332134,0.38531689963596605,KEEP,observation_noise,0.0013011840041300745
2022-12-31,7.69,0.01,7.67,0.3844982385635376,0.3972218036651611,0.7368330359458923,8,0.85026024332134,,0,1,climatology,0.0,0.0,0.2099999999999999,2.2,8.894285714285715,0.3848702907562256,0.3975465595722198,0.85026024332134,0.38395705639441247,KEEP,observation_noise,0.0013011840041300745
2023-01-01,8.52,0.0,10.79,0.3847072720527649,0.3969317376613617,0.7372766137123108,8,0.7808737919092776,,0,1,climatology,0.0,0.0,0.8299999999999992,0.69,9.092857142857142,0.3844982385635376,0.3972218036651611,0.85026024332134,0.38436008364815777,KEEP,observation_noise,0.0013011840041300745
2023-01-02,8.33,0.0,11.5,0.3836974501609802,0.3964774310588836,0.735351026058197,8,0.7953288201813402,,0,1,climatology,0.0,0.0,-0.1899999999999995,0.2,9.18142857142857,0.3847072720527649,0.3969317376613617,0.7808737919092776,0.38217306906644083,KEEP,observation_noise,0.0013011840041300745
2023-01-03,7.27,0.0,11.65,0.3825777471065521,0.3960805535316467,0.7331929206848145,8,0.8097838484534027,,0,1,climatology,0.0,0.0,-1.0600000000000005,0.01,9.301428571428572,0.3836974501609802,0.3964774310588836,0.7953288201813402,0.38292788113177706,KEEP,observation_noise,0.0013011840041300745
2023-01-04,7.31,0.0,12.49,0.3807129561901092,0.3956339061260223,0.7296307682991028,8,0.8242388767254651,,0,1,climatology,0.0,0.0,0.04,0.01,10.082857142857142,0.3825777471065521,0.3960805535316467,0.8097838484534027,0.38143700081316323,KEEP,observation_noise,0.0013011840041300745
2023-01-05,8.51,0.02,9.65,0.3809727430343628,0.3952516317367553,0.730096697807312,8,0.8386939049975277,,0,1,climatology,0.0,0.0,1.2000000000000002,0.03,10.197142857142856,0.3807129561901092,0.3956339061260223,0.8242388767254651,0.379682655166721,KEEP,observation_noise,0.0013011840041300745
2023-01-06,9.66,0.01,6.95,0.3892964124679565,0.3957637548446655,0.7460654377937317,8,0.8531489332695903,,0,1,climatology,0.0,0.0,1.1500000000000004,0.04,10.1,0.3809727430343628,0.3952516317367553,0.8386939049975277,0.39034138967188375,KEEP,observation_noise,0.0013011840041300745
2023-01-07,9.4,5.25,6.26,0.3927724957466125,0.3971545994281769,0.7527502775192261,8,0.8676039615416528,,0,1,climatology,0.0,0.0,-0.2599999999999998,5.28,9.898571428571428,0.3892964124679565,0.3957637548446655,0.8531489332695903,0.3928161375015175,KEEP,observation_noise,0.0013011840041300745
2023-01-08,9.43,0.0,12.57,0.3842156529426574,0.3958407640457153,0.7363290190696716,8,0.8610775410512453,,0,1,climatology,0.0,0.0,0.0299999999999993,5.28,10.152857142857144,0.3927724957466125,0.3971545994281769,0.8676039615416528,0.3842548566632193,KEEP,observation_noise,0.0013011840041300745
2023-01-09,11.81,0.17,10.87,0.3812924027442932,0.3949987888336181,0.7307080030441284,8,0.8545511205608378,,0,1,climatology,0.0,0.0,2.380000000000001,5.45,10.062857142857142,0.3842156529426574,0.3958407640457153,0.8610775410512453,0.3808472114889474,KEEP,observation_noise,0.0013011840041300745
2023-01-10,9.76,0.02,12.76,0.3810001611709595,0.3943610489368438,0.7301748394966125,8,0.8480247000704304,,0,1,climatology,0.0,0.0,-2.0500000000000007,5.470000000000001,10.221428571428572,0.3812924027442932,0.3949987888336181,0.8545511205608378,0.37948063781879127,KEEP,observation_noise,0.0013011840041300745
2023-01-11,10.13,0.0,12.21,0.3814326524734497,0.3939290046691894,0.731024980545044,8,0.841498279580023,,0,1,climatology,0.0,0.0,0.370000000000001,5.470000000000001,10.181428571428572,0.3810001611709595,0.3943610489368438,0.8480247000704304,0.38542444657296715,KEEP,observation_noise,0.0013011840041300745
2023-01-12,12.92,0.24,7.61,0.3902018964290619,0.3944184184074402,0.7477723360061646,8,0.8349718590896156,,0,1,climatology,0.0,0.0,2.789999999999999,5.69,9.89,0.3814326524734497,0.3939290046691894,0.841498279580023,0.39273123951569433,KEEP,observation_noise,0.0013011840041300745
2023-01-13,14.48,22.27,3.37,0.4395304024219513,0.4170045852661133,0.842305600643158,8,0.828445438599208,,0,1,climatology,0.0,0.0,1.5600000000000005,27.95,9.37857142857143,0.3902018964290619,0.3944184184074402,0.8349718590896156,0.4386006693479988,KEEP,observation_noise,0.0013011840041300745
2023-01-14,14.39,20.21,3.57,0.4151551127433777,0.420305848121643,0.7956773638725281,8,0.8219190181088006,,0,1,climatology,0.0,0.0,-0.0899999999999998,42.91,8.994285714285713,0.4395304024219513,0.4170045852661133,0.828445438599208,0.4122648967700836,KEEP,observation_noise,0.0013011840041300745
2023-01-15,12.16,3.32,6.17,0.4152865409851074,0.4141536056995392,0.7958664894104004,8,0.8153925976183932,,0,1,climatology,0.0,0.0,-2.2300000000000004,46.23,8.08,0.4151551127433777,0.420305848121643,0.8219190181088006,0.41727710998195333,KEEP,observation_noise,0.0013011840041300745
2023-01-16,9.51,3.81,6.49,0.4067600071430206,0.411450445652008,0.7795395851135254,8,0.8088661771279858,,0,1,climatology,0.0,0.0,-2.6500000000000004,49.87,7.454285714285715,0.4152865409851074,0.4141536056995392,0.8153925976183932,0.40743522592440196,KEEP,observation_noise,0.0013011840041300745
2023-01-17,8.41,5.14,6.03,0.4004103243350982,0.4083457887172699,0.767393171787262,8,0.8023397566375783,,0,1,climatology,0.0,0.0,-1.0999999999999996,54.99,6.492857142857143,0.4067600071430206,0.411450445652008,0.8088661771279858,0.39902310360978765,KEEP,observation_noise,0.0013011840041300745
2023-01-18,7.44,0.65,5.29,0.395548939704895,0.40665203332901,0.7580310106277466,8,0.7958133361471709,,0,1,climatology,0.0,0.0,-0.9699999999999998,55.64,5.504285714285714,0.4004103243350982,0.4083457887172699,0.8023397566375783,0.39521538435622205,KEEP,observation_noise,0.0013011840041300745
2023-01-19,7.33,0.25,6.19,0.3939298391342163,0.4056944549083709,0.754970371723175,8,0.7892869156567635,,0,1,climatology,0.0,0.0,-0.1100000000000003,55.65,5.301428571428572,0.395548939704895,0.40665203332901,0.7958133361471709,0.3933837963763028,KEEP,observation_noise,0.0013011840041300745
2023-01-20,8.02,0.45,6.29,0.3946759104728699,0.4050421118736267,0.7563692331314087,8,0.782760495166356,,0,1,climatology,0.0,0.0,0.6899999999999995,33.83,5.718571428571429,0.3939298391342163,0.4056944549083709,0.7892869156567635,0.39529768168759655,KEEP,observation_noise,0.0013011840041300745
2023-01-21,6.51,0.01,12.15,0.392280101776123,0.4043825268745422,0.7517334222793579,8,0.7762340746759485,,0,1,climatology,0.0,0.0,-1.5099999999999998,13.63,6.944285714285715,0.3946759104728699,0.4050421118736267,0.782760495166356,0.39257811554461036,KEEP,observation_noise,0.0013011840041300745
2023-01-22,6.52,9.69,4.01,0.4214041531085968,0.4125353395938873,0.8075463771820068,8,0.7697076541855411,,0,1,climatology,0.0,0.0,0.0099999999999997,20.0,6.635714285714286,0.392280101776123,0.4043825268745422,0.7762340746759485,0.4195185660769053,KEEP,observation_noise,0.0013011840041300745
2023-01-23,8.37,3.95,9.12,0.4107716679573059,0.4159372448921203,0.7871798872947693,8,0.710642693664139,,0,1,climatology,0.0,0.0,1.85,20.14,7.011428571428572,0.4214041531085968,0.4125353395938873,0.7697076541855411,0.41078653162295503,KEEP,observation_noise,0.0013011840041300745
2023-01-24,2.36,2.34,5.99,0.4064077138900757,0.4120232760906219,0.7788599133491516,8,0.6515777331427368,,0,1,climatology,0.0,0.0,-6.01,17.34,7.005714285714285,0.4107716679573059,0.4159372448921203,0.710642693664139,0.4047328033527914,KEEP,observation_noise,0.0013011840041300745
2023-01-25,0.53,0.71,9.56,0.3992233574390411,0.4096767008304596,0.765136182308197,8,0.5925127726213346,,0,1,climatology,0.0,0.0,-1.83,17.4,7.615714285714286,0.4064077138900757,0.4120232760906219,0.6515777331427368,0.3997043030622503,KEEP,observation_noise,0.0013011840041300745
2023-01-26,4.69,0.18,4.75,0.3999831676483154,0.4088267385959625,0.7665806412696838,8,0.5334478120999325,,0,1,climatology,0.0,0.0,4.16,17.330000000000002,7.410000000000001,0.3992233574390411,0.4096767008304596,0.5925127726213346,0.3998878643418112,KEEP,observation_noise,0.0013011840041300745
2023-01-27,5.08,2.01,6.62,0.3986976444721222,0.4082250297069549,0.7640610933303833,8,0.7970510935352506,,0,1,climatology,0.0,0.0,0.3899999999999997,18.89,7.457142857142856,0.3999831676483154,0.4088267385959625,0.5334478120999325,0.3980449123266289,KEEP,observation_noise,0.0013011840041300745
2023-01-28,2.76,0.11,8.37,0.3980914652347564,0.4074420034885406,0.7629401683807373,8,0.8040621021576755,,0,1,climatology,0.0,0.0,-2.3200000000000003,18.99,6.917142857142857,0.3986976444721222,0.4082250297069549,0.7970510935352506,0.3980921443616946,KEEP,observation_noise,0.0013011840041300745
2023-01-29,5.89,0.13,6.25,0.3968352973461151,0.4068629443645477,0.7604743838310242,8,0.8110731107801005,,0,1,climatology,0.0,0.0,3.13,9.43,7.237142857142857,0.3980914652347564,0.4074420034885406,0.8040621021576755,0.39638477531082206,KEEP,observation_noise,0.0013011840041300745
2023-01-30,6.71,0.05,14.39,0.3941753208637237,0.4061435163021087,0.7554725408554077,8,0.8180841194025255,,0,1,climatology,0.0,0.0,0.8200000000000003,5.529999999999999,7.990000000000001,0.3968352973461151,0.4068629443645477,0.8110731107801005,0.393683291587972,KEEP,observation_noise,0.0013011840041300745
2023-01-31,7.57,0.0,14.88,0.3954610526561737,0.4056608378887176,0.7579512596130371,8,0.8442480801528254,0.8442480801528254,1,0,observed,0.7468379843404935,1.0,0.8600000000000003,3.19,9.260000000000002,0.3941753208637237,0.4061435163021087,0.8180841194025255,0.39610909187095517,KEEP,observation_noise,0.0013011840041300745
2023-02-01,11.13,0.3,9.19,0.3983067870140075,0.4057543575763702,0.7633070945739746,8,0.8437946329542682,,0,1,interpolated,0.0,0.0,3.5600000000000005,2.78,9.207142857142856,0.3954610526561737,0.4056608378887176,0.8442480801528254,0.39862800908324925,KEEP,observation_noise,0.0013011840041300745
2023-02-02,8.63,0.01,9.18,0.3928673863410949,0.4051201641559601,0.7529335618019104,8,0.8433411857557109,,0,1,interpolated,0.0,0.0,-2.5,2.61,9.84,0.3983067870140075,0.4057543575763702,0.8437946329542682,0.39378288895711905,KEEP,observation_noise,0.0013011840041300745
2023-02-03,8.36,0.5,8.99,0.3924318850040436,0.404686689376831,0.7521611452102661,8,0.8428877385571537,,0,1,interpolated,0.0,0.0,-0.2700000000000013,1.1,10.178571428571429,0.3928673863410949,0.4051201641559601,0.8433411857557109,0.3943999704499911,KEEP,observation_noise,0.0013011840041300745
2023-02-04,7.78,0.03,12.02,0.3923985362052917,0.4042012989521026,0.7519816756248474,8,0.8424342913585965,,0,1,interpolated,0.0,0.0,-0.5799999999999992,1.02,10.7,0.3924318850040436,0.404686689376831,0.8428877385571537,0.3926370570512331,KEEP,observation_noise,0.0013011840041300745
2023-02-05,8.01,0.0,14.61,0.3916117548942566,0.4037134945392608,0.7505209445953369,8,0.8419808441600393,,0,1,interpolated,0.0,0.0,0.2299999999999995,0.89,11.894285714285711,0.3923985362052917,0.4042012989521026,0.8424342913585965,0.39014248264565665,KEEP,observation_noise,0.0013011840041300745
2023-02-06,8.71,2.57,4.96,0.4091342091560364,0.4077798724174499,0.7841041088104248,8,0.841527396961482,,0,1,interpolated,0.0,0.0,0.7000000000000011,3.41,10.547142857142855,0.3916117548942566,0.4037134945392608,0.8419808441600393,0.40996697086226913,KEEP,observation_noise,0.0013011840041300745
2023-02-07,9.27,2.92,6.26,0.4077822268009186,0.4109830558300018,0.7814742922782898,8,0.8410739497629248,,0,1,interpolated,0.0,0.0,0.5599999999999987,6.33,9.315714285714284,0.4091342091560364,0.4077798724174499,0.841527396961482,0.4097988683640629,KEEP,observation_noise,0.0013011840041300745
2023-02-08,10.28,0.0,13.6,0.3979075253009796,0.4079092144966125,0.7625547647476196,8,0.8406205025643676,,0,1,interpolated,0.0,0.0,1.0099999999999998,6.029999999999999,9.945714285714288,0.4077822268009186,0.4109830558300018,0.8410739497629248,0.39852165716599686,KEEP,observation_noise,0.0013011840041300745
2023-02-09,9.51,0.7,11.97,0.4121767580509186,0.4099588394165039,0.789905846118927,8,0.8401670553658104,,0,1,interpolated,0.0,0.0,-0.7699999999999996,6.72,10.344285714285714,0.3979075253009796,0.4079092144966125,0.8406205025643676,0.41060937591118546,KEEP,observation_noise,0.0013011840041300745
2023-02-10,8.61,17.97,3.77,0.4150144159793854,0.4172385036945343,0.7953628897666931,8,0.8397136081672532,,0,1,interpolated,0.0,0.0,-0.9000000000000004,24.19,9.598571428571429,0.4121767580509186,0.4099588394165039,0.8401670553658104,0.41518286231634693,KEEP,observation_noise,0.0013011840041300745
2023-02-11,10.33,0.06,8.95,0.403014063835144,0.4121973216533661,0.7723293304443359,8,0.8392601609686958,,0,1,interpolated,0.0,0.0,1.7200000000000006,24.219999999999995,9.159999999999998,0.4150144159793854,0.4172385036945343,0.8397136081672532,0.4025388927714661,KEEP,observation_noise,0.0013011840041300745
2023-02-12,10.99,15.28,12.28,0.4191778004169464,0.4154528677463531,0.8033334016799927,8,0.8388067137701386,,0,1,interpolated,0.0,0.0,0.6600000000000001,39.5,8.827142857142857,0.403014063835144,0.4121973216533661,0.8392601609686958,0.4188279413159852,KEEP,observation_noise,0.0013011840041300745
2023-02-13,10.58,3.91,3.31,0.4200308918952942,0.4210047721862793,0.8049392700195312,8,0.8383532665715814,,0,1,interpolated,0.0,0.0,-0.4100000000000001,40.84,8.59142857142857,0.4191778004169464,0.4154528677463531,0.8388067137701386,0.42022626657776063,KEEP,observation_noise,0.0013011840041300745
2023-02-14,8.27,0.97,10.81,0.4052914381027221,0.4160849452018738,0.7766851186752319,8,0.8378998193730242,,0,1,interpolated,0.0,0.0,-2.3100000000000005,38.88999999999999,9.241428571428573,0.4200308918952942,0.4210047721862793,0.8383532665715814,0.4051040110767676,KEEP,observation_noise,0.0013011840041300745
2023-02-15,6.1,0.29,11.28,0.4021010100841522,0.4136474132537842,0.770601212978363,8,0.8374463721744669,,0,1,interpolated,0.0,0.0,-2.17,39.17999999999999,8.91,0.4052914381027221,0.4160849452018738,0.8378998193730242,0.40196776967907755,KEEP,observation_noise,0.0013011840041300745
2023-02-16,6.87,0.03,17.93,0.4001911580562591,0.4122909903526306,0.7670237421989441,8,0.8369929249759097,,0,1,interpolated,0.0,0.0,0.7700000000000005,38.51,9.76142857142857,0.4021010100841522,0.4136474132537842,0.8374463721744669,0.3987043644392533,KEEP,observation_noise,0.0013011840041300745
2023-02-17,10.45,0.86,8.36,0.4000628292560577,0.4115338623523712,0.7667439579963684,8,0.8365394777773525,,0,1,interpolated,0.0,0.0,3.579999999999999,21.4,10.417142857142858,0.4001911580562591,0.4122909903526306,0.8369929249759097,0.4015964172794039,KEEP,observation_noise,0.0013011840041300745
2023-02-18,12.7,21.78,2.89,0.4247073829174042,0.416931688785553,0.8139126896858215,8,0.8360860305787953,,0,1,interpolated,0.0,0.0,2.25,43.120000000000005,9.551428571428572,0.4000628292560577,0.4115338623523712,0.8365394777773525,0.4237051990602157,KEEP,observation_noise,0.0013011840041300745
2023-02-19,12.7,15.18,6.16,0.4178399443626404,0.4213753044605255,0.8006985187530518,8,0.835632583380238,,0,1,interpolated,0.0,0.0,0.0,43.02,8.677142857142856,0.4247073829174042,0.416931688785553,0.8360860305787953,0.41911445225792604,KEEP,observation_noise,0.0013011840041300745
2023-02-20,8.27,0.01,17.59,0.4063532054424286,0.4170314073562622,0.7787543535232544,8,0.8351791361816808,0.8351791361816808,1,0,observed,0.9784179883557514,1.0,-4.43,39.120000000000005,10.71714285714286,0.4178399443626404,0.4213753044605255,0.835632583380238,0.40654281643568146,KEEP,observation_noise,0.0013011840041300745
2023-02-21,6.68,0.31,10.32,0.4038213789463043,0.4148047566413879,0.7739293575286865,8,0.8310906821102397,,0,1,interpolated,0.0,0.0,-1.59,38.46,10.647142857142857,0.4063532054424286,0.4170314073562622,0.8351791361816808,0.40488872436620604,KEEP,observation_noise,0.0013011840041300745
2023-02-22,6.91,0.03,15.18,0.4063192307949066,0.4139266908168793,0.778662919998169,8,0.8270022280387987,,0,1,interpolated,0.0,0.0,0.2300000000000004,38.2,11.204285714285716,0.4038213789463043,0.4148047566413879,0.8310906821102397,0.4048247739319911,KEEP,observation_noise,0.0013011840041300745
2023-02-23,10.01,0.42,11.18,0.4140056073665619,0.4152888357639313,0.7934430241584778,8,0.8229137739673577,,0,1,interpolated,0.0,0.0,3.1,38.59,10.24,0.4063192307949066,0.4139266908168793,0.8270022280387987,0.41318664746140915,KEEP,observation_noise,0.0013011840041300745
2023-02-24,10.31,3.12,9.06,0.4130573272705078,0.4181161522865295,0.7915896773338318,8,0.8188253198959167,,0,1,interpolated,0.0,0.0,0.3000000000000007,40.85,10.34,0.4140056073665619,0.4152888357639313,0.8229137739673577,0.41290929717640507,KEEP,observation_noise,0.0013011840041300745
2023-02-25,8.69,2.16,9.99,0.4058564901351928,0.4159755706787109,0.7777789831161499,8,0.8147368658244756,,0,1,interpolated,0.0,0.0,-1.620000000000001,21.23,11.354285714285714,0.4130573272705078,0.4181161522865295,0.8188253198959167,0.4051013986583972,KEEP,observation_noise,0.0013011840041300745
2023-02-26,7.94,0.15,15.99,0.4021266102790832,0.4144951403141022,0.7706085443496704,8,0.8106484117530345,,0,1,interpolated,0.0,0.0,-0.7499999999999991,6.2,12.758571428571427,0.4058564901351928,0.4159755706787109,0.8147368658244756,0.40182248439284834,KEEP,observation_noise,0.0013011840041300745
2023-02-27,9.34,0.0,20.55,0.399095743894577,0.413306713104248,0.7648878693580627,8,0.8065599576815935,,0,1,interpolated,0.0,0.0,1.3999999999999997,6.19,13.181428571428572,0.4021266102790832,0.4144951403141022,0.8106484117530345,0.39780059483049823,KEEP,observation_noise,0.0013011840041300745
2023-02-28,11.42,0.01,19.26,0.398184984922409,0.4124314785003662,0.7631486058235168,8,0.8024715036101524,,0,1,interpolated,0.0,0.0,2.08,5.89,14.45857142857143,0.399095743894577,0.413306713104248,0.8065599576815935,0.3981353475623212,KEEP,observation_noise,0.0013011840041300745
2023-03-01,12.34,15.08,6.49,0.4210219085216522,0.4187376797199249,0.8068444132804871,8,0.7983830495387114,,0,1,interpolated,0.0,0.0,0.92,20.94,13.21714285714286,0.398184984922409,0.4124314785003662,0.8024715036101524,0.4207912849731443,KEEP,observation_noise,0.0013011840041300745
2023-03-02,8.05,0.02,19.34,0.4078231751918793,0.4175622463226318,0.7816407084465027,8,0.7942945954672703,,0,1,interpolated,0.0,0.0,-4.289999999999999,20.54,14.382857142857144,0.4210219085216522,0.4187376797199249,0.7983830495387114,0.4075605351468975,KEEP,observation_noise,0.0013011840041300745
2023-03-03,8.92,0.0,19.68,0.4031887948513031,0.4149484038352966,0.772713840007782,8,0.7902061413958292,,0,1,interpolated,0.0,0.0,0.8699999999999992,17.42,15.900000000000002,0.4078231751918793,0.4175622463226318,0.7942945954672703,0.4024385334452747,KEEP,observation_noise,0.0013011840041300745
2023-03-04,11.71,0.01,14.12,0.3999164402484894,0.413629949092865,0.7664658427238464,8,0.7861176873243882,,0,1,interpolated,0.0,0.0,2.790000000000001,15.269999999999998,16.490000000000002,0.4031887948513031,0.4149484038352966,0.7902061413958292,0.4003903928728376,KEEP,observation_noise,0.0013011840041300745
2023-03-05,10.37,0.02,19.94,0.3994715213775635,0.4125372767448425,0.7654927372932434,8,0.7820292332529472,,0,1,interpolated,0.0,0.0,-1.3400000000000016,15.14,17.054285714285715,0.3999164402484894,0.413629949092865,0.7861176873243882,0.4000939705521646,KEEP,observation_noise,0.0013011840041300745
2023-03-06,11.56,0.0,20.27,0.3977797627449035,0.4115310609340668,0.7623233795166016,8,0.7779407791815062,,0,1,interpolated,0.0,0.0,1.1900000000000013,15.14,17.014285714285716,0.3994715213775635,0.4125372767448425,0.7820292332529472,0.39662376399184873,KEEP,observation_noise,0.0013011840041300745
2023-03-07,12.78,0.0,19.02,0.3968572914600372,0.4108096659183502,0.7605920433998108,8,0.7738523251100651,0.7738523251100651,1,0,observed,0.3621762698253362,2.0,1.2199999999999989,15.13,16.98,0.3977797627449035,0.4115310609340668,0.7779407791815062,0.3980674747062033,KEEP,observation_noise,0.0013011840041300745
2023-03-08,13.29,0.0,16.92,0.3961107730865478,0.4100220203399658,0.7591464519500732,8,0.7667067283500076,,0,1,interpolated,0.0,0.0,0.5099999999999998,0.0499999999999982,18.47,0.3968572914600372,0.4108096659183502,0.7738523251100651,0.39521633379575083,KEEP,observation_noise,0.0013011840041300745
2023-03-09,13.85,2.46,11.29,0.4025691151618957,0.4102536141872406,0.7714672088623047,8,0.7595611315899502,,0,1,interpolated,0.0,0.0,0.5600000000000005,2.489999999999998,17.32,0.3961107730865478,0.4100220203399658,0.7667067283500076,0.4013050997737675,KEEP,observation_noise,0.0013011840041300745
2023-03-10,14.98,0.22,18.0,0.395887941122055,0.4095595180988312,0.7587346434593201,8,0.7524155348298927,,0,1,interpolated,0.0,0.0,1.1300000000000008,2.709999999999998,17.080000000000002,0.4025691151618957,0.4102536141872406,0.7595611315899502,0.3958564482833138,KEEP,observation_noise,0.0013011840041300745
2023-03-11,15.38,0.01,17.72,0.3917701840400696,0.4084433615207672,0.7507945895195007,8,0.7452699380698352,,0,1,interpolated,0.0,0.0,0.4000000000000003,2.709999999999998,17.594285714285714,0.395887941122055,0.4095595180988312,0.7524155348298927,0.39142430931652117,KEEP,observation_noise,0.0013011840041300745
2023-03-12,14.64,10.89,11.37,0.4099271595478058,0.4118635058403015,0.7856236696243286,8,0.7381243413097778,,0,1,interpolated,0.0,0.0,-0.7400000000000002,13.579999999999998,16.37,0.3917701840400696,0.4084433615207672,0.7452699380698352,0.41176252029453825,KEEP,observation_noise,0.0013011840041300745
2023-03-13,7.54,0.0,21.95,0.4009184539318084,0.4115268886089325,0.768393874168396,8,0.7309787445497203,,0,1,interpolated,0.0,0.0,-7.1000000000000005,13.579999999999998,16.610000000000003,0.4099271595478058,0.4118635058403015,0.7381243413097778,0.3992145050444063,KEEP,observation_noise,0.0013011840041300745
2023-03-14,11.02,0.0,22.78,0.3939865827560425,0.4092381596565246,0.7550762295722961,8,0.7238331477896629,,0,1,interpolated,0.0,0.0,3.4799999999999995,13.579999999999998,17.147142857142857,0.4009184539318084,0.4115268886089325,0.7309787445497203,0.3926418536483151,KEEP,observation_noise,0.0013011840041300745
2023-03-15,13.55,0.0,19.6,0.3951689898967743,0.4079018533229828,0.7573367953300476,8,0.7166875510296054,,0,1,interpolated,0.0,0.0,2.530000000000001,13.579999999999998,17.53,0.3939865827560425,0.4092381596565246,0.7238331477896629,0.39473503120931674,KEEP,observation_noise,0.0013011840041300745
2023-03-16,13.45,2.86,11.32,0.3995648920536041,0.4080221652984619,0.7657337188720703,8,0.7095419542695479,,0,1,interpolated,0.0,0.0,-0.1000000000000014,13.979999999999997,17.534285714285716,0.3951689898967743,0.4079018533229828,0.7166875510296054,0.39926533747903054,KEEP,observation_noise,0.0013011840041300745
2023-03-17,12.36,9.75,8.32,0.422097772359848,0.4154404401779175,0.8089985847473145,8,0.7023963575094905,,0,1,interpolated,0.0,0.0,-1.09,23.51,16.15142857142857,0.3995648920536041,0.4080221652984619,0.7095419542695479,0.4214132275418536,KEEP,observation_noise,0.0013011840041300745
2023-03-18,11.81,5.53,9.89,0.4116861224174499,0.4184831976890564,0.7889636158943176,8,0.695250760749433,,0,1,interpolated,0.0,0.0,-0.5499999999999989,29.03,15.032857142857145,0.422097772359848,0.4154404401779175,0.7023963575094905,0.41302665861048937,KEEP,observation_noise,0.0013011840041300745
2023-03-19,12.84,0.0,21.34,0.3995294570922851,0.4134554266929626,0.7656481862068176,8,0.6881051639893756,,0,1,interpolated,0.0,0.0,1.0299999999999994,18.14,16.45714285714286,0.4116861224174499,0.4184831976890564,0.695250760749433,0.39852650387438776,KEEP,observation_noise,0.0013011840041300745
2023-03-20,13.79,0.12,14.4,0.3993003964424133,0.4114441275596618,0.7652369141578674,8,0.680959567229318,,0,1,interpolated,0.0,0.0,0.9499999999999992,18.26,15.378571428571428,0.3995294570922851,0.4134554266929626,0.6881051639893756,0.39840620593129533,KEEP,observation_noise,0.0013011840041300745
2023-03-21,13.86,18.62,4.86,0.4247401356697082,0.4217585027217865,0.8139393925666809,8,0.6738139704692606,,0,1,interpolated,0.0,0.0,0.0700000000000002,36.88,12.81857142857143,0.3993003964424133,0.4114441275596618,0.680959567229318,0.42312884140415435,KEEP,observation_noise,0.0013011840041300745
2023-03-22,15.72,0.8,17.58,0.4180987179279327,0.4194347262382507,0.8012568950653076,8,0.6666683737092032,0.6666683737092032,1,0,observed,0.9588436057016664,1.0,1.8600000000000008,37.68,12.53,0.4247401356697082,0.4217585027217865,0.6738139704692606,0.420037580572917,KEEP,observation_noise,0.0013011840041300745
2023-03-23,16.56,12.49,4.0,0.4189698696136474,0.4233565926551819,0.8029419183731079,8,0.6618819493356858,,0,1,interpolated,0.0,0.0,0.8399999999999981,47.31,11.484285714285717,0.4180987179279327,0.4194347262382507,0.6666683737092032,0.4192391354081941,KEEP,observation_noise,0.0013011840041300745
2023-03-24,14.21,3.57,6.4,0.4155453741550445,0.4200070798397064,0.7964197397232056,8,0.6570955249621684,,0,1,interpolated,0.0,0.0,-2.349999999999998,41.13,11.21,0.4189698696136474,0.4233565926551819,0.6618819493356858,0.41406770981704527,KEEP,observation_noise,0.0013011840041300745
2023-03-25,13.3,0.35,15.49,0.4212874174118042,0.4207590520381927,0.8073528409004211,8,0.6523091005886509,,0,1,interpolated,0.0,0.0,-0.91,35.95,12.01,0.4155453741550445,0.4200070798397064,0.6570955249621684,0.4227390024692684,KEEP,observation_noise,0.0013011840041300745
2023-03-26,12.46,10.36,9.2,0.4177327156066894,0.4242339134216308,0.8005954027175903,8,0.6475226762151335,,0,1,interpolated,0.0,0.0,-0.8399999999999999,46.31,10.275714285714283,0.4212874174118042,0.4207590520381927,0.6523091005886509,0.41934936274700596,KEEP,observation_noise,0.0013011840041300745
2023-03-27,12.33,1.08,14.5,0.409737229347229,0.4206782579421997,0.785273551940918,8,0.6427362518416161,,0,1,interpolated,0.0,0.0,-0.1300000000000007,47.27,10.29,0.4177327156066894,0.4242339134216308,0.6475226762151335,0.4099667539102717,KEEP,observation_noise,0.0013011840041300745
2023-03-28,13.31,0.0,24.2,0.4036609530448913,0.4182417392730713,0.7735916972160339,8,0.6379498274680987,,0,1,interpolated,0.0,0.0,0.9800000000000004,28.65,13.052857142857144,0.409737229347229,0.4206782579421997,0.6427362518416161,0.4030249003430911,KEEP,observation_noise,0.0013011840041300745
2023-03-29,13.67,0.0,21.79,0.4005586504936218,0.4165189564228058,0.7676379084587097,8,0.6331634030945813,,0,1,interpolated,0.0,0.0,0.3599999999999994,27.849999999999994,13.654285714285717,0.4036609530448913,0.4182417392730713,0.6379498274680987,0.39900708953241015,KEEP,observation_noise,0.0013011840041300745
2023-03-30,14.51,0.0,14.48,0.4048251807689667,0.415753960609436,0.7757905721664429,8,0.6283769787210638,,0,1,interpolated,0.0,0.0,0.8399999999999999,15.359999999999996,15.151428571428571,0.4005586504936218,0.4165189564228058,0.6331634030945813,0.4036132020905414,KEEP,observation_noise,0.0013011840041300745
2023-03-31,16.0,0.0,21.85,0.4018361866474151,0.4151347875595093,0.7700613141059875,8,0.6235905543475464,,0,1,interpolated,0.0,0.0,1.4900000000000002,11.789999999999996,17.358571428571427,0.4048251807689667,0.415753960609436,0.6283769787210638,0.40043762990614884,KEEP,observation_noise,0.0013011840041300745
2023-04-01,15.76,0.02,19.74,0.3967224955558777,0.4136504828929901,0.7603057622909546,8,0.618804129974029,0.618804129974029,1,0,observed,0.9728970086328046,2.0,-0.2400000000000002,11.459999999999996,17.965714285714284,0.4018361866474151,0.4151347875595093,0.6235905543475464,0.3964385749857348,KEEP,observation_noise,0.0013011840041300745
2023-04-02,14.98,0.0,22.71,0.3960433602333069,0.4124786257743835,0.7590194940567017,8,0.6121905004841374,,0,1,interpolated,0.0,0.0,-0.7799999999999994,1.0999999999999963,19.895714285714284,0.3967224955558777,0.4136504828929901,0.618804129974029,0.395883317053883,KEEP,observation_noise,0.0013011840041300745
2023-04-03,13.73,0.0,24.67,0.3950300812721252,0.4112651944160461,0.756989061832428,8,0.6055768709942458,,0,1,interpolated,0.0,0.0,-1.25,0.0199999999999964,21.34857142857143,0.3960433602333069,0.4124786257743835,0.6121905004841374,0.3945568541705738,KEEP,observation_noise,0.0013011840041300745
2023-04-04,15.85,0.0,16.73,0.4035367667675018,0.4114412665367126,0.7733557224273682,8,0.5989632415043542,,0,1,interpolated,0.0,0.0,2.119999999999999,0.0199999999999964,20.28142857142857,0.3950300812721252,0.4112651944160461,0.6055768709942458,0.4036018923638169,KEEP,observation_noise,0.0013011840041300745
2023-04-05,16.15,14.02,3.81,0.4366352260112762,0.4257093667984009,0.836776077747345,8,0.5923496120144626,,0,1,interpolated,0.0,0.0,0.2999999999999989,14.039999999999996,17.712857142857143,0.4035367667675018,0.4114412665367126,0.5989632415043542,0.43821845126760584,KEEP,observation_noise,0.0013011840041300745
2023-04-06,16.11,6.29,6.23,0.4311065375804901,0.4280000329017639,0.8262713551521301,8,0.585735982524571,,0,1,interpolated,0.0,0.0,-0.0399999999999991,20.329999999999995,16.534285714285712,0.4366352260112762,0.4257093667984009,0.5923496120144626,0.43171912360926207,KEEP,observation_noise,0.0013011840041300745
2023-04-07,14.27,22.83,12.82,0.4172491431236267,0.4269851446151733,0.7996386289596558,8,0.5791223530346794,,0,1,interpolated,0.0,0.0,-1.84,43.16,15.244285714285716,0.4311065375804901,0.4280000329017639,0.585735982524571,0.41385232147193407,KEEP,observation_noise,0.0013011840041300745
2023-04-08,12.36,0.0,26.61,0.4066044092178345,0.4215017855167389,0.7791691422462463,8,0.5725087235447878,,0,1,interpolated,0.0,0.0,-1.91,43.13999999999999,16.225714285714286,0.4172491431236267,0.4269851446151733,0.5791223530346794,0.40567335659333165,KEEP,observation_noise,0.0013011840041300745
2023-04-09,13.51,0.0,26.01,0.4013200402259826,0.4185337424278259,0.7691338062286377,8,0.5658950940548961,,0,1,interpolated,0.0,0.0,1.1500000000000004,43.13999999999999,16.697142857142858,0.4066044092178345,0.4215017855167389,0.5725087235447878,0.40299988567978273,KEEP,observation_noise,0.0013011840041300745
2023-04-10,14.63,0.0,24.06,0.4002864956855774,0.4166583120822906,0.767120361328125,8,0.5592814645650046,,0,1,interpolated,0.0,0.0,1.120000000000001,43.13999999999999,16.610000000000003,0.4013200402259826,0.4185337424278259,0.5658950940548961,0.39926389980238947,KEEP,observation_noise,0.0013011840041300745
2023-04-11,16.35,0.08,17.9,0.4032202363014221,0.4156037867069244,0.7727620601654053,8,0.552667835075113,,0,1,interpolated,0.0,0.0,1.7200000000000006,43.21999999999999,16.777142857142856,0.4002864956855774,0.4166583120822906,0.5592814645650046,0.4045956047429375,KEEP,observation_noise,0.0013011840041300745
2023-04-12,15.31,9.52,20.85,0.4042947292327881,0.4152592420578003,0.7748149037361145,8,0.5460542055852213,,0,1,interpolated,0.0,0.0,-1.040000000000001,38.71999999999999,19.21142857142857,0.4032202363014221,0.4156037867069244,0.552667835075113,0.40467881651830606,KEEP,observation_noise,0.0013011840041300745
2023-04-13,16.23,0.0,23.31,0.3971272706985473,0.4133631289005279,0.7610421776771545,8,0.5394405760953298,,0,1,interpolated,0.0,0.0,0.92,32.42999999999999,21.65142857142857,0.4042947292327881,0.4152592420578003,0.5460542055852213,0.3980254219109964,KEEP,observation_noise,0.0013011840041300745
2023-04-14,15.08,28.72,5.28,0.43209108710289,0.423664391040802,0.8280631899833679,8,0.5328269466054382,,0,1,interpolated,0.0,0.0,-1.1500000000000004,38.31999999999999,20.574285714285715,0.3971272706985473,0.4133631289005279,0.5394405760953298,0.4312568970110765,KEEP,observation_noise,0.0013011840041300745
2023-04-15,14.71,20.42,5.23,0.4258500635623932,0.4313790202140808,0.8161677122116089,8,0.5262133171155465,,0,1,interpolated,0.0,0.0,-0.3699999999999992,58.74,17.52,0.43209108710289,0.423664391040802,0.5328269466054382,0.42509829402541904,KEEP,observation_noise,0.0013011840041300745
2023-04-16,15.33,5.04,17.6,0.4167875349521637,0.4250536561012268,0.7987435460090637,8,0.519599687625655,,0,1,interpolated,0.0,0.0,0.6199999999999992,63.78,16.318571428571428,0.4258500635623932,0.4313790202140808,0.5262133171155465,0.41336006581944185,KEEP,observation_noise,0.0013011840041300745
2023-04-17,14.75,0.09,24.95,0.4034034609794616,0.4210325181484222,0.7731224894523621,8,0.5129860581357634,,0,1,interpolated,0.0,0.0,-0.5800000000000001,63.87,16.445714285714285,0.4167875349521637,0.4250536561012268,0.519599687625655,0.40479939214384625,KEEP,observation_noise,0.0013011840041300745
2023-04-18,17.04,0.03,21.91,0.4026446640491485,0.4187996685504913,0.7716631293296814,8,0.5063724286458717,,0,1,interpolated,0.0,0.0,2.289999999999999,63.81999999999999,17.018571428571427,0.4034034609794616,0.4210325181484222,0.5129860581357634,0.4041659753342744,KEEP,observation_noise,0.0013011840041300745
2023-04-19,19.2,3.02,12.47,0.4130046367645263,0.4186735451221466,0.7915261387825012,8,0.4997587991559801,,0,1,interpolated,0.0,0.0,2.16,57.31999999999999,15.821428571428571,0.4026446640491485,0.4187996685504913,0.5063724286458717,0.4116270339269474,KEEP,observation_noise,0.0013011840041300745
2023-04-20,18.85,0.08,23.98,0.4049306213855743,0.4173871576786041,0.7760146260261536,8,0.4931451696660885,,0,1,interpolated,0.0,0.0,-0.3499999999999978,57.39999999999999,15.91714285714286,0.4130046367645263,0.4186735451221466,0.4997587991559801,0.4037208482025108,KEEP,observation_noise,0.0013011840041300745
2023-04-21,16.63,0.05,14.01,0.4022286832332611,0.4159765839576721,0.7708569765090942,8,0.4865315401761969,,0,1,interpolated,0.0,0.0,-2.2200000000000024,28.729999999999997,17.164285714285715,0.4049306213855743,0.4173871576786041,0.4931451696660885,0.40318491253898175,KEEP,observation_noise,0.0013011840041300745
2023-04-22,14.39,0.0,26.24,0.3990425765514374,0.4142973721027374,0.7647438049316406,8,0.4799179106863054,,0,1,interpolated,0.0,0.0,-2.2399999999999984,8.309999999999993,20.165714285714284,0.4022286832332611,0.4159765839576721,0.4865315401761969,0.4018372554531895,KEEP,observation_noise,0.0013011840041300745
2023-04-23,14.4,0.0,23.31,0.3962719142436981,0.4126478731632232,0.7594711780548096,8,0.4733042811964137,,0,1,interpolated,0.0,0.0,0.0099999999999997,3.269999999999993,20.981428571428573,0.3990425765514374,0.4142973721027374,0.4799179106863054,0.3996075296775063,KEEP,observation_noise,0.0013011840041300745
2023-04-24,13.71,0.31,7.33,0.4129965305328369,0.4142117500305176,0.7914549708366394,8,0.4666906517065221,,0,1,interpolated,0.0,0.0,-0.6899999999999995,3.489999999999993,18.464285714285715,0.3962719142436981,0.4126478731632232,0.4733042811964137,0.4110759204151435,KEEP,observation_noise,0.0013011840041300745
2023-04-25,12.82,36.34,3.86,0.4282473921775818,0.4226613342761993,0.8206608295440674,8,0.4600770222166305,,0,1,interpolated,0.0,0.0,-0.8900000000000006,39.8,15.885714285714286,0.4129965305328369,0.4142117500305176,0.4666906517065221,0.4304648363224595,KEEP,observation_noise,0.0013011840041300745
2023-04-26,14.64,8.72,24.43,0.410780668258667,0.4201113283634186,0.7872033715248108,8,0.4534633927267389,0.4534633927267389,1,0,observed,1.0,1.0,1.8200000000000005,45.49999999999999,17.594285714285714,0.4282473921775818,0.4226613342761993,0.4600770222166305,0.4102347135432096,KEEP,observation_noise,0.0013011840041300745
2023-04-27,16.15,0.0,25.33,0.3989441394805908,0.4159724414348602,0.7645693421363831,8,0.4441074972938965,,0,1,interpolated,0.0,0.0,1.509999999999998,45.42,17.787142857142857,0.410780668258667,0.4201113283634186,0.4534633927267389,0.39957481972381365,KEEP,observation_noise,0.0013011840041300745
2023-04-28,17.0,0.0,23.95,0.3982177376747131,0.4139190018177032,0.7631152868270874,8,0.434751601861054,,0,1,interpolated,0.0,0.0,0.8500000000000014,45.37,19.207142857142856,0.3989441394805908,0.4159724414348602,0.4441074972938965,0.3979250892822174,KEEP,observation_noise,0.0013011840041300745
2023-04-29,17.62,74.22,4.57,0.4374301433563232,0.4287367463111877,0.8382852673530579,8,0.4253957064282114,,0,1,interpolated,0.0,0.0,0.620000000000001,119.59,16.11142857142857,0.3982177376747131,0.4139190018177032,0.434751601861054,0.4355861751937389,KEEP,observation_noise,0.0013011840041300745
2023-04-30,15.63,1.68,22.02,0.4108976423740387,0.425385057926178,0.7874839305877686,8,0.4160398109953689,,0,1,interpolated,0.0,0.0,-1.99,121.27,15.927142857142858,0.4374301433563232,0.4287367463111877,0.4253957064282114,0.409702757767341,KEEP,observation_noise,0.0013011840041300745
2023-05-01,16.34,0.0,27.19,0.4043151140213012,0.4201333522796631,0.7748708724975586,8,0.4066839155625265,0.4066839155625265,1,0,observed,0.9982935153583612,1.0,0.7099999999999991,120.96,18.764285714285712,0.4108976423740387,0.425385057926178,0.4160398109953689,0.4064745800843818,KEEP,observation_noise,0.0013011840041300745
2023-05-02,17.07,0.0,26.7,0.3969864845275879,0.4168862700462341,0.7607598304748535,8,0.4021563751440264,,0,1,interpolated,0.0,0.0,0.7300000000000004,84.62,22.027142857142856,0.4043151140213012,0.4201333522796631,0.4066839155625265,0.3975494999060311,KEEP,observation_noise,0.0013011840041300745
2023-05-03,17.58,0.01,22.93,0.3989902436733246,0.4152212142944336,0.7646191716194153,8,0.3976288347255264,,0,1,interpolated,0.0,0.0,0.509999999999998,75.91,21.812857142857144,0.3969864845275879,0.4168862700462341,0.4021563751440264,0.3965659984223284,KEEP,observation_noise,0.0013011840041300745
2023-05-04,18.09,2.67,11.17,0.4278874695301056,0.4234746396541595,0.8200522065162659,8,0.3931012943070264,,0,1,interpolated,0.0,0.0,0.5100000000000016,78.58,19.79,0.3989902436733246,0.4152212142944336,0.3976288347255264,0.42860763503358573,KEEP,observation_noise,0.0013011840041300745
2023-05-05,19.95,2.11,15.9,0.4254225492477417,0.4325814247131347,0.8152588605880737,8,0.3885737538885264,,0,1,interpolated,0.0,0.0,1.8599999999999997,80.69,18.64,0.4278874695301056,0.4234746396541595,0.3931012943070264,0.4273704701192555,KEEP,observation_noise,0.0013011840041300745
2023-05-06,18.67,96.1,5.58,0.4419377446174621,0.4363774061203003,0.8469472527503967,8,0.3840462134700264,,0,1,interpolated,0.0,0.0,-1.2799999999999976,102.57,18.78428571428572,0.4254225492477417,0.4325814247131347,0.3885737538885264,0.4417023212459942,KEEP,observation_noise,0.0013011840041300745
2023-05-07,15.85,100.12,3.91,0.4602798819541931,0.4557841420173645,0.8821163773536682,8,0.3795186730515263,,0,1,interpolated,0.0,0.0,-2.820000000000002,201.01,16.197142857142858,0.4419377446174621,0.4363774061203003,0.3840462134700264,0.4624651353660564,KEEP,observation_noise,0.0013011840041300745
2023-05-08,15.76,1.34,22.9,0.4331495761871338,0.4467687904834747,0.8301572203636169,8,0.3749911326330263,,0,1,interpolated,0.0,0.0,-0.0899999999999998,202.35,15.584285714285716,0.4602798819541931,0.4557841420173645,0.3795186730515263,0.43331752205348345,KEEP,observation_noise,0.0013011840041300745
2023-05-09,16.47,0.0,28.8,0.4228781461715698,0.4397071897983551,0.8103950023651123,8,0.3704635922145263,,0,1,interpolated,0.0,0.0,0.7099999999999991,202.35,15.884285714285715,0.4331495761871338,0.4467687904834747,0.3749911326330263,0.42207819940520336,KEEP,observation_noise,0.0013011840041300745
2023-05-10,17.58,0.03,28.09,0.4159792065620422,0.4355115294456482,0.7972588539123535,8,0.3659360517960263,,0,1,interpolated,0.0,0.0,1.1099999999999994,202.37,16.62142857142857,0.4228781461715698,0.4397071897983551,0.3704635922145263,0.4165755801225087,KEEP,observation_noise,0.0013011840041300745
2023-05-11,18.3,0.03,24.93,0.4138229191303253,0.4330578744411468,0.793032169342041,8,0.3614085113775263,0.3614085113775263,1,0,observed,1.0,2.0,0.7200000000000024,199.73,18.587142857142855,0.4159792065620422,0.4355115294456482,0.3659360517960263,0.41350922612626934,KEEP,observation_noise,0.0013011840041300745
2023-05-12,18.85,2.46,22.28,0.432429701089859,0.4353737831115722,0.8287492990493774,8,0.3408132036056934,,0,1,interpolated,0.0,0.0,0.5500000000000007,200.08,19.49857142857143,0.4138229191303253,0.4330578744411468,0.3614085113775263,0.43151763730260057,KEEP,observation_noise,0.0013011840041300745
2023-05-13,17.01,36.77,5.73,0.4450301229953766,0.4467480182647705,0.8528618216514587,8,0.3202178958338605,,0,1,interpolated,0.0,0.0,-1.84,140.75,19.520000000000003,0.432429701089859,0.4353737831115722,0.3408132036056934,0.44525012251594825,KEEP,observation_noise,0.0013011840041300745
2023-05-14,18.04,1.04,23.68,0.4251549839973449,0.4415927231311798,0.8147972822189331,8,0.2996225880620276,,0,1,interpolated,0.0,0.0,1.0299999999999976,41.67,22.34428571428572,0.4450301229953766,0.4467480182647705,0.3202178958338605,0.4251442727288309,KEEP,observation_noise,0.0013011840041300745
2023-05-15,19.04,0.16,26.72,0.4168802201747894,0.437578797340393,0.7989636063575745,8,0.2790272802901946,,0,1,interpolated,0.0,0.0,1.0,40.49,22.890000000000004,0.4251549839973449,0.4415927231311798,0.2996225880620276,0.4185620541382595,KEEP,observation_noise,0.0013011840041300745
2023-05-16,20.32,0.0,27.52,0.4143020510673523,0.4346046149730682,0.794001042842865,8,0.2584319725183617,,0,1,interpolated,0.0,0.0,1.2800000000000011,40.49,22.707142857142856,0.4168802201747894,0.437578797340393,0.2790272802901946,0.41249833397358643,KEEP,observation_noise,0.0013011840041300745
2023-05-17,20.82,0.03,26.4,0.4120425879955292,0.4321427345275879,0.789600133895874,8,0.2378366647465288,,0,1,interpolated,0.0,0.0,0.5,40.49,22.465714285714284,0.4143020510673523,0.4346046149730682,0.2584319725183617,0.4099816471150788,KEEP,observation_noise,0.0013011840041300745
2023-05-18,19.35,30.57,6.76,0.4434756338596344,0.4388697147369385,0.849878191947937,8,0.2172413569746958,,0,1,interpolated,0.0,0.0,-1.4699999999999989,71.03,19.87,0.4120425879955292,0.4321427345275879,0.2378366647465288,0.44286308140812664,KEEP,observation_noise,0.0013011840041300745
2023-05-19,18.67,16.99,10.27,0.4356337189674377,0.4466520547866821,0.8348763585090637,8,0.1966460492028629,,0,1,interpolated,0.0,0.0,-0.6799999999999997,85.56,18.154285714285717,0.4434756338596344,0.4388697147369385,0.2172413569746958,0.4349188473698671,KEEP,observation_noise,0.0013011840041300745
2023-05-20,18.58,0.21,19.72,0.4262284636497497,0.4408134520053863,0.8168798089027405,8,0.17605074143103,,0,1,interpolated,0.0,0.0,-0.0900000000000034,49.0,20.15285714285714,0.4356337189674377,0.4466520547866821,0.1966460492028629,0.4263246402227975,KEEP,observation_noise,0.0013011840041300745
2023-05-21,18.81,0.04,27.52,0.4191466569900512,0.4372722208499908,0.8032834529876709,8,0.1554554336591971,0.1554554336591971,1,0,observed,1.0,1.0,0.2300000000000004,48.0,20.70142857142857,0.4262284636497497,0.4408134520053863,0.17605074143103,0.4190350611564495,KEEP,observation_noise,0.0013011840041300745
2023-05-22,18.57,1.36,16.2,0.4280149638652801,0.4366945326328277,0.8202316761016846,8,0.1590029078885742,,0,1,interpolated,0.0,0.0,-0.2399999999999984,49.2,19.198571428571427,0.4191466569900512,0.4372722208499908,0.1554554336591971,0.4274756172606644,KEEP,observation_noise,0.0013011840041300745
2023-05-23,18.26,0.26,25.45,0.4209585785865783,0.4353709518909454,0.8067141771316528,8,0.1625503821179514,,0,1,interpolated,0.0,0.0,-0.3099999999999987,49.46,18.90285714285714,0.4280149638652801,0.4366945326328277,0.1590029078885742,0.41947054342403456,KEEP,observation_noise,0.0013011840041300745
2023-05-24,18.31,0.0,28.45,0.4165585935115814,0.432870864868164,0.7982942461967468,8,0.1660978563473285,,0,1,interpolated,0.0,0.0,0.0499999999999971,49.43,19.195714285714285,0.4209585785865783,0.4353709518909454,0.1625503821179514,0.4176984706460582,KEEP,observation_noise,0.0013011840041300745
2023-05-25,20.01,0.04,17.44,0.411657303571701,0.4309505224227905,0.7888756990432739,8,0.1696453305767057,,0,1,interpolated,0.0,0.0,1.7000000000000028,18.9,20.721428571428568,0.4165585935115814,0.432870864868164,0.1660978563473285,0.41165947705182415,KEEP,observation_noise,0.0013011840041300745
2023-05-26,20.42,0.5,18.25,0.4107653498649597,0.4291220903396606,0.7872123718261719,8,0.1731928048060828,,0,1,interpolated,0.0,0.0,0.4100000000000001,2.41,21.86142857142857,0.411657303571701,0.4309505224227905,0.1696453305767057,0.40869560208124994,KEEP,observation_noise,0.0013011840041300745
2023-05-27,21.35,0.0,21.38,0.4115526676177978,0.4277061522006988,0.7887335419654846,8,0.1767402790354599,,0,1,interpolated,0.0,0.0,0.9299999999999996,2.2,22.09857142857143,0.4107653498649597,0.4291220903396606,0.1731928048060828,0.41241861268922636,KEEP,observation_noise,0.0013011840041300745
2023-05-28,21.95,0.97,16.82,0.4119545221328735,0.4264436364173889,0.7894962430000305,8,0.1802877532648371,,0,1,interpolated,0.0,0.0,0.5999999999999979,3.13,20.57,0.4115526676177978,0.4277061522006988,0.1767402790354599,0.4130422874890781,KEEP,observation_noise,0.0013011840041300745
2023-05-29,21.95,9.67,11.62,0.4404531121253967,0.4328638315200805,0.8441371321678162,8,0.1838352274942142,,0,1,interpolated,0.0,0.0,0.0,11.44,19.915714285714284,0.4119545221328735,0.4264436364173889,0.1802877532648371,0.44050942861646686,KEEP,observation_noise,0.0013011840041300745
2023-05-30,20.33,65.78,6.66,0.4516933560371399,0.4496042728424072,0.8656360507011414,8,0.1873827017235914,,0,1,interpolated,0.0,0.0,-1.620000000000001,76.96000000000001,17.23142857142857,0.4404531121253967,0.4328638315200805,0.1838352274942142,0.4522397576037168,KEEP,observation_noise,0.0013011840041300745
2023-05-31,20.53,14.42,18.38,0.4319326281547546,0.4449718594551086,0.827745795249939,8,0.1909301759529685,,0,1,interpolated,0.0,0.0,0.2000000000000028,91.38,15.79285714285714,0.4516933560371399,0.4496042728424072,0.1873827017235914,0.43285998426542033,KEEP,observation_noise,0.0013011840041300745
2023-06-01,21.45,32.93,14.59,0.4430208802223205,0.4450434744358063,0.8490124344825745,8,0.1944776501823456,,0,1,interpolated,0.0,0.0,0.9199999999999982,124.27,15.385714285714284,0.4319326281547546,0.4449718594551086,0.1909301759529685,0.4418155025958437,KEEP,observation_noise,0.0013011840041300745
2023-06-02,21.34,22.86,14.27,0.4327325820922851,0.4439533054828644,0.8293129205703735,8,0.1980251244117228,,0,1,interpolated,0.0,0.0,-0.1099999999999994,146.63,14.817142857142857,0.4430208802223205,0.4450434744358063,0.1944776501823456,0.4322165738359956,KEEP,observation_noise,0.0013011840041300745
2023-06-03,20.38,0.0,29.72,0.421314537525177,0.4397590458393097,0.8074557185173035,8,0.2015725986410999,,0,1,interpolated,0.0,0.0,-0.9600000000000009,146.63,16.00857142857143,0.4327325820922851,0.4439533054828644,0.1980251244117228,0.423968771925443,KEEP,observation_noise,0.0013011840041300745
2023-06-04,21.01,0.02,20.6,0.420499175786972,0.4370443522930145,0.8059353828430176,8,0.2051200728704771,,0,1,interpolated,0.0,0.0,0.6300000000000026,145.68,16.548571428571428,0.421314537525177,0.4397590458393097,0.2015725986410999,0.4187811132907683,KEEP,observation_noise,0.0013011840041300745
2023-06-05,21.33,0.13,11.71,0.430722713470459,0.4372734427452087,0.8253995180130005,8,0.2086675470998542,,0,1,interpolated,0.0,0.0,0.3199999999999967,136.14,16.56142857142857,0.420499175786972,0.4370443522930145,0.2051200728704771,0.4310413604177674,KEEP,observation_noise,0.0013011840041300745
2023-06-06,19.75,27.65,6.64,0.4410738050937652,0.4472631216049194,0.8453361392021179,8,0.2122150213292313,,0,1,interpolated,0.0,0.0,-1.5799999999999983,98.01000000000002,16.55857142857143,0.430722713470459,0.4372734427452087,0.2086675470998542,0.43911912122923596,KEEP,observation_noise,0.0013011840041300745
2023-06-07,20.87,0.02,24.09,0.4259341061115265,0.4419585168361664,0.8162627220153809,8,0.2157624955586085,,0,1,interpolated,0.0,0.0,1.120000000000001,83.61000000000001,17.374285714285715,0.4410738050937652,0.4472631216049194,0.2122150213292313,0.4269769434019648,KEEP,observation_noise,0.0013011840041300745
2023-06-08,19.88,55.02,5.74,0.447680652141571,0.4504830539226532,0.8579704165458679,8,0.2193099697879856,,0,1,interpolated,0.0,0.0,-0.990000000000002,105.70000000000002,16.110000000000003,0.4259341061115265,0.4419585168361664,0.2157624955586085,0.4490816365921899,KEEP,observation_noise,0.0013011840041300745
2023-06-09,20.88,0.5,20.96,0.4276080727577209,0.4457120299339294,0.8195363283157349,8,0.2228574440173628,,0,1,interpolated,0.0,0.0,1.0,83.34000000000002,17.065714285714286,0.447680652141571,0.4504830539226532,0.2193099697879856,0.42919276819341673,KEEP,observation_noise,0.0013011840041300745
2023-06-10,21.51,1.13,14.39,0.4352219402790069,0.444577157497406,0.834122896194458,8,0.2264049182467399,,0,1,interpolated,0.0,0.0,0.6300000000000026,84.47000000000001,14.875714285714286,0.4276080727577209,0.4457120299339294,0.2228574440173628,0.4351940650243952,KEEP,observation_noise,0.0013011840041300745
2023-06-11,23.01,3.05,18.4,0.4314737915992737,0.443423867225647,0.8269599676132202,8,0.2299523924761171,,0,1,interpolated,0.0,0.0,1.5,87.50000000000003,14.561428571428571,0.4352219402790069,0.444577157497406,0.2264049182467399,0.4316342160820498,KEEP,observation_noise,0.0013011840041300745
2023-06-12,23.17,0.54,20.48,0.4224305748939514,0.4405733942985534,0.8095731735229492,8,0.2334998667054942,,0,1,interpolated,0.0,0.0,0.1600000000000001,87.91000000000001,15.814285714285711,0.4314737915992737,0.443423867225647,0.2299523924761171,0.42180869699058177,KEEP,observation_noise,0.0013011840041300745
2023-06-13,23.46,1.66,14.99,0.4303591251373291,0.4398281872272491,0.8247767686843872,8,0.2370473409348713,,0,1,interpolated,0.0,0.0,0.2899999999999991,61.92000000000002,17.00714285714286,0.4224305748939514,0.4405733942985534,0.2334998667054942,0.4306378143780644,KEEP,observation_noise,0.0013011840041300745
2023-06-14,22.72,3.8,8.86,0.4304051101207733,0.4397895038127899,0.8248780965805054,8,0.2405948151642485,,0,1,interpolated,0.0,0.0,-0.740000000000002,65.70000000000002,14.831428571428573,0.4303591251373291,0.4398281872272491,0.2370473409348713,0.4315355398762808,KEEP,observation_noise,0.0013011840041300745
2023-06-15,22.52,4.42,23.12,0.4216878712177276,0.437938243150711,0.8081660866737366,8,0.2441422893936256,0.2441422893936256,1,0,observed,0.9925717727363982,1.0,-0.1999999999999993,15.100000000000014,17.314285714285713,0.4304051101207733,0.4397895038127899,0.2405948151642485,0.41966338962627947,KEEP,observation_noise,0.0013011840041300745
2023-06-16,23.08,0.07,27.16,0.414851427078247,0.4350850582122803,0.7950303554534912,8,0.2551882699696366,,0,1,interpolated,0.0,0.0,0.5599999999999987,14.670000000000014,18.2,0.4216878712177276,0.437938243150711,0.2441422893936256,0.41645566290564423,KEEP,observation_noise,0.0013011840041300745
2023-06-17,23.73,0.01,25.36,0.4134808480739593,0.432564914226532,0.7923969030380249,8,0.2662342505456477,,0,1,interpolated,0.0,0.0,0.6500000000000021,13.550000000000011,19.767142857142854,0.414851427078247,0.4350850582122803,0.2551882699696366,0.4132865890617697,KEEP,observation_noise,0.0013011840041300745
2023-06-18,23.54,0.08,15.48,0.4189860224723816,0.4323551654815674,0.802969217300415,8,0.2772802311216588,,0,1,interpolated,0.0,0.0,-0.1900000000000012,10.580000000000014,19.35,0.4134808480739593,0.432564914226532,0.2662342505456477,0.41810748052664143,KEEP,observation_noise,0.0013011840041300745
2023-06-19,23.17,0.04,27.36,0.4148069620132446,0.430910974740982,0.7949715256690979,8,0.2883262116976698,,0,1,interpolated,0.0,0.0,-0.3699999999999974,10.080000000000013,20.332857142857144,0.4189860224723816,0.4323551654815674,0.2772802311216588,0.41584113015408997,KEEP,observation_noise,0.0013011840041300745
2023-06-20,24.62,0.17,24.12,0.4200281500816345,0.4301874041557312,0.8049588799476624,8,0.2993721922736808,0.2993721922736808,1,0,observed,1.0,1.0,1.4499999999999993,8.590000000000014,21.63714285714286,0.4148069620132446,0.430910974740982,0.2883262116976698,0.42016848827712633,KEEP,observation_noise,0.0013011840041300745
2023-06-21,23.6,38.53,9.12,0.4330192506313324,0.4409243762493133,0.8298759460449219,8,0.3127991214133143,,0,1,interpolated,0.0,0.0,-1.0199999999999996,43.320000000000014,21.674285714285716,0.4200281500816345,0.4301874041557312,0.2993721922736808,0.4334289113243351,KEEP,observation_noise,0.0013011840041300745
2023-06-22,22.98,5.45,21.82,0.4367237091064453,0.4386202096939087,0.8369687795639038,8,0.3262260505529478,,0,1,interpolated,0.0,0.0,-0.620000000000001,44.350000000000016,21.48857142857143,0.4330192506313324,0.4409243762493133,0.3127991214133143,0.4383870001684165,KEEP,observation_noise,0.0013011840041300745
2023-06-23,23.35,0.57,17.43,0.4248332679271698,0.4365726113319397,0.8141794204711914,8,0.3396529796925813,,0,1,interpolated,0.0,0.0,0.370000000000001,44.850000000000016,20.09857142857143,0.4367237091064453,0.4386202096939087,0.3262260505529478,0.4227639381366732,KEEP,observation_noise,0.0013011840041300745
2023-06-24,22.88,0.02,18.89,0.4174635112285614,0.4331928193569183,0.8000637292861938,8,0.3530799088322148,,0,1,interpolated,0.0,0.0,-0.4700000000000024,44.860000000000014,19.174285714285716,0.4248332679271698,0.4365726113319397,0.3396529796925813,0.41595230280844897,KEEP,observation_noise,0.0013011840041300745
2023-06-25,23.71,21.03,11.03,0.4530246257781982,0.4451170861721039,0.8682324290275574,8,0.3665068379718483,,0,1,interpolated,0.0,0.0,0.8300000000000018,65.81000000000002,18.53857142857143,0.4174635112285614,0.4331928193569183,0.3530799088322148,0.4513397676638981,KEEP,observation_noise,0.0013011840041300745
2023-06-26,24.74,14.06,13.75,0.4454734623432159,0.4585272371768951,0.8536925315856934,8,0.3799337671114819,,0,1,interpolated,0.0,0.0,1.0299999999999976,79.83000000000001,16.594285714285714,0.4530246257781982,0.4451170861721039,0.3665068379718483,0.4464410289355747,KEEP,observation_noise,0.0013011840041300745
2023-06-27,25.17,1.62,16.77,0.4363315403461456,0.4496817290782928,0.8362694978713989,8,0.3933606962511154,,0,1,interpolated,0.0,0.0,0.4300000000000032,81.28000000000002,15.544285714285715,0.4454734623432159,0.4585272371768951,0.3799337671114819,0.4360943920435487,KEEP,observation_noise,0.0013011840041300745
2023-06-28,25.03,8.29,10.68,0.449409544467926,0.4525060057640075,0.8613581657409668,8,0.4067876253907489,,0,1,interpolated,0.0,0.0,-0.1400000000000005,51.04000000000001,15.767142857142858,0.4363315403461456,0.4496817290782928,0.3933606962511154,0.45006676374907484,KEEP,observation_noise,0.0013011840041300745
2023-06-29,25.69,5.54,13.07,0.4457760751247406,0.4511290788650512,0.854280948638916,8,0.4202145545303824,,0,1,interpolated,0.0,0.0,0.6600000000000001,51.13000000000001,14.517142857142858,0.449409544467926,0.4525060057640075,0.4067876253907489,0.44579471163547785,KEEP,observation_noise,0.0013011840041300745
2023-06-30,25.53,116.85,4.94,0.4856506288051605,0.4749143719673157,0.9307534694671632,8,0.4336414836700159,,0,1,interpolated,0.0,0.0,-0.1600000000000001,167.41,12.732857142857142,0.4457760751247406,0.4511290788650512,0.4202145545303824,0.487064388880558,KEEP,observation_noise,0.0013011840041300745
2023-07-01,24.55,68.09,8.52,0.4746308326721191,0.4919935464859009,0.9095048904418944,8,0.4470684128096494,,0,1,interpolated,0.0,0.0,-0.9800000000000004,235.48,11.251428571428573,0.4856506288051605,0.4749143719673157,0.4336414836700159,0.4751371809190452,KEEP,observation_noise,0.0013011840041300745
2023-07-02,26.27,3.06,18.81,0.4683969914913177,0.4821704924106598,0.8976743221282959,8,0.460495341949283,,0,1,interpolated,0.0,0.0,1.7199999999999989,217.51,12.36285714285714,0.4746308326721191,0.4919935464859009,0.4470684128096494,0.466811558078201,KEEP,observation_noise,0.0013011840041300745
2023-07-03,25.98,41.64,13.47,0.4678260385990143,0.4860824346542358,0.8966023921966553,8,0.4739222710889165,,0,1,interpolated,0.0,0.0,-0.2899999999999991,245.09000000000003,12.322857142857142,0.4683969914913177,0.4821704924106598,0.460495341949283,0.4660817825308043,KEEP,observation_noise,0.0013011840041300745
2023-07-04,25.88,13.98,16.22,0.4662393033504486,0.4811552166938782,0.8935320377349854,8,0.48734920022855,,0,1,interpolated,0.0,0.0,-0.1000000000000014,257.45,12.244285714285716,0.4678260385990143,0.4860824346542358,0.4739222710889165,0.4676268625719111,KEEP,observation_noise,0.0013011840041300745
2023-07-05,25.64,30.56,8.24,0.4723883271217346,0.4872550368309021,0.9053137302398682,8,0.5007761293681835,,0,1,interpolated,0.0,0.0,-0.2399999999999984,279.72,11.895714285714286,0.4662393033504486,0.4811552166938782,0.48734920022855,0.47152903323853346,KEEP,observation_noise,0.0013011840041300745
2023-07-06,25.84,0.12,26.65,0.4577065110206604,0.4811128079891205,0.8772341012954712,8,0.514203058507817,,0,1,interpolated,0.0,0.0,0.1999999999999993,274.3,13.835714285714284,0.4723883271217346,0.4872550368309021,0.5007761293681835,0.45857068841562876,KEEP,observation_noise,0.0013011840041300745
2023-07-07,26.26,18.57,6.31,0.4766230881214142,0.4859435558319092,0.9133781790733336,8,0.5276299876474505,,0,1,interpolated,0.0,0.0,0.4200000000000017,176.02,14.031428571428572,0.4577065110206604,0.4811128079891205,0.514203058507817,0.4760458606721753,KEEP,observation_noise,0.0013011840041300745
2023-07-08,26.42,56.1,3.59,0.4974940419197082,0.5038845539093018,0.9534171223640442,8,0.541056916787084,,0,1,interpolated,0.0,0.0,0.1600000000000001,164.03,13.327142857142857,0.4766230881214142,0.4859435558319092,0.5276299876474505,0.49651717967892534,KEEP,observation_noise,0.0013011840041300745
2023-07-09,26.61,48.72,6.29,0.5040299892425537,0.5176980495452881,0.9659395217895508,8,0.5544838459267175,,0,1,interpolated,0.0,0.0,0.1899999999999977,209.69,11.53857142857143,0.4974940419197082,0.5038845539093018,0.541056916787084,0.5044564687273807,KEEP,observation_noise,0.0013011840041300745
2023-07-10,26.51,65.68,7.49,0.4976949095726013,0.5172877907752991,0.9537755250930786,8,0.567910775066351,,0,1,interpolated,0.0,0.0,-0.0999999999999978,233.73,10.684285714285716,0.5040299892425537,0.5176980495452881,0.5544838459267175,0.498637632315647,KEEP,observation_noise,0.0013011840041300745
2023-07-11,26.72,7.99,21.61,0.4908256828784942,0.5098659992218018,0.9407037496566772,8,0.5813377042059845,,0,1,interpolated,0.0,0.0,0.2099999999999973,227.74,11.454285714285716,0.4976949095726013,0.5172877907752991,0.567910775066351,0.4915150972855418,KEEP,observation_noise,0.0013011840041300745
2023-07-12,26.48,24.84,10.98,0.4865334033966064,0.5059855580329895,0.9323680400848388,8,0.594764633345618,,0,1,interpolated,0.0,0.0,-0.2399999999999984,222.02,11.845714285714283,0.4908256828784942,0.5098659992218018,0.5813377042059845,0.48676385412147866,KEEP,observation_noise,0.0013011840041300745
2023-07-13,26.73,14.41,16.89,0.4892815053462982,0.5048491954803467,0.9377306699752808,8,0.6081915624852515,,0,1,interpolated,0.0,0.0,0.25,236.31,10.45142857142857,0.4865334033966064,0.5059855580329895,0.594764633345618,0.49030073753114073,KEEP,observation_noise,0.0013011840041300745
2023-07-14,27.1,3.04,8.03,0.4885010123252868,0.5039860010147095,0.936167299747467,8,0.621618491624885,,0,1,interpolated,0.0,0.0,0.370000000000001,220.78,10.697142857142856,0.4892815053462982,0.5048491954803467,0.6081915624852515,0.4886227894290928,KEEP,observation_noise,0.0013011840041300745
2023-07-15,27.74,2.71,19.27,0.4810364842414856,0.5018932223320007,0.9218673706054688,8,0.6350454207645186,,0,1,interpolated,0.0,0.0,0.639999999999997,167.39,12.937142857142858,0.4885010123252868,0.5039860010147095,0.621618491624885,0.48209373493664465,KEEP,observation_noise,0.0013011840041300745
2023-07-16,28.12,1.15,25.78,0.4726275205612182,0.4967350661754608,0.905799925327301,8,0.648472349904152,,0,1,interpolated,0.0,0.0,0.3800000000000025,119.82,15.721428571428572,0.4810364842414856,0.5018932223320007,0.6350454207645186,0.4729854944240367,KEEP,observation_noise,0.0013011840041300745
2023-07-17,27.84,1.64,26.73,0.4688413143157959,0.4923834502696991,0.898522675037384,8,0.6618992790437856,,0,1,interpolated,0.0,0.0,-0.2800000000000011,55.78,18.47,0.4726275205612182,0.4967350661754608,0.648472349904152,0.46927960232802146,KEEP,observation_noise,0.0013011840041300745
2023-07-18,28.25,1.93,20.75,0.469866931438446,0.4888775944709778,0.9004251956939697,8,0.675326208183419,,0,1,interpolated,0.0,0.0,0.4100000000000001,49.72,18.34714285714286,0.4688413143157959,0.4923834502696991,0.6618992790437856,0.47165576119470404,KEEP,observation_noise,0.0013011840041300745
2023-07-19,26.21,12.02,14.79,0.4689283967018127,0.4882825016975403,0.8986133337020874,8,0.6887531373230527,,0,1,interpolated,0.0,0.0,-2.039999999999999,36.9,18.891428571428573,0.469866931438446,0.4888775944709778,0.675326208183419,0.46882825779728504,KEEP,observation_noise,0.0013011840041300745
2023-07-20,26.03,0.17,16.86,0.4625917375087738,0.4848461747169494,0.8865645527839661,8,0.702180066462686,,0,1,interpolated,0.0,0.0,-0.1799999999999997,22.66,18.88714285714286,0.4689283967018127,0.4882825016975403,0.6887531373230527,0.46138306585881655,KEEP,observation_noise,0.0013011840041300745
2023-07-21,27.16,0.01,22.5,0.4573649764060974,0.4810896813869476,0.8765203356742859,8,0.5001935404270588,,0,1,climatology,0.0,0.0,1.129999999999999,19.63,20.954285714285717,0.4625917375087738,0.4848461747169494,0.702180066462686,0.4574482057296394,KEEP,observation_noise,0.0013011840041300745
2023-07-22,28.0,3.29,18.8,0.4566752910614013,0.4779456555843353,0.8752376437187195,8,0.5674738333605075,,0,1,climatology,0.0,0.0,0.8399999999999999,20.21,20.88714285714285,0.4573649764060974,0.4810896813869476,0.5001935404270588,0.45419531370784355,KEEP,observation_noise,0.0013011840041300745
2023-07-23,28.43,2.12,20.79,0.4518199265003204,0.474707543849945,0.8659191727638245,8,0.6347541262939562,,0,1,climatology,0.0,0.0,0.4299999999999997,21.18,20.174285714285716,0.4566752910614013,0.4779456555843353,0.5674738333605075,0.4539992390805209,KEEP,observation_noise,0.0013011840041300745
2023-07-24,28.1,9.87,20.1,0.4645241200923919,0.4768370985984802,0.8902248740196228,8,0.702034419227405,,0,1,climatology,0.0,0.0,-0.3299999999999983,29.41,19.22714285714286,0.4518199265003204,0.474707543849945,0.6347541262939562,0.4654691635242394,KEEP,observation_noise,0.0013011840041300745
2023-07-25,28.18,4.16,20.83,0.4676895439624786,0.4787336885929107,0.8962582945823669,8,0.7693147121608537,0.7693147121608537,1,0,observed,1.0,1.0,0.0799999999999983,31.64,19.23857142857143,0.4645241200923919,0.4768370985984802,0.702034419227405,0.46693575420930994,KEEP,observation_noise,0.0013011840041300745
2023-07-26,28.62,3.39,25.74,0.4545806646347046,0.4754092991352081,0.8712196350097656,8,0.761323284236679,,0,1,interpolated,0.0,0.0,0.4400000000000013,23.01,20.802857142857142,0.4676895439624786,0.4787336885929107,0.7693147121608537,0.4564057727293468,KEEP,observation_noise,0.0013011840041300745
2023-07-27,28.86,2.48,23.1,0.4467709362506866,0.4707390964031219,0.8562254309654236,8,0.7533318563125043,,0,1,interpolated,0.0,0.0,0.2399999999999984,25.32,21.69428571428572,0.4545806646347046,0.4754092991352081,0.761323284236679,0.45057609015039024,KEEP,observation_noise,0.0013011840041300745
2023-07-28,28.83,1.94,22.95,0.4426446557044983,0.4671576619148254,0.8483853340148926,8,0.7453404283883296,,0,1,interpolated,0.0,0.0,-0.0300000000000011,27.25,21.75857142857143,0.4467709362506866,0.4707390964031219,0.7533318563125043,0.4417724117797731,KEEP,observation_noise,0.0013011840041300745
2023-07-29,28.96,0.95,25.31,0.4413468241691589,0.4636878073215484,0.8457151651382446,8,0.737349000464155,,0,1,interpolated,0.0,0.0,0.1300000000000025,24.91,22.68857142857143,0.4426446557044983,0.4671576619148254,0.7453404283883296,0.44067222434628645,KEEP,observation_noise,0.0013011840041300745
2023-07-30,28.61,4.17,22.34,0.4394068419933319,0.4607822597026825,0.8421503901481628,8,0.7293575725399803,,0,1,interpolated,0.0,0.0,-0.3500000000000014,26.96,22.91,0.4413468241691589,0.4636878073215484,0.737349000464155,0.4403018336109992,KEEP,observation_noise,0.0013011840041300745
2023-07-31,28.58,1.68,18.97,0.4362364113330841,0.4580720365047455,0.8360220193862915,8,0.7213661446158056,,0,1,interpolated,0.0,0.0,-0.0300000000000011,18.770000000000003,22.748571428571427,0.4394068419933319,0.4607822597026825,0.7293575725399803,0.43374439900963285,KEEP,observation_noise,0.0013011840041300745
2023-08-01,28.84,0.11,24.97,0.4345405995845794,0.4547376036643982,0.8327570557594299,8,0.7133747166916309,,0,1,interpolated,0.0,0.0,0.2600000000000015,14.72,23.34,0.4362364113330841,0.4580720365047455,0.7213661446158056,0.4370359799528509,KEEP,observation_noise,0.0013011840041300745
2023-08-02,29.28,1.65,23.12,0.4319932460784912,0.4516161680221557,0.8278529047966003,8,0.7053832887674563,,0,1,interpolated,0.0,0.0,0.4400000000000013,12.98,22.965714285714284,0.4345405995845794,0.4547376036643982,0.7133747166916309,0.4313995377553911,KEEP,observation_noise,0.0013011840041300745
2023-08-03,28.95,0.48,24.37,0.429716944694519,0.4489437937736511,0.8234828114509583,8,0.6973918608432816,,0,1,interpolated,0.0,0.0,-0.3300000000000018,10.98,23.147142857142857,0.4319932460784912,0.4516161680221557,0.7053832887674563,0.42947354502442125,KEEP,observation_noise,0.0013011840041300745
2023-08-04,28.87,0.1,25.47,0.4247203171253204,0.4457606673240661,0.8139647245407104,8,0.6894004329191069,0.6894004329191069,1,0,observed,1.0,1.0,-0.0799999999999983,9.14,23.50714285714286,0.429716944694519,0.4489437937736511,0.6973918608432816,0.42494108483365206,KEEP,observation_noise,0.0013011840041300745
2023-08-05,28.94,0.29,25.05,0.4221841096878052,0.4427174627780914,0.8090758323669434,8,0.6414029018712566,,0,1,interpolated,0.0,0.0,0.0700000000000002,8.48,23.47,0.4247203171253204,0.4457606673240661,0.6894004329191069,0.42179234687246064,KEEP,observation_noise,0.0013011840041300745
2023-08-06,29.34,0.68,24.51,0.4207462966442108,0.4399458169937134,0.8063079118728638,8,0.5934053708234063,,0,1,interpolated,0.0,0.0,0.3999999999999986,4.99,23.78,0.4221841096878052,0.4427174627780914,0.6414029018712566,0.41966467721647305,KEEP,observation_noise,0.0013011840041300745
2023-08-07,28.95,2.21,19.4,0.4233867228031158,0.4381144046783447,0.8114224076271057,8,0.545407839775556,,0,1,interpolated,0.0,0.0,-0.3900000000000005,5.5200000000000005,23.84142857142857,0.4207462966442108,0.4399458169937134,0.5934053708234063,0.42333464471394144,KEEP,observation_noise,0.0013011840041300745
2023-08-08,28.9,2.34,14.42,0.4426535069942474,0.4449332356452942,0.8483262658119202,8,0.4974103087277057,,0,1,interpolated,0.0,0.0,-0.0500000000000007,7.75,22.33428571428572,0.4233867228031158,0.4381144046783447,0.545407839775556,0.44372199741442464,KEEP,observation_noise,0.0013011840041300745
2023-08-09,28.8,26.81,6.88,0.4557570219039917,0.4508580267429352,0.8734332919120789,8,0.4494127776798554,,0,1,interpolated,0.0,0.0,-0.0999999999999978,32.91,20.014285714285712,0.4426535069942474,0.4449332356452942,0.4974103087277057,0.4549476753460503,KEEP,observation_noise,0.0013011840041300745
2023-08-10,28.39,31.67,12.3,0.4484139680862427,0.4591934978961944,0.8593761920928955,8,0.401415246632005,,0,1,interpolated,0.0,0.0,-0.4100000000000001,64.10000000000001,18.29,0.4557570219039917,0.4508580267429352,0.4494127776798554,0.4484396608658406,KEEP,observation_noise,0.0013011840041300745
2023-08-11,28.34,1.61,24.63,0.42784383893013,0.449837177991867,0.8198764324188232,8,0.3534177155841547,,0,1,interpolated,0.0,0.0,-0.0500000000000007,65.61,18.17,0.4484139680862427,0.4591934978961944,0.401415246632005,0.42660744019596164,KEEP,observation_noise,0.0013011840041300745
2023-08-12,27.09,2.64,21.18,0.4235175848007202,0.4453552067279815,0.8116177916526794,8,0.3054201845363045,,0,1,interpolated,0.0,0.0,-1.25,67.96000000000001,17.617142857142856,0.42784383893013,0.449837177991867,0.3534177155841547,0.4234481479953258,KEEP,observation_noise,0.0013011840041300745
2023-08-13,27.12,1.33,23.46,0.4232043325901031,0.4426950514316559,0.8110448718070984,8,0.2574226534884541,,0,1,interpolated,0.0,0.0,0.0300000000000011,68.61,17.467142857142857,0.4235175848007202,0.4453552067279815,0.3054201845363045,0.42298264271604796,KEEP,observation_noise,0.0013011840041300745
2023-08-14,27.35,0.66,24.62,0.4220711290836334,0.4403735399246216,0.8088406324386597,8,0.2094251224406038,0.2094251224406038,1,0,observed,1.0,1.0,0.2300000000000004,67.06,18.212857142857143,0.4232043325901031,0.4426950514316559,0.2574226534884541,0.42195113762440856,KEEP,observation_noise,0.0013011840041300745
2023-08-15,26.73,1.79,10.72,0.4243262410163879,0.4392870962619781,0.8132271766662598,8,0.1998720155437948,,0,1,interpolated,0.0,0.0,-0.620000000000001,66.51,17.684285714285714,0.4220711290836334,0.4403735399246216,0.2094251224406038,0.42420232965228977,KEEP,observation_noise,0.0013011840041300745
2023-08-16,26.33,0.77,18.51,0.4216729998588562,0.4376166462898254,0.808068573474884,8,0.1903189086469857,,0,1,interpolated,0.0,0.0,-0.4000000000000021,40.470000000000006,19.345714285714287,0.4243262410163879,0.4392870962619781,0.1998720155437948,0.421500925238919,KEEP,observation_noise,0.0013011840041300745
2023-08-17,26.57,16.65,12.04,0.4427681267261505,0.4428812265396118,0.8485510945320129,8,0.1807658017501767,,0,1,interpolated,0.0,0.0,0.240000000000002,25.450000000000003,19.30857142857143,0.4216729998588562,0.4376166462898254,0.1903189086469857,0.4417249209415864,KEEP,observation_noise,0.0013011840041300745
2023-08-18,27.9,8.54,13.96,0.4293968975543976,0.4420869946479797,0.8229080438613892,8,0.1712126948533676,,0,1,interpolated,0.0,0.0,1.3299999999999983,32.38,17.784285714285716,0.4427681267261505,0.4428812265396118,0.1807658017501767,0.4271725637163859,KEEP,observation_noise,0.0013011840041300745
2023-08-19,28.48,0.49,21.73,0.4153618514537811,0.4375426471233368,0.7959815859794617,8,0.1616595879565586,0.1616595879565586,1,0,observed,0.8714113631800842,1.0,0.5800000000000018,30.23,17.862857142857145,0.4293968975543976,0.4420869946479797,0.1712126948533676,0.41578824792956615,KEEP,observation_noise,0.0013011840041300745
2023-08-20,28.4,0.32,22.92,0.411994069814682,0.4345619082450866,0.7895376682281494,8,0.1547967028000545,,0,1,interpolated,0.0,0.0,-0.0800000000000018,29.22,17.785714285714285,0.4153618514537811,0.4375426471233368,0.1616595879565586,0.4111444977443377,KEEP,observation_noise,0.0013011840041300745
2023-08-21,28.76,1.28,21.8,0.4195323586463928,0.4331159591674804,0.8040266633033752,8,0.1479338176435504,,0,1,interpolated,0.0,0.0,0.360000000000003,29.840000000000003,17.382857142857144,0.411994069814682,0.4345619082450866,0.1547967028000545,0.4192431105399405,KEEP,observation_noise,0.0013011840041300745
2023-08-22,29.29,1.88,23.81,0.411740094423294,0.4310514032840729,0.7890933752059937,8,0.1410709324870463,,0,1,interpolated,0.0,0.0,0.5299999999999976,29.93,19.252857142857145,0.4195323586463928,0.4331159591674804,0.1479338176435504,0.4088562293534861,KEEP,observation_noise,0.0013011840041300745
2023-08-23,28.54,10.72,14.14,0.4162677824497223,0.4297958612442016,0.7977526783943176,8,0.1342080473305422,,0,1,interpolated,0.0,0.0,-0.75,39.88,18.62857142857143,0.411740094423294,0.4310514032840729,0.1410709324870463,0.41640524188529854,KEEP,observation_noise,0.0013011840041300745
2023-08-24,28.67,6.53,19.97,0.414098709821701,0.4281417429447174,0.7935765981674194,8,0.1273451621740381,0.1273451621740381,1,0,observed,0.9957839791206584,1.0,0.1300000000000025,29.760000000000005,19.76142857142857,0.4162677824497223,0.4297958612442016,0.1342080473305422,0.4128386988816798,KEEP,observation_noise,0.0013011840041300745
2023-08-25,27.98,4.14,14.79,0.4245388805866241,0.4295642375946045,0.8135060667991638,8,0.124747208348724,,0,1,interpolated,0.0,0.0,-0.6900000000000013,25.360000000000007,19.88,0.414098709821701,0.4281417429447174,0.1273451621740381,0.4263106851114953,KEEP,observation_noise,0.0013011840041300745
2023-08-26,28.42,2.29,21.17,0.4109857678413391,0.4275481104850769,0.787645697593689,8,0.12214925452341,,0,1,interpolated,0.0,0.0,0.4400000000000013,27.160000000000007,19.8,0.4245388805866241,0.4295642375946045,0.124747208348724,0.4116145782674295,KEEP,observation_noise,0.0013011840041300745
2023-08-27,28.63,1.67,23.01,0.4061601161956787,0.4249199330806732,0.7783105969429016,8,0.1195513006980959,,0,1,interpolated,0.0,0.0,0.2099999999999973,28.510000000000005,19.812857142857144,0.4109857678413391,0.4275481104850769,0.12214925452341,0.40836654117403526,KEEP,observation_noise,0.0013011840041300745
2023-08-28,29.0,1.38,20.41,0.4012146592140198,0.4224831163883209,0.7689107656478882,8,0.1169533468727819,,0,1,interpolated,0.0,0.0,0.370000000000001,28.610000000000007,19.61428571428571,0.4061601161956787,0.4249199330806732,0.1195513006980959,0.39965471191970425,KEEP,observation_noise,0.0013011840041300745
2023-08-29,29.21,0.25,23.12,0.399459958076477,0.4203195571899414,0.7655518054962158,8,0.1143553930474678,0.1143553930474678,1,0,observed,1.0,1.0,0.2100000000000008,26.980000000000004,19.51571428571429,0.4012146592140198,0.4224831163883209,0.1169533468727819,0.3986331428191813,KEEP,observation_noise,0.0013011840041300745
2023-08-30,28.48,8.17,18.22,0.4259180724620819,0.4251463413238525,0.8162713646888733,8,0.1162523839612811,,0,1,interpolated,0.0,0.0,-0.7300000000000004,24.430000000000003,20.09857142857143,0.399459958076477,0.4203195571899414,0.1143553930474678,0.4263213609440928,KEEP,observation_noise,0.0013011840041300745
2023-08-31,28.14,11.81,12.97,0.4390646815299988,0.433771938085556,0.8414574265480042,8,0.1181493748750943,,0,1,interpolated,0.0,0.0,-0.3399999999999998,29.71,19.09857142857143,0.4259180724620819,0.4251463413238525,0.1162523839612811,0.44048980538756594,KEEP,observation_noise,0.0013011840041300745
2023-09-01,27.06,17.76,4.09,0.4433213770389557,0.4393726587295532,0.8496209383010864,8,0.1200463657889076,,0,1,interpolated,0.0,0.0,-1.0800000000000018,43.330000000000005,17.57,0.4390646815299988,0.433771938085556,0.1181493748750943,0.4428047746635227,KEEP,observation_noise,0.0013011840041300745
2023-09-02,27.6,3.57,11.22,0.4270351529121399,0.4362722635269165,0.8183698058128357,8,0.1219433567027208,,0,1,interpolated,0.0,0.0,0.5400000000000027,44.61000000000001,16.148571428571426,0.4433213770389557,0.4393726587295532,0.1200463657889076,0.4274377197933765,KEEP,observation_noise,0.0013011840041300745
2023-09-03,27.98,1.22,21.33,0.4156567454338074,0.4316161572933197,0.7965825796127319,8,0.123840347616534,0.123840347616534,1,0,observed,1.0,1.0,0.379999999999999,44.16,15.908571428571433,0.4270351529121399,0.4362722635269165,0.1219433567027208,0.4148207132605232,KEEP,observation_noise,0.0013011840041300745
2023-09-04,28.07,1.06,22.77,0.4110466241836548,0.4285159707069397,0.7877527475357056,8,0.1347658227685712,,0,1,interpolated,0.0,0.0,0.0899999999999998,43.84000000000001,16.245714285714286,0.4156567454338074,0.4316161572933197,0.123840347616534,0.41006134492320984,KEEP,observation_noise,0.0013011840041300745
2023-09-05,27.06,30.66,8.96,0.4233652353286743,0.42852982878685,0.8113363981246948,8,0.1456912979206083,,0,1,interpolated,0.0,0.0,-1.0100000000000016,74.25000000000001,14.22285714285714,0.4110466241836548,0.4285159707069397,0.1347658227685712,0.42166588301684865,KEEP,observation_noise,0.0013011840041300745
2023-09-06,26.92,3.7,14.06,0.4152675569057464,0.4276277720928192,0.7958402633666992,8,0.1566167730726454,,0,1,interpolated,0.0,0.0,-0.139999999999997,69.78000000000002,13.62857142857143,0.4233652353286743,0.42852982878685,0.1456912979206083,0.41739530755275545,KEEP,observation_noise,0.0013011840041300745
2023-09-07,26.35,0.15,22.69,0.4068483710289001,0.4244453907012939,0.7797240614891052,8,0.1675422482246825,,0,1,interpolated,0.0,0.0,-0.5700000000000003,58.120000000000005,15.017142857142858,0.4152675569057464,0.4276277720928192,0.1566167730726454,0.40571182056426663,KEEP,observation_noise,0.0013011840041300745
2023-09-08,25.69,0.11,20.75,0.4051783680915832,0.4218705892562866,0.776511549949646,8,0.1784677233767196,,0,1,interpolated,0.0,0.0,-0.6600000000000001,40.470000000000006,17.397142857142857,0.4068483710289001,0.4244453907012939,0.1675422482246825,0.4040053002805533,KEEP,observation_noise,0.0013011840041300745
2023-09-09,25.81,0.02,21.34,0.4030012488365173,0.4198925495147705,0.7723571062088013,8,0.1893931985287568,,0,1,interpolated,0.0,0.0,0.1199999999999974,36.92000000000001,18.842857142857145,0.4051783680915832,0.4218705892562866,0.1784677233767196,0.40215761691049784,KEEP,observation_noise,0.0013011840041300745
2023-09-10,26.35,1.82,19.61,0.4006696939468384,0.4180892705917358,0.7678366899490356,8,0.2003186736807939,,0,1,interpolated,0.0,0.0,0.5400000000000027,37.52000000000001,18.59714285714286,0.4030012488365173,0.4198925495147705,0.1893931985287568,0.3997608369442946,KEEP,observation_noise,0.0013011840041300745
2023-09-11,26.38,3.02,19.38,0.3988128304481506,0.4164775907993316,0.7642457485198975,8,0.211244148832831,,0,1,interpolated,0.0,0.0,0.0299999999999975,39.48,18.11285714285714,0.4006696939468384,0.4180892705917358,0.2003186736807939,0.3992625130999478,KEEP,observation_noise,0.0013011840041300745
2023-09-12,26.79,0.22,18.07,0.3976008594036102,0.4152442216873169,0.7619729042053223,8,0.2221696239848681,,0,1,interpolated,0.0,0.0,0.4100000000000001,9.040000000000008,19.414285714285715,0.3988128304481506,0.4164775907993316,0.211244148832831,0.3957228008892831,KEEP,observation_noise,0.0013011840041300745
2023-09-13,27.59,7.37,14.6,0.4278655648231506,0.4198196828365326,0.8199745416641235,8,0.2330950991369053,,0,1,interpolated,0.0,0.0,0.8000000000000007,12.710000000000008,19.49142857142857,0.3976008594036102,0.4152442216873169,0.2221696239848681,0.42640430925609485,KEEP,observation_noise,0.0013011840041300745
2023-09-14,26.39,31.46,6.69,0.4616219401359558,0.4520106315612793,0.884678840637207,8,0.2440205742889424,,0,1,interpolated,0.0,0.0,-1.1999999999999993,44.02000000000001,17.205714285714286,0.4278655648231506,0.4198196828365326,0.2330950991369053,0.459521119738651,KEEP,observation_noise,0.0013011840041300745
2023-09-15,27.0,16.51,9.91,0.4494061470031738,0.4493856430053711,0.8611705899238586,8,0.2549460494409795,,0,1,interpolated,0.0,0.0,0.6099999999999994,60.420000000000016,15.657142857142857,0.4616219401359558,0.4520106315612793,0.2440205742889424,0.4492582918800512,KEEP,observation_noise,0.0013011840041300745
2023-09-16,27.33,6.23,18.09,0.4448996782302856,0.4479985237121582,0.8526707887649536,8,0.2658715245930166,,0,1,interpolated,0.0,0.0,0.3299999999999983,66.63000000000001,15.19285714285714,0.4494061470031738,0.4493856430053711,0.2549460494409795,0.4441925132049934,KEEP,observation_noise,0.0013011840041300745
2023-09-17,26.8,15.64,7.04,0.44158735871315,0.4460037350654602,0.8463014364242554,8,0.2767969997450538,,0,1,interpolated,0.0,0.0,-0.5299999999999976,80.45000000000002,13.397142857142857,0.4448996782302856,0.4479985237121582,0.2658715245930166,0.4391940264509508,KEEP,observation_noise,0.0013011840041300745
2023-09-18,26.85,5.52,14.61,0.4327511787414551,0.4434073567390442,0.8294057846069336,8,0.2877224748970909,,0,1,interpolated,0.0,0.0,0.0500000000000007,82.95,12.715714285714286,0.44158735871315,0.4460037350654602,0.2767969997450538,0.43103332624131313,KEEP,observation_noise,0.0013011840041300745
2023-09-19,26.9,1.76,15.51,0.4226910173892975,0.4399237036705017,0.8100767135620117,8,0.298647950049128,,0,1,interpolated,0.0,0.0,0.0499999999999971,84.49000000000001,12.35,0.4327511787414551,0.4434073567390442,0.2877224748970909,0.42247860093386647,KEEP,observation_noise,0.0013011840041300745
2023-09-20,27.02,0.45,13.51,0.4255620837211609,0.4382003545761108,0.8155768513679504,8,0.3095734252011651,,0,1,interpolated,0.0,0.0,0.120000000000001,77.57000000000002,12.194285714285714,0.4226910173892975,0.4399237036705017,0.298647950049128,0.4265166742817136,KEEP,observation_noise,0.0013011840041300745
2023-09-21,26.23,5.42,12.01,0.4293241202831268,0.4387269020080566,0.8227585554122925,8,0.3204989003532022,,0,1,interpolated,0.0,0.0,-0.7899999999999991,51.53000000000001,12.954285714285714,0.4255620837211609,0.4382003545761108,0.3095734252011651,0.42999292234821584,KEEP,observation_noise,0.0013011840041300745
2023-09-22,24.59,2.7,7.76,0.435162216424942,0.440360963344574,0.8339847326278687,8,0.3314243755052393,,0,1,interpolated,0.0,0.0,-1.6400000000000006,37.72000000000001,12.647142857142857,0.4293241202831268,0.4387269020080566,0.3204989003532022,0.4359473411265029,KEEP,observation_noise,0.0013011840041300745
2023-09-23,24.46,0.17,13.89,0.4251292943954468,0.4382964074611664,0.8147913217544556,8,0.3423498506572764,,0,1,interpolated,0.0,0.0,-0.129999999999999,31.66000000000001,12.047142857142855,0.435162216424942,0.440360963344574,0.3314243755052393,0.42558898428307684,KEEP,observation_noise,0.0013011840041300745
2023-09-24,24.36,0.01,21.4,0.4146473407745361,0.4348725080490112,0.7946333885192871,8,0.3532753258093136,,0,1,interpolated,0.0,0.0,-0.1000000000000014,16.030000000000012,14.098571428571429,0.4251292943954468,0.4382964074611664,0.3423498506572764,0.41368592215958044,KEEP,observation_noise,0.0013011840041300745
2023-09-25,25.42,1.01,16.35,0.4151130020618438,0.43279629945755,0.795544445514679,8,0.3642008009613507,,0,1,interpolated,0.0,0.0,1.0600000000000025,11.52000000000001,14.347142857142858,0.4146473407745361,0.4348725080490112,0.3532753258093136,0.4147173183208747,KEEP,observation_noise,0.0013011840041300745
2023-09-26,26.06,2.22,14.32,0.414136528968811,0.4312093555927276,0.7936781048774719,8,0.3751262761133878,,0,1,interpolated,0.0,0.0,0.639999999999997,11.980000000000013,14.177142857142856,0.4151130020618438,0.43279629945755,0.3642008009613507,0.4145968920680805,KEEP,observation_noise,0.0013011840041300745
2023-09-27,25.67,0.48,16.21,0.4141879975795746,0.4300589859485626,0.7937881946563721,8,0.3860517512654249,,0,1,interpolated,0.0,0.0,-0.389999999999997,12.01000000000001,14.562857142857142,0.414136528968811,0.4312093555927276,0.3751262761133878,0.41308242124986605,KEEP,observation_noise,0.0013011840041300745
2023-09-28,25.53,0.11,14.74,0.4126615524291992,0.4284124970436096,0.7908949255943298,8,0.3969772264174621,0.3969772264174621,1,0,observed,0.8086729572375021,1.0,-0.1400000000000005,6.700000000000011,14.952857142857145,0.4141879975795746,0.4300589859485626,0.3860517512654249,0.4128889576180899,KEEP,observation_noise,0.0013011840041300745
2023-09-29,25.5,0.01,19.9,0.4076963663101196,0.4265684783458709,0.781303882598877,8,0.4151735051081617,,0,1,interpolated,0.0,0.0,-0.0300000000000011,4.01000000000001,16.687142857142856,0.4126615524291992,0.4284124970436096,0.3969772264174621,0.40995280681673724,KEEP,observation_noise,0.0013011840041300745
2023-09-30,24.71,2.04,14.42,0.4157112538814544,0.4263983964920044,0.7967026233673096,8,0.4333697837988613,,0,1,interpolated,0.0,0.0,-0.7899999999999991,5.880000000000011,16.762857142857143,0.4076963663101196,0.4265684783458709,0.4151735051081617,0.41471938895183896,KEEP,observation_noise,0.0013011840041300745
2023-10-01,23.22,0.04,15.0,0.4093315303325653,0.4251836240291595,0.784408688545227,8,0.4515660624895609,,0,1,interpolated,0.0,0.0,-1.490000000000002,5.910000000000011,15.848571428571429,0.4157112538814544,0.4263983964920044,0.4333697837988613,0.41084184935680246,KEEP,observation_noise,0.0013011840041300745
2023-10-02,22.74,0.0,19.79,0.404840737581253,0.4229625165462494,0.7758774757385254,8,0.4697623411802605,,0,1,interpolated,0.0,0.0,-0.4800000000000004,4.900000000000011,16.34,0.4093315303325653,0.4251836240291595,0.4515660624895609,0.40341805976175826,KEEP,observation_noise,0.0013011840041300745
2023-10-03,22.19,0.25,8.64,0.4174996316432953,0.4238090515136719,0.8001599311828613,8,0.4879586198709602,,0,1,interpolated,0.0,0.0,-0.5499999999999972,2.930000000000011,15.528571428571428,0.404840737581253,0.4229625165462494,0.4697623411802605,0.4182607571262294,KEEP,observation_noise,0.0013011840041300745
2023-10-04,23.24,0.0,15.71,0.411693662405014,0.4244030117988586,0.7890395522117615,8,0.5061548985616597,,0,1,interpolated,0.0,0.0,1.0499999999999972,2.450000000000011,15.45714285714286,0.4174996316432953,0.4238090515136719,0.4879586198709602,0.4095464254446186,KEEP,observation_noise,0.0013011840041300745
2023-10-05,21.52,0.0,15.58,0.406450480222702,0.4218102991580963,0.7789819836616516,8,0.5243511772523594,,0,1,interpolated,0.0,0.0,-1.7199999999999989,2.340000000000011,15.577142857142858,0.411693662405014,0.4244030117988586,0.5061548985616597,0.4045739142017804,KEEP,observation_noise,0.0013011840041300745
2023-10-06,20.82,0.0,15.56,0.4044622778892517,0.4200080037117004,0.7751427292823792,8,0.542547455943059,,0,1,interpolated,0.0,0.0,-0.6999999999999993,2.3300000000000107,14.95714285714286,0.406450480222702,0.4218102991580963,0.5243511772523594,0.4053477397045212,KEEP,observation_noise,0.0013011840041300745
2023-10-07,21.45,0.19,8.21,0.4074943661689758,0.4195701479911804,0.7809280753135681,8,0.5607437346337586,,0,1,interpolated,0.0,0.0,0.629999999999999,0.4800000000000106,14.070000000000002,0.4044622778892517,0.4200080037117004,0.542547455943059,0.4096210853750679,KEEP,observation_noise,0.0013011840041300745
2023-10-08,18.93,8.09,4.14,0.4297017157077789,0.4269668459892273,0.823552668094635,8,0.5789400133244582,,0,1,interpolated,0.0,0.0,-2.52,8.53000000000001,12.51857142857143,0.4074943661689758,0.4195701479911804,0.5607437346337586,0.43050011428008306,KEEP,observation_noise,0.0013011840041300745
2023-10-09,21.22,1.08,10.66,0.4130028784275055,0.4242406785488128,0.7915346622467041,8,0.5971362920151578,,0,1,interpolated,0.0,0.0,2.289999999999999,9.61000000000001,11.214285714285714,0.4297017157077789,0.4269668459892273,0.5789400133244582,0.4136848944707104,KEEP,observation_noise,0.0013011840041300745
2023-10-10,21.61,0.22,15.47,0.4071466326713562,0.4213740527629852,0.7802554368972778,8,0.6153325707058575,,0,1,interpolated,0.0,0.0,0.3900000000000005,9.58000000000001,12.19,0.4130028784275055,0.4242406785488128,0.5971362920151578,0.4086902507543766,KEEP,observation_noise,0.0013011840041300745
2023-10-11,21.09,0.0,17.29,0.4032675921916961,0.4191831350326538,0.7728301286697388,8,0.6335288493965571,,0,1,interpolated,0.0,0.0,-0.5199999999999996,9.58000000000001,12.415714285714287,0.4071466326713562,0.4213740527629852,0.6153325707058575,0.40454924490386174,KEEP,observation_noise,0.0013011840041300745
2023-10-12,20.46,0.02,18.23,0.4025966227054596,0.4175876677036285,0.7715518474578857,8,0.6517251280872567,,0,1,interpolated,0.0,0.0,-0.629999999999999,9.60000000000001,12.794285714285715,0.4032675921916961,0.4191831350326538,0.6335288493965571,0.40270582849963854,KEEP,observation_noise,0.0013011840041300745
2023-10-13,20.45,0.0,16.58,0.4015638530254364,0.4164645671844482,0.7695904970169067,8,0.6699214067779563,0.6699214067779563,1,0,observed,1.0,1.0,-0.0100000000000015,9.60000000000001,12.94,0.4025966227054596,0.4175876677036285,0.6517251280872567,0.4021025187496611,KEEP,observation_noise,0.0013011840041300745
2023-10-14,21.32,0.1,12.95,0.399515300989151,0.4155319631099701,0.7656886577606201,8,0.678708053230196,,0,1,interpolated,0.0,0.0,0.870000000000001,9.51000000000001,13.617142857142856,0.4015638530254364,0.4164645671844482,0.6699214067779563,0.39983351824030344,KEEP,observation_noise,0.0013011840041300745
2023-10-15,20.29,0.4,15.31,0.3981598615646362,0.4143671989440918,0.7630093097686768,8,0.6874946996824357,,0,1,interpolated,0.0,0.0,-1.0300000000000011,1.8200000000000107,15.212857142857144,0.399515300989151,0.4155319631099701,0.678708053230196,0.3988211425457529,KEEP,observation_noise,0.0013011840041300745
2023-10-16,20.7,0.01,16.83,0.3964554667472839,0.4130706191062927,0.7597535848617554,8,0.6962813461346753,,0,1,interpolated,0.0,0.0,0.4100000000000001,0.7500000000000107,16.094285714285714,0.3981598615646362,0.4143671989440918,0.6874946996824357,0.39711218454768826,KEEP,observation_noise,0.0013011840041300745
2023-10-17,20.58,0.0,15.69,0.3956084549427032,0.4120974838733673,0.7581683397293091,8,0.705067992586915,,0,1,interpolated,0.0,0.0,-0.120000000000001,0.5300000000000107,16.125714285714288,0.3964554667472839,0.4130706191062927,0.6962813461346753,0.39446256853797484,KEEP,observation_noise,0.0013011840041300745
2023-10-18,20.39,0.0,18.25,0.3938298523426056,0.4108631014823913,0.7547488808631897,8,0.7138546390391547,0.7138546390391547,1,0,observed,0.9744027303754266,1.0,-0.1899999999999977,0.5300000000000107,16.262857142857143,0.3956084549427032,0.4120974838733673,0.705067992586915,0.39393467214102124,KEEP,observation_noise,0.0013011840041300745
2023-10-19,21.01,0.29,15.16,0.3956503868103027,0.4101594388484955,0.7582513689994812,8,0.7203590156055252,,0,1,interpolated,0.0,0.0,0.620000000000001,0.8000000000000107,15.824285714285711,0.3938298523426056,0.4108631014823913,0.7138546390391547,0.394739897470051,KEEP,observation_noise,0.0013011840041300745
2023-10-20,18.88,3.42,5.3,0.4053342044353485,0.4117096066474914,0.7768412828445435,8,0.7268633921718957,,0,1,interpolated,0.0,0.0,-2.1300000000000026,4.22000000000001,14.212857142857144,0.3956503868103027,0.4101594388484955,0.7203590156055252,0.40371560391336425,KEEP,observation_noise,0.0013011840041300745
2023-10-21,16.43,0.01,17.94,0.3957431316375732,0.4099954664707184,0.7584002017974854,8,0.7333677687382661,,0,1,interpolated,0.0,0.0,-2.4499999999999997,4.1300000000000106,14.925714285714283,0.4053342044353485,0.4117096066474914,0.7268633921718957,0.39758583637731765,KEEP,observation_noise,0.0013011840041300745
2023-10-22,18.42,0.0,17.62,0.3923689424991607,0.4086447358131408,0.7519449591636658,8,0.7398721453046366,,0,1,interpolated,0.0,0.0,1.990000000000002,3.73000000000001,15.255714285714287,0.3957431316375732,0.4099954664707184,0.7333677687382661,0.3914638054499803,KEEP,observation_noise,0.0013011840041300745
2023-10-23,19.47,0.0,16.6,0.3893796503543854,0.4074678719043731,0.7462320327758789,8,0.7463765218710071,0.7463765218710071,1,0,observed,1.0,1.0,1.0499999999999972,3.72000000000001,15.222857142857142,0.3923689424991607,0.4086447358131408,0.7398721453046366,0.39091825798671237,KEEP,observation_noise,0.0013011840041300745
2023-10-24,18.97,0.0,15.3,0.3891652822494507,0.406561017036438,0.7457924485206604,8,0.7497802145278769,,0,1,interpolated,0.0,0.0,-0.5,3.72000000000001,15.167142857142858,0.3893796503543854,0.4074678719043731,0.7463765218710071,0.389984696341658,KEEP,observation_noise,0.0013011840041300745
2023-10-25,19.7,0.01,15.94,0.3875257670879364,0.4057526290416717,0.7426574230194092,8,0.7531839071847467,,0,1,interpolated,0.0,0.0,0.7300000000000004,3.73000000000001,14.83714285714286,0.3891652822494507,0.406561017036438,0.7497802145278769,0.38832310508740603,KEEP,observation_noise,0.0013011840041300745
2023-10-26,20.31,0.27,14.31,0.3885338902473449,0.4052191376686096,0.7446281909942627,8,0.7565875998416164,,0,1,interpolated,0.0,0.0,0.6099999999999994,3.71000000000001,14.715714285714286,0.3875257670879364,0.4057526290416717,0.7531839071847467,0.38937695764463864,KEEP,observation_noise,0.0013011840041300745
2023-10-27,19.52,2.18,12.97,0.3901906609535217,0.4047771096229553,0.7478030323982239,8,0.7599912924984862,,0,1,interpolated,0.0,0.0,-0.7899999999999991,2.4700000000000104,15.811428571428571,0.3885338902473449,0.4052191376686096,0.7565875998416164,0.388694744597608,KEEP,observation_noise,0.0013011840041300745
2023-10-28,18.6,0.15,13.05,0.3873489201068878,0.4039705991744995,0.7423585653305054,8,0.763394985155356,,0,1,interpolated,0.0,0.0,-0.9199999999999982,2.6100000000000105,15.112857142857145,0.3901906609535217,0.4047771096229553,0.7599912924984862,0.38992102618305546,KEEP,observation_noise,0.0013011840041300745
2023-10-29,17.97,0.28,12.81,0.3861408531665802,0.4031665325164795,0.7400602698326111,8,0.7667986778122258,,0,1,interpolated,0.0,0.0,-0.6300000000000026,2.890000000000011,14.425714285714289,0.3873489201068878,0.4039705991744995,0.763394985155356,0.38735491650351356,KEEP,observation_noise,0.0013011840041300745
2023-10-30,17.93,0.0,16.53,0.3846436142921448,0.4022610783576965,0.7371114492416382,8,0.7702023704690956,,0,1,interpolated,0.0,0.0,-0.0399999999999991,2.890000000000011,14.415714285714284,0.3861408531665802,0.4031665325164795,0.7667986778122258,0.38547877958393406,KEEP,observation_noise,0.0013011840041300745
2023-10-31,19.11,0.0,16.67,0.383240133523941,0.4014599025249481,0.734455406665802,8,0.7736060631259652,,0,1,interpolated,0.0,0.0,1.1799999999999995,2.890000000000011,14.611428571428572,0.3846436142921448,0.4022610783576965,0.7702023704690956,0.38270091828208413,KEEP,observation_noise,0.0013011840041300745
2023-11-01,19.64,0.01,15.84,0.3849053680896759,0.4009672999382019,0.7376675009727478,8,0.777009755782835,,0,1,interpolated,0.0,0.0,0.5300000000000011,2.8900000000000103,14.597142857142858,0.383240133523941,0.4014599025249481,0.7736060631259652,0.3861580686395649,KEEP,observation_noise,0.0013011840041300745
2023-11-02,20.54,0.07,15.55,0.3840337991714477,0.4003784954547882,0.736004114151001,8,0.7804134484397048,0.7804134484397048,1,0,observed,1.0,1.0,0.8999999999999986,2.6900000000000106,14.774285714285714,0.3849053680896759,0.4009672999382019,0.777009755782835,0.3831075076465922,KEEP,observation_noise,0.0013011840041300745
2023-11-03,20.22,0.02,15.55,0.3833469152450561,0.3996122181415558,0.7345844507217407,8,0.7722154725675069,,0,1,interpolated,0.0,0.0,-0.3200000000000003,0.5300000000000102,15.142857142857142,0.3840337991714477,0.4003784954547882,0.7804134484397048,0.384458768198583,KEEP,observation_noise,0.0013011840041300745
2023-11-04,20.48,0.43,9.26,0.3934367299079895,0.4004518985748291,0.7540249824523926,8,0.7640174966953089,,0,1,interpolated,0.0,0.0,0.2600000000000015,0.8100000000000103,14.601428571428572,0.3833469152450561,0.3996122181415558,0.7722154725675069,0.39372565346198446,KEEP,observation_noise,0.0013011840041300745
2023-11-05,21.28,0.07,14.15,0.3925929963588714,0.4009900987148285,0.7523577809333801,8,0.755819520823111,,0,1,interpolated,0.0,0.0,0.8000000000000007,0.6000000000000102,14.792857142857144,0.3934367299079895,0.4004518985748291,0.7640174966953089,0.39098751796209574,KEEP,observation_noise,0.0013011840041300745
2023-11-06,20.91,7.23,3.2,0.4117588698863983,0.4079569578170776,0.7891140580177307,8,0.747621544950913,,0,1,interpolated,0.0,0.0,-0.370000000000001,7.830000000000011,12.888571428571428,0.3925929963588714,0.4009900987148285,0.755819520823111,0.41325541333728466,KEEP,observation_noise,0.0013011840041300745
2023-11-07,16.59,0.0,14.5,0.3922536075115204,0.4046467244625091,0.7517151832580566,8,0.7394235690787151,0.7394235690787151,1,0,observed,0.6915278056615135,1.0,-4.32,7.830000000000011,12.578571428571427,0.4117588698863983,0.4079569578170776,0.747621544950913,0.3915703566296327,KEEP,observation_noise,0.0013011840041300745
2023-11-08,17.42,0.0,15.22,0.3875673413276672,0.4020841717720032,0.7426910996437073,8,0.7443050754279035,,0,1,interpolated,0.0,0.0,0.8300000000000018,7.820000000000011,12.489999999999998,0.3922536075115204,0.4046467244625091,0.7394235690787151,0.38734056638407766,KEEP,observation_noise,0.0013011840041300745
2023-11-09,19.59,0.13,10.44,0.4027377367019653,0.4037732481956482,0.7718415260314941,8,0.7491865817770919,,0,1,interpolated,0.0,0.0,2.169999999999998,7.88000000000001,11.76,0.3875673413276672,0.4020841717720032,0.7443050754279035,0.40168612853071545,KEEP,observation_noise,0.0013011840041300745
2023-11-10,18.07,15.04,3.23,0.4147051870822906,0.4145054519176483,0.7947642207145691,8,0.7540680881262802,,0,1,interpolated,0.0,0.0,-1.5199999999999996,22.90000000000001,10.0,0.4027377367019653,0.4037732481956482,0.7491865817770919,0.41249699005901413,KEEP,observation_noise,0.0013011840041300745
2023-11-11,16.6,0.54,10.57,0.405739963054657,0.4095351696014404,0.7775711417198181,8,0.7589495944754685,,0,1,interpolated,0.0,0.0,-1.4699999999999989,23.01000000000001,10.187142857142858,0.4147051870822906,0.4145054519176483,0.7540680881262802,0.4050595831903177,KEEP,observation_noise,0.0013011840041300745
2023-11-12,13.33,0.94,5.44,0.3981709778308868,0.4067925214767456,0.7630350589752197,8,0.7638311008246569,,0,1,interpolated,0.0,0.0,-3.2700000000000014,23.88000000000001,8.942857142857143,0.405739963054657,0.4095351696014404,0.7589495944754685,0.39700167058321806,KEEP,observation_noise,0.0013011840041300745
2023-11-13,11.96,3.59,10.81,0.3937604427337646,0.4050129652023315,0.7546654939651489,8,0.7687126071738453,,0,1,interpolated,0.0,0.0,-1.3699999999999992,20.24000000000001,10.03,0.3981709778308868,0.4067925214767456,0.7638311008246569,0.3925424053906053,KEEP,observation_noise,0.0013011840041300745
2023-11-14,13.67,0.01,12.29,0.3881234526634216,0.4038231074810028,0.7438180446624756,8,0.7735941135230336,,0,1,interpolated,0.0,0.0,1.709999999999999,20.250000000000007,9.714285714285714,0.3937604427337646,0.4050129652023315,0.7687126071738453,0.38196483725502633,KEEP,observation_noise,0.0013011840041300745
2023-11-15,14.38,0.01,10.16,0.3881634473800659,0.4030580222606659,0.7439197301864624,8,0.778475619872222,,0,1,interpolated,0.0,0.0,0.7100000000000009,20.26000000000001,8.991428571428571,0.3881234526634216,0.4038231074810028,0.7735941135230336,0.38885119787933625,KEEP,observation_noise,0.0013011840041300745
2023-11-16,14.11,10.62,5.5,0.4088414907455444,0.4081636667251587,0.783490777015686,8,0.7833571262214104,,0,1,interpolated,0.0,0.0,-0.2700000000000013,30.750000000000007,8.285714285714286,0.3881634473800659,0.4030580222606659,0.778475619872222,0.4091329968635538,KEEP,observation_noise,0.0013011840041300745
2023-11-17,13.01,11.97,6.9,0.4096395969390869,0.4108162522315979,0.7850741147994995,8,0.7882386325705988,,0,1,interpolated,0.0,0.0,-1.0999999999999996,27.680000000000007,8.81,0.4088414907455444,0.4081636667251587,0.7833571262214104,0.4091398945987229,KEEP,observation_noise,0.0013011840041300745
2023-11-18,10.28,8.7,10.74,0.3985007107257843,0.4080398380756378,0.763683557510376,8,0.793120138919787,,0,1,interpolated,0.0,0.0,-2.7300000000000004,35.84000000000001,8.834285714285715,0.4096395969390869,0.4108162522315979,0.7882386325705988,0.39737233733967375,KEEP,observation_noise,0.0013011840041300745
2023-11-19,13.47,0.04,11.07,0.3926363885402679,0.4056956470012665,0.7524181604385376,8,0.7980016452689754,,0,1,interpolated,0.0,0.0,3.1900000000000013,34.94000000000001,9.638571428571428,0.3985007107257843,0.4080398380756378,0.793120138919787,0.3935906075574745,KEEP,observation_noise,0.0013011840041300745
2023-11-20,15.19,0.09,13.62,0.3884954154491424,0.4041104614734649,0.744499146938324,8,0.8028831516181638,,0,1,interpolated,0.0,0.0,1.7199999999999989,31.44000000000001,10.04,0.3926363885402679,0.4056956470012665,0.7980016452689754,0.38737121455886364,KEEP,observation_noise,0.0013011840041300745
2023-11-21,15.36,0.0,14.04,0.3869312107563019,0.4031737148761749,0.7414581775665283,8,0.8077646579673522,,0,1,interpolated,0.0,0.0,0.1699999999999999,31.43000000000001,10.29,0.3884954154491424,0.4041104614734649,0.8028831516181638,0.3856084335848467,KEEP,observation_noise,0.0013011840041300745
2023-11-22,16.8,0.05,13.58,0.3888540863990783,0.4025410115718841,0.7452337145805359,8,0.8126461643165406,0.8126461643165406,1,0,observed,0.9791206585023088,1.0,1.4400000000000013,31.47000000000001,10.778571428571428,0.3869312107563019,0.4031737148761749,0.8077646579673522,0.38654664986387915,KEEP,observation_noise,0.0013011840041300745
2023-11-23,18.54,0.27,9.97,0.3887086808681488,0.402038037776947,0.744898796081543,8,0.8151649041121005,,0,1,interpolated,0.0,0.0,1.7399999999999984,21.120000000000008,11.417142857142858,0.3888540863990783,0.4025410115718841,0.8126461643165406,0.3905432469439755,KEEP,observation_noise,0.0013011840041300745
2023-11-24,11.97,0.0,7.62,0.3852565288543701,0.4012513756752014,0.7383320331573486,8,0.8176836439076605,,0,1,interpolated,0.0,0.0,-6.569999999999999,9.150000000000007,11.52,0.3887086808681488,0.402038037776947,0.8151649041121005,0.38465219583143917,KEEP,observation_noise,0.0013011840041300745
2023-11-25,10.49,0.0,11.02,0.3856437802314758,0.4006641805171966,0.7390234470367432,8,0.8202023837032203,,0,1,interpolated,0.0,0.0,-1.4800000000000004,0.4500000000000089,11.56,0.3852565288543701,0.4012513756752014,0.8176836439076605,0.38670168988249576,KEEP,observation_noise,0.0013011840041300745
2023-11-26,12.8,0.02,11.85,0.3858649432659149,0.4001851975917816,0.7394579648971558,8,0.8227211234987802,,0,1,interpolated,0.0,0.0,2.3100000000000005,0.4300000000000089,11.671428571428567,0.3856437802314758,0.4006641805171966,0.8202023837032203,0.3863313133478603,KEEP,observation_noise,0.0013011840041300745
2023-11-27,15.38,4.49,9.86,0.3862421214580536,0.3998188376426697,0.7402520775794983,8,0.8252398632943402,0.8252398632943402,1,0,observed,0.2812688215217827,1.0,2.58,4.830000000000009,11.134285714285712,0.3858649432659149,0.4001851975917816,0.8227211234987802,0.384443987151477,KEEP,observation_noise,0.0013011840041300745
2023-11-28,13.55,0.2,8.35,0.382825642824173,0.3992810845375061,0.7336808443069458,8,0.8203633963019276,,0,1,interpolated,0.0,0.0,-1.83,5.030000000000009,10.321428571428571,0.3862421214580536,0.3998188376426697,0.8252398632943402,0.38299527915943293,KEEP,observation_noise,0.0013011840041300745
2023-11-29,12.4,0.07,6.94,0.3895243704319,0.3993588984012604,0.7465339303016663,8,0.815486929309515,,0,1,interpolated,0.0,0.0,-1.1500000000000004,5.05000000000001,9.372857142857145,0.382825642824173,0.3992810845375061,0.8203633963019276,0.3897545617658872,KEEP,observation_noise,0.0013011840041300745
2023-11-30,9.95,0.64,5.66,0.3914737701416015,0.3998227715492248,0.7502946257591248,8,0.8106104623171024,,0,1,interpolated,0.0,0.0,-2.450000000000001,5.420000000000009,8.757142857142856,0.3895243704319,0.3993588984012604,0.815486929309515,0.3928011848956743,KEEP,observation_noise,0.0013011840041300745
2023-12-01,8.46,0.37,5.41,0.3871945738792419,0.3989433646202087,0.7419617772102356,8,0.8057339953246899,,0,1,interpolated,0.0,0.0,-1.4899999999999984,5.790000000000009,8.44142857142857,0.3914737701416015,0.3998227715492248,0.8106104623171024,0.38698436126694724,KEEP,observation_noise,0.0013011840041300745
2023-12-02,9.29,0.15,11.51,0.3866123557090759,0.3982585966587066,0.7409281134605408,8,0.8008575283322773,0.8008575283322773,1,0,observed,1.0,1.0,0.8299999999999983,5.940000000000008,8.51142857142857,0.3871945738792419,0.3989433646202087,0.8057339953246899,0.38674341666116113,KEEP,observation_noise,0.0013011840041300745
2023-12-03,11.64,0.26,7.5,0.3848843276500702,0.3978292942047119,0.7376338243484497,8,0.8071384349149383,,0,1,interpolated,0.0,0.0,2.3500000000000014,6.1800000000000095,7.890000000000001,0.3866123557090759,0.3982585966587066,0.8008575283322773,0.3843125826150785,KEEP,observation_noise,0.0013011840041300745
2023-12-04,12.17,0.0,11.8,0.3845875859260559,0.3976175785064697,0.7370006442070007,8,0.8134193414975994,,0,1,interpolated,0.0,0.0,0.5299999999999994,1.6900000000000088,8.167142857142858,0.3848843276500702,0.3978292942047119,0.8071384349149383,0.38473778613643766,KEEP,observation_noise,0.0013011840041300745
2023-12-05,13.62,0.41,8.34,0.3872567415237427,0.3978421092033386,0.7422188520431519,8,0.8197002480802604,,0,1,interpolated,0.0,0.0,1.4499999999999993,1.900000000000009,8.165714285714285,0.3845875859260559,0.3976175785064697,0.8134193414975994,0.38734596752857603,KEEP,observation_noise,0.0013011840041300745
2023-12-06,15.03,0.93,9.12,0.3902718424797058,0.3980073630809784,0.7479879856109619,8,0.8259811546629215,,0,1,interpolated,0.0,0.0,1.41,2.7600000000000087,8.477142857142857,0.3872567415237427,0.3978421092033386,0.8197002480802604,0.3898628159489054,KEEP,observation_noise,0.0013011840041300745
2023-12-07,12.54,0.75,11.79,0.3853172659873962,0.3978101313114166,0.7384077310562134,8,0.8322620612455826,0.8322620612455826,1,0,observed,0.954025296125276,1.0,-2.49,2.870000000000009,9.352857142857143,0.3902718424797058,0.3980073630809784,0.8259811546629215,0.3867505584188315,KEEP,observation_noise,0.0013011840041300745
2023-12-08,12.83,0.0,12.26,0.3830132782459259,0.3968304693698883,0.7340863943099976,8,0.8310686129725587,,0,1,interpolated,0.0,0.0,0.2900000000000009,2.500000000000009,10.331428571428573,0.3853172659873962,0.3978101313114166,0.8322620612455826,0.38214153130159384,KEEP,observation_noise,0.0013011840041300745
2023-12-09,15.36,0.08,8.96,0.3833848834037781,0.3964239358901977,0.7346840500831604,8,0.829875164699535,,0,1,interpolated,0.0,0.0,2.53,2.4300000000000086,9.967142857142855,0.3830132782459259,0.3968304693698883,0.8310686129725587,0.38673754650497005,KEEP,observation_noise,0.0013011840041300745
2023-12-10,16.37,0.1,11.73,0.3877887427806854,0.3968932628631592,0.7431905269622803,8,0.8286817164265112,,0,1,interpolated,0.0,0.0,1.0100000000000016,2.270000000000009,10.571428571428571,0.3833848834037781,0.3964239358901977,0.829875164699535,0.3879338973103688,KEEP,observation_noise,0.0013011840041300745
2023-12-11,15.9,30.46,3.38,0.4247719645500183,0.4109240174293518,0.8140612840652466,8,0.8274882681534875,,0,1,interpolated,0.0,0.0,-0.4700000000000006,32.73000000000001,9.368571428571428,0.3877887427806854,0.3968932628631592,0.8286817164265112,0.42279431935740636,KEEP,observation_noise,0.0013011840041300745
2023-12-12,15.32,3.8,3.47,0.4025386869907379,0.4104241728782654,0.7714554667472839,8,0.8262948198804637,,0,1,interpolated,0.0,0.0,-0.5800000000000001,36.12000000000001,8.672857142857142,0.4247719645500183,0.4109240174293518,0.8274882681534875,0.4014192740283513,KEEP,observation_noise,0.0013011840041300745
2023-12-13,13.85,0.05,12.25,0.3901222050189972,0.4049193561077118,0.7476653456687927,8,0.82510137160744,,0,1,interpolated,0.0,0.0,-1.4700000000000006,35.24000000000001,9.12,0.4025386869907379,0.4104241728782654,0.8262948198804637,0.39076905528064104,KEEP,observation_noise,0.0013011840041300745
2023-12-14,14.19,11.3,3.05,0.4162771105766296,0.4106340408325195,0.7977321147918701,8,0.8239079233344162,,0,1,interpolated,0.0,0.0,0.3399999999999998,45.790000000000006,7.871428571428572,0.3901222050189972,0.4049193561077118,0.82510137160744,0.41649898150265124,KEEP,observation_noise,0.0013011840041300745
2023-12-15,18.07,12.14,5.52,0.4143307209014892,0.4122929275035858,0.7940356731414795,8,0.8227144750613925,,0,1,interpolated,0.0,0.0,3.880000000000001,57.93000000000001,6.908571428571428,0.4162771105766296,0.4106340408325195,0.8239079233344162,0.4141616148808003,KEEP,observation_noise,0.0013011840041300745
2023-12-16,11.19,3.53,1.77,0.4138036966323852,0.411716103553772,0.7930006384849548,8,0.8215210267883687,,0,1,interpolated,0.0,0.0,-6.880000000000001,61.38000000000001,5.881428571428572,0.4143307209014892,0.4122929275035858,0.8227144750613925,0.4132927667594631,KEEP,observation_noise,0.0013011840041300745
2023-12-17,4.75,0.58,6.59,0.4010743200778961,0.4097143411636352,0.7686533331871033,8,0.820327578515345,,0,1,interpolated,0.0,0.0,-6.44,61.86000000000001,5.147142857142858,0.4138036966323852,0.411716103553772,0.8215210267883687,0.40242033511410635,KEEP,observation_noise,0.0013011840041300745
2023-12-18,5.85,0.07,4.55,0.4017505049705505,0.408204048871994,0.7699916362762451,8,0.8191341302423212,,0,1,interpolated,0.0,0.0,1.0999999999999996,31.470000000000013,5.314285714285714,0.4010743200778961,0.4097143411636352,0.820327578515345,0.4013504379362997,KEEP,observation_noise,0.0013011840041300745
2023-12-19,7.73,2.24,2.6,0.4086307883262634,0.4095794558525085,0.7830852270126343,8,0.8179406819692974,,0,1,interpolated,0.0,0.0,1.8800000000000008,29.91000000000001,5.19,0.4017505049705505,0.408204048871994,0.8191341302423212,0.4078563293538331,KEEP,observation_noise,0.0013011840041300745
2023-12-20,8.18,0.83,4.85,0.4001390635967254,0.4080080986022949,0.7668784856796265,8,0.8167472336962737,,0,1,interpolated,0.0,0.0,0.4499999999999993,30.69000000000001,4.132857142857143,0.4086307883262634,0.4095794558525085,0.8179406819692974,0.40096464026943246,KEEP,observation_noise,0.0013011840041300745
2023-12-21,3.6,2.56,4.96,0.3972164988517761,0.4072355926036834,0.7612330913543701,8,0.8155537854232499,,0,1,interpolated,0.0,0.0,-4.58,21.95000000000001,4.405714285714286,0.4001390635967254,0.4080080986022949,0.8167472336962737,0.3953053985412394,KEEP,observation_noise,0.0013011840041300745
2023-12-22,3.3,1.04,7.18,0.393711119890213,0.4061591625213623,0.7545565366744995,8,0.8143603371502262,,0,1,interpolated,0.0,0.0,-0.3000000000000002,10.85000000000001,4.642857142857143,0.3972164988517761,0.4072355926036834,0.8155537854232499,0.393027784081822,KEEP,observation_noise,0.0013011840041300745
2023-12-23,5.26,0.0,7.18,0.3973727226257324,0.4057511687278747,0.761573851108551,8,0.8131668888772023,,0,1,interpolated,0.0,0.0,1.96,7.320000000000011,5.415714285714286,0.393711119890213,0.4061591625213623,0.8143603371502262,0.39730923978851673,KEEP,observation_noise,0.0013011840041300745
2023-12-24,7.41,5.39,3.48,0.4021860957145691,0.406211644411087,0.7707715034484863,8,0.8119734406041786,,0,1,interpolated,0.0,0.0,2.1500000000000004,12.130000000000011,4.971428571428571,0.3973727226257324,0.4057511687278747,0.8131668888772023,0.4010333403700969,KEEP,observation_noise,0.0013011840041300745
2023-12-25,7.44,0.47,5.13,0.396955132484436,0.4057096838951111,0.7607381939888,8,0.8107799923311548,,0,1,interpolated,0.0,0.0,0.0300000000000002,12.530000000000012,5.054285714285714,0.4021860957145691,0.406211644411087,0.8119734406041786,0.39966728872411195,KEEP,observation_noise,0.0013011840041300745
2023-12-26,9.02,0.0,5.7,0.3936446011066437,0.405169665813446,0.7543816566467285,8,0.8095865440581311,,0,1,interpolated,0.0,0.0,1.5799999999999992,10.290000000000012,5.497142857142856,0.396955132484436,0.4057096838951111,0.8107799923311548,0.3936156587183958,KEEP,observation_noise,0.0013011840041300745
2023-12-27,11.12,0.0,10.17,0.3938419222831726,0.4049669206142425,0.7547559142112732,8,0.8083930957851073,0.8083930957851073,1,0,observed,0.3818510339289298,1.0,2.1,9.460000000000012,6.257142857142857,0.3936446011066437,0.405169665813446,0.8095865440581311,0.3921539778763542,KEEP,observation_noise,0.0013011840041300745
2023-12-28,12.06,0.02,9.25,0.3930551707744598,0.4043645858764648,0.7531765699386597,8,0.7968019525550151,,0,1,interpolated,0.0,0.0,0.9400000000000012,6.920000000000011,6.869999999999999,0.3938419222831726,0.4049669206142425,0.8083930957851073,0.3928019025194304,KEEP,observation_noise,0.0013011840041300745
2023-12-29,11.06,0.0,10.83,0.3917922079563141,0.4038505256175995,0.7508021593093872,8,0.7852108093249227,,0,1,interpolated,0.0,0.0,-1.0,5.880000000000011,7.391428571428571,0.3930551707744598,0.4043645858764648,0.7968019525550151,0.3914149607687262,KEEP,observation_noise,0.0013011840041300745
2023-12-30,11.66,0.18,8.93,0.3921604752540588,0.4037536084651947,0.7515511512756348,8,0.7736196660948305,,0,1,interpolated,0.0,0.0,0.5999999999999996,6.060000000000011,7.641428571428571,0.3917922079563141,0.4038505256175995,0.7852108093249227,0.3912498932145234,KEEP,observation_noise,0.0013011840041300745
2023-12-31,12.51,4.16,6.06,0.395619124174118,0.4039003551006317,0.7581373453140259,8,0.7620285228647381,,0,1,interpolated,0.0,0.0,0.8499999999999996,4.830000000000011,8.01,0.3921604752540588,0.4037536084651947,0.7736196660948305,0.3964292336630591,KEEP,observation_noise,0.0013011840041300745
2024-01-01,10.5,0.52,7.32,0.3934894502162933,0.4033866822719574,0.7541365623474121,8,0.7504373796346459,,0,1,interpolated,0.0,0.0,-2.01,4.880000000000011,8.322857142857142,0.395619124174118,0.4039003551006317,0.7620285228647381,0.3942968701098056,KEEP,observation_noise,0.0013011840041300745
2024-01-02,11.11,0.08,10.55,0.392784982919693,0.4028255045413971,0.7527099847793579,8,0.7388462364045536,,0,1,interpolated,0.0,0.0,0.6099999999999994,4.960000000000011,9.015714285714283,0.3934894502162933,0.4033866822719574,0.7504373796346459,0.3927260596376059,KEEP,observation_noise,0.0013011840041300745
2024-01-03,10.29,5.13,3.56,0.4094880819320678,0.4079644680023193,0.7848149538040161,8,0.7272550931744612,,0,1,interpolated,0.0,0.0,-0.8200000000000003,10.09000000000001,8.071428571428571,0.392784982919693,0.4028255045413971,0.7388462364045536,0.4101109991384304,KEEP,observation_noise,0.0013011840041300745
2024-01-04,8.87,0.34,12.03,0.3964595198631286,0.4058004021644592,0.7597935199737549,8,0.715663949944369,,0,1,interpolated,0.0,0.0,-1.42,10.41000000000001,8.468571428571428,0.4094880819320678,0.4079644680023193,0.7272550931744612,0.39933496920675143,KEEP,observation_noise,0.0013011840041300745
2024-01-05,11.21,0.32,8.81,0.3952241837978363,0.4044815301895141,0.7574196457862854,8,0.7040728067142766,,0,1,interpolated,0.0,0.0,2.3400000000000016,10.730000000000013,8.180000000000001,0.3964595198631286,0.4058004021644592,0.715663949944369,0.39548636740280474,KEEP,observation_noise,0.0013011840041300745
2024-01-06,11.53,0.76,7.71,0.3936928808689117,0.4038208127021789,0.7544973492622375,8,0.6924816634841844,,0,1,interpolated,0.0,0.0,0.3199999999999985,11.31000000000001,8.005714285714287,0.3952241837978363,0.4044815301895141,0.7040728067142766,0.39334616110377196,KEEP,observation_noise,0.0013011840041300745
2024-01-07,7.56,0.02,6.44,0.3907546699047088,0.4030454158782959,0.7487996816635132,8,0.680890520254092,,0,1,interpolated,0.0,0.0,-3.97,7.170000000000011,8.06,0.3936928808689117,0.4038208127021789,0.6924816634841844,0.39093436791156894,KEEP,observation_noise,0.0013011840041300745
2024-01-08,5.72,0.0,12.29,0.3874205350875854,0.4023147523403168,0.7424872517585754,8,0.6692993770239998,,0,1,interpolated,0.0,0.0,-1.84,6.650000000000011,8.77,0.3907546699047088,0.4030454158782959,0.680890520254092,0.3881459358879185,KEEP,observation_noise,0.0013011840041300745
2024-01-09,9.34,0.08,10.24,0.3926942348480224,0.4022645354270935,0.7525378465652466,8,0.6577082337939075,,0,1,interpolated,0.0,0.0,3.62,6.650000000000011,8.725714285714286,0.3874205350875854,0.4023147523403168,0.6692993770239998,0.3937190366554888,KEEP,observation_noise,0.0013011840041300745
2024-01-10,10.14,7.58,5.61,0.4060563445091247,0.4048182070255279,0.7781898379325867,8,0.6461170905638152,,0,1,interpolated,0.0,0.0,0.8000000000000007,9.100000000000012,9.018571428571429,0.3926942348480224,0.4022645354270935,0.6577082337939075,0.40754785163857266,KEEP,observation_noise,0.0013011840041300745
2024-01-11,10.04,0.07,9.02,0.3955134451389313,0.4039412438869476,0.7580150365829468,8,0.6345259473337229,,0,1,interpolated,0.0,0.0,-0.1000000000000014,8.83000000000001,8.588571428571429,0.4060563445091247,0.4048182070255279,0.6461170905638152,0.39620898761982526,KEEP,observation_noise,0.0013011840041300745
2024-01-12,10.58,0.01,6.51,0.3909871876239776,0.4027981162071228,0.7493013143539429,8,0.6229348041036306,,0,1,interpolated,0.0,0.0,0.5400000000000009,8.52000000000001,8.26,0.3955134451389313,0.4039412438869476,0.6345259473337229,0.3927447450217417,KEEP,observation_noise,0.0013011840041300745
2024-01-13,8.74,0.0,13.01,0.3890435993671417,0.4019266963005066,0.7455743551254272,8,0.6113436608735383,,0,1,interpolated,0.0,0.0,-1.84,7.760000000000011,9.017142857142856,0.3909871876239776,0.4027981162071228,0.6229348041036306,0.39013084037451745,KEEP,observation_noise,0.0013011840041300745
2024-01-14,9.34,0.57,13.63,0.3923216164112091,0.401747465133667,0.7518520951271057,8,0.599752517643446,,0,1,interpolated,0.0,0.0,0.5999999999999996,8.310000000000011,10.044285714285715,0.3890435993671417,0.4019266963005066,0.6113436608735383,0.39437275197238825,KEEP,observation_noise,0.0013011840041300745
2024-01-15,10.67,5.35,10.36,0.3944472670555115,0.4019660949707031,0.7559857964515686,8,0.5881613744133537,,0,1,interpolated,0.0,0.0,1.33,13.66000000000001,9.768571428571429,0.3923216164112091,0.401747465133667,0.599752517643446,0.39187183258046643,KEEP,observation_noise,0.0013011840041300745
2024-01-16,8.43,0.0,12.02,0.3896836936473846,0.4010649919509887,0.746880292892456,8,0.5765702311832615,,0,1,interpolated,0.0,0.0,-2.24,13.58000000000001,10.022857142857143,0.3944472670555115,0.4019660949707031,0.5881613744133537,0.3890386387484802,KEEP,observation_noise,0.0013011840041300745
2024-01-17,10.91,0.02,9.72,0.3879179954528808,0.4004937410354614,0.7433347702026367,8,0.5649790879531691,,0,1,interpolated,0.0,0.0,2.4800000000000004,6.02000000000001,10.61,0.3896836936473846,0.4010649919509887,0.5765702311832615,0.38812951330382006,KEEP,observation_noise,0.0013011840041300745
2024-01-18,14.01,4.92,3.04,0.4174715578556061,0.4081164300441742,0.8000937700271606,8,0.5533879447230767,,0,1,interpolated,0.0,0.0,3.1,10.87000000000001,9.755714285714287,0.3879179954528808,0.4004937410354614,0.5649790879531691,0.4162996536357659,KEEP,observation_noise,0.0013011840041300745
2024-01-19,11.15,2.05,4.27,0.4060808420181274,0.4096362888813019,0.778205931186676,8,0.5417968014929846,,0,1,interpolated,0.0,0.0,-2.8599999999999994,12.91000000000001,9.435714285714283,0.4174715578556061,0.4081164300441742,0.5533879447230767,0.40593791297504345,KEEP,observation_noise,0.0013011840041300745
2024-01-20,10.06,15.93,2.92,0.4302742481231689,0.4182687401771545,0.8246279954910278,8,0.5302056582628922,,0,1,interpolated,0.0,0.0,-1.09,28.84000000000001,7.994285714285715,0.4060808420181274,0.4096362888813019,0.5417968014929846,0.4301077435249532,KEEP,observation_noise,0.0013011840041300745
2024-01-21,11.18,8.39,7.23,0.4113905727863312,0.4182165861129761,0.7884692549705505,8,0.5186145150327999,,0,1,interpolated,0.0,0.0,1.1199999999999992,36.66000000000001,7.079999999999999,0.4302742481231689,0.4182687401771545,0.5302056582628922,0.41358727648393845,KEEP,observation_noise,0.0013011840041300745
2024-01-22,7.95,7.59,4.51,0.4082262217998504,0.413695752620697,0.7823429703712463,8,0.5070233718027076,,0,1,interpolated,0.0,0.0,-3.2299999999999995,38.900000000000006,6.244285714285715,0.4113905727863312,0.4182165861129761,0.5186145150327999,0.4070893421699441,KEEP,observation_noise,0.0013011840041300745
2024-01-23,2.35,3.78,5.97,0.4012157022953033,0.4108920991420746,0.768915593624115,8,0.4954322285726153,,0,1,interpolated,0.0,0.0,-5.6,42.68000000000001,5.380000000000001,0.4082262217998504,0.413695752620697,0.5070233718027076,0.4005572305196444,KEEP,observation_noise,0.0013011840041300745
2024-01-24,2.32,1.9,7.75,0.3981689214706421,0.4093368351459503,0.7630885243415833,8,0.483841085342523,,0,1,interpolated,0.0,0.0,-0.0300000000000002,44.56000000000002,5.098571428571428,0.4012157022953033,0.4108920991420746,0.4954322285726153,0.39841511267267155,KEEP,observation_noise,0.0013011840041300745
2024-01-25,4.02,0.1,12.52,0.3970480859279632,0.4083876609802246,0.7609352469444275,8,0.4722499421124307,,0,1,interpolated,0.0,0.0,1.6999999999999995,39.74000000000001,6.452857142857143,0.3981689214706421,0.4093368351459503,0.483841085342523,0.3955660717875124,KEEP,observation_noise,0.0013011840041300745
2024-01-26,6.45,0.0,12.43,0.3954773545265198,0.4076932370662689,0.7578935027122498,8,0.4606587988823384,,0,1,interpolated,0.0,0.0,2.4300000000000006,37.69000000000001,7.618571428571428,0.3970480859279632,0.4083876609802246,0.4722499421124307,0.3966138416482911,KEEP,observation_noise,0.0013011840041300745
2024-01-27,7.91,0.0,9.16,0.3949941992759704,0.4071877598762512,0.7570237517356873,8,0.7970510935352506,,0,1,climatology,0.0,0.0,1.46,21.76000000000001,8.51,0.3954773545265198,0.4076932370662689,0.4606587988823384,0.39457995731103906,KEEP,observation_noise,0.0013011840041300745
2024-01-28,8.16,1.49,5.53,0.3961670994758606,0.4069602787494659,0.7592164278030396,8,0.8040621021576755,,0,1,climatology,0.0,0.0,0.25,14.86000000000001,8.267142857142856,0.3949941992759704,0.4071877598762512,0.7970510935352506,0.39645649090105256,KEEP,observation_noise,0.0013011840041300745
2024-01-29,8.5,0.0,12.2,0.3964777886867523,0.4066015481948852,0.7598055601119995,8,0.8110731107801005,,0,1,climatology,0.0,0.0,0.3399999999999998,7.27000000000001,9.365714285714288,0.3961670994758606,0.4069602787494659,0.8040621021576755,0.3941138195325227,KEEP,observation_noise,0.0013011840041300745
2024-01-30,8.85,0.0,7.7,0.3960291147232055,0.4063944816589355,0.7589505314826965,8,0.8180841194025255,,0,1,climatology,0.0,0.0,0.3499999999999996,3.490000000000011,9.612857142857145,0.3964777886867523,0.4066015481948852,0.8110731107801005,0.39582966355265164,KEEP,observation_noise,0.0013011840041300745
2024-01-31,10.37,6.35,3.1,0.4084270596504211,0.4082966446876526,0.7827137112617493,8,0.8250951280249503,,0,1,climatology,0.0,0.0,1.5199999999999996,7.94000000000001,8.948571428571428,0.3960291147232055,0.4063944816589355,0.8180841194025255,0.40757144910332,KEEP,observation_noise,0.0013011840041300745
2024-02-01,11.02,4.28,3.05,0.4129917323589325,0.411779373884201,0.7914761304855347,8,0.8294081238061176,,0,1,climatology,0.0,0.0,0.6500000000000004,12.120000000000012,7.595714285714285,0.4084270596504211,0.4082966446876526,0.8250951280249503,0.41421271782345753,KEEP,observation_noise,0.0013011840041300745
2024-02-02,8.4,0.07,8.54,0.4005780220031738,0.4097273349761963,0.767731785774231,8,0.8337211195872849,,0,1,climatology,0.0,0.0,-2.619999999999999,12.19000000000001,7.039999999999999,0.4129917323589325,0.411779373884201,0.8294081238061176,0.3988715163918524,KEEP,observation_noise,0.0013011840041300745
2024-02-03,7.46,8.2,3.59,0.4316501915454864,0.4224198162555694,0.8272642493247986,8,0.8380341153684521,,0,1,climatology,0.0,0.0,-0.9400000000000004,20.390000000000008,6.244285714285715,0.4005780220031738,0.4097273349761963,0.8337211195872849,0.4320550133578281,KEEP,observation_noise,0.0013011840041300745
2024-02-04,8.87,1.5,8.98,0.4303962588310241,0.4266823530197143,0.8248646855354309,8,0.8423471111496194,,0,1,climatology,0.0,0.0,1.4099999999999993,20.40000000000001,6.737142857142857,0.4316501915454864,0.4224198162555694,0.8380341153684521,0.43126103901791873,KEEP,observation_noise,0.0013011840041300745
2024-02-05,8.15,34.2,2.64,0.4264591038227081,0.4319055080413818,0.8172425031661987,8,0.8466601069307866,,0,1,climatology,0.0,0.0,-0.7199999999999989,54.60000000000001,5.371428571428571,0.4303962588310241,0.4266823530197143,0.8423471111496194,0.42677844427572087,KEEP,observation_noise,0.0013011840041300745
2024-02-06,9.04,2.79,8.45,0.4123340845108032,0.4248263537883758,0.7901824116706848,8,0.7866021239018969,,0,1,climatology,0.0,0.0,0.8899999999999988,57.39000000000001,5.478571428571429,0.4264591038227081,0.4319055080413818,0.8466601069307866,0.41253359839280185,KEEP,observation_noise,0.0013011840041300745
2024-02-07,8.6,4.76,7.17,0.4098306894302368,0.4219231009483337,0.7853711247444153,8,0.7265441408730071,,0,1,climatology,0.0,0.0,-0.4399999999999995,55.8,6.0600000000000005,0.4123340845108032,0.4248263537883758,0.7866021239018969,0.4105257209603786,KEEP,observation_noise,0.0013011840041300745
2024-02-08,8.55,5.35,11.87,0.4085146188735962,0.4204859733581543,0.7828950881958008,8,0.6664861578441175,,0,1,climatology,0.0,0.0,-0.0499999999999989,56.87000000000001,7.32,0.4098306894302368,0.4219231009483337,0.7265441408730071,0.40870901616931515,KEEP,observation_noise,0.0013011840041300745
2024-02-09,8.51,2.67,11.54,0.4061404764652252,0.4194988012313843,0.7783381938934326,8,0.6064281748152277,,0,1,climatology,0.0,0.0,-0.0400000000000009,59.47000000000001,7.748571428571429,0.4085146188735962,0.4204859733581543,0.6664861578441175,0.4058733542653438,KEEP,observation_noise,0.0013011840041300745
2024-02-10,8.08,0.02,12.73,0.4053692817687988,0.4186468720436096,0.7768688797950745,8,0.2867916504309539,0.2867916504309539,1,0,observed,0.7997390082312786,1.0,-0.4299999999999997,51.290000000000006,9.054285714285712,0.4061404764652252,0.4194988012313843,0.6064281748152277,0.40451175334974937,KEEP,observation_noise,0.0013011840041300745
2024-02-11,8.74,0.15,12.41,0.4060946106910705,0.4178387820720672,0.7782041430473328,8,0.2820180188936958,,0,1,interpolated,0.0,0.0,0.6600000000000001,49.94000000000001,9.544285714285715,0.4053692817687988,0.4186468720436096,0.2867916504309539,0.4049837200158364,KEEP,observation_noise,0.0013011840041300745
2024-02-12,8.34,0.0,16.49,0.4039498567581177,0.4168926477432251,0.7740801572799683,8,0.2772443873564377,,0,1,interpolated,0.0,0.0,-0.4000000000000003,15.740000000000007,11.522857142857143,0.4060946106910705,0.4178387820720672,0.2820180188936958,0.405963017919764,KEEP,observation_noise,0.0013011840041300745
2024-02-13,10.92,0.0,15.34,0.4028181731700897,0.4162279069423675,0.7719590663909912,8,0.2724707558191795,,0,1,interpolated,0.0,0.0,2.58,12.950000000000006,12.507142857142856,0.4039498567581177,0.4168926477432251,0.2772443873564377,0.40173120615085856,KEEP,observation_noise,0.0013011840041300745
2024-02-14,13.22,0.36,8.07,0.4048812389373779,0.4159070551395416,0.7759677767753601,8,0.2676971242819214,,0,1,interpolated,0.0,0.0,2.3000000000000007,8.550000000000008,12.635714285714284,0.4028181731700897,0.4162279069423675,0.2724707558191795,0.40735500149363774,KEEP,observation_noise,0.0013011840041300745
2024-02-15,13.46,3.92,6.75,0.4116794764995575,0.4167006313800812,0.7889753580093384,8,0.2629234927446633,,0,1,interpolated,0.0,0.0,0.2400000000000002,7.120000000000006,11.904285714285717,0.4048812389373779,0.4159070551395416,0.2676971242819214,0.4118801516676539,KEEP,observation_noise,0.0013011840041300745
2024-02-16,8.29,0.12,11.51,0.4054319560527801,0.4160954654216766,0.7769790887832642,8,0.2581498612074052,,0,1,interpolated,0.0,0.0,-5.170000000000002,4.570000000000007,11.9,0.4116794764995575,0.4167006313800812,0.2629234927446633,0.40796002535717263,KEEP,observation_noise,0.0013011840041300745
2024-02-17,8.82,0.0,18.69,0.4010777175426483,0.4149592220783233,0.7687010765075684,8,0.253376229670147,,0,1,interpolated,0.0,0.0,0.5300000000000011,4.550000000000007,12.751428571428573,0.4054319560527801,0.4160954654216766,0.2581498612074052,0.4018083208053326,KEEP,observation_noise,0.0013011840041300745
2024-02-18,12.21,1.45,16.7,0.40891033411026,0.415083646774292,0.783596396446228,8,0.2486025981328889,,0,1,interpolated,0.0,0.0,3.390000000000001,5.850000000000007,13.364285714285714,0.4010777175426483,0.4149592220783233,0.253376229670147,0.40907606758716125,KEEP,observation_noise,0.0013011840041300745
2024-02-19,15.24,31.95,3.97,0.4424836635589599,0.4360697567462921,0.8480021953582764,8,0.2438289665956307,,0,1,interpolated,0.0,0.0,3.03,37.8,11.575714285714286,0.40891033411026,0.415083646774292,0.2486025981328889,0.44370499591999024,KEEP,observation_noise,0.0013011840041300745
2024-02-20,13.3,8.39,4.43,0.4274525046348572,0.4306975901126861,0.819176197052002,8,0.2390553350583726,,0,1,interpolated,0.0,0.0,-1.9399999999999995,46.19000000000001,10.017142857142856,0.4424836635589599,0.4360697567462921,0.2438289665956307,0.4294508098237461,KEEP,observation_noise,0.0013011840041300745
2024-02-21,11.82,22.54,4.05,0.4458048343658447,0.439575046300888,0.8543717861175537,8,0.2342817035211145,,0,1,interpolated,0.0,0.0,-1.4800000000000004,68.37,9.442857142857145,0.4274525046348572,0.4306975901126861,0.2390553350583726,0.4479735126205038,KEEP,observation_noise,0.0013011840041300745
2024-02-22,9.67,7.18,3.65,0.4418100714683532,0.4409953355789184,0.8466780781745911,8,0.2295080719838563,,0,1,interpolated,0.0,0.0,-2.1500000000000004,71.63000000000001,9.0,0.4458048343658447,0.439575046300888,0.2342817035211145,0.4414827480563553,KEEP,observation_noise,0.0013011840041300745
2024-02-23,8.43,4.21,6.73,0.4388387799263,0.443920761346817,0.8409171104431152,8,0.2247344404465982,,0,1,interpolated,0.0,0.0,-1.2400000000000002,75.72,8.317142857142857,0.4418100714683532,0.4409953355789184,0.2295080719838563,0.4417885420971918,KEEP,observation_noise,0.0013011840041300745
2024-02-24,8.18,0.33,13.65,0.4273461103439331,0.4385653138160705,0.8189271688461304,8,0.2199608089093401,,0,1,interpolated,0.0,0.0,-0.25,76.05,7.597142857142857,0.4388387799263,0.443920761346817,0.2247344404465982,0.4262453125929666,KEEP,observation_noise,0.0013011840041300745
2024-02-25,9.49,3.63,11.03,0.4241540133953094,0.4362674653530121,0.8128253817558289,8,0.2151871773720819,0.2151871773720819,1,0,observed,0.8411965468781366,1.0,1.3100000000000005,78.23000000000002,6.787142857142858,0.4273461103439331,0.4385653138160705,0.2199608089093401,0.4264740635870032,KEEP,observation_noise,0.0013011840041300745
2024-02-26,9.46,2.11,10.5,0.4205853044986725,0.4344807267189026,0.8060370087623596,8,0.2157095818449536,,0,1,interpolated,0.0,0.0,-0.0299999999999993,48.39000000000001,7.72,0.4241540133953094,0.4362674653530121,0.2151871773720819,0.4212760545603894,KEEP,observation_noise,0.0013011840041300745
2024-02-27,7.85,0.06,10.52,0.419007807970047,0.433021992444992,0.8029694557189941,8,0.2162319863178252,,0,1,interpolated,0.0,0.0,-1.6100000000000012,40.06000000000001,8.59,0.4205853044986725,0.4344807267189026,0.2157095818449536,0.4190372546339198,KEEP,observation_noise,0.0013011840041300745
2024-02-28,8.19,0.12,14.09,0.4197672605514526,0.4321080446243286,0.8044328689575195,8,0.2167543907906968,,0,1,interpolated,0.0,0.0,0.3399999999999998,17.64000000000001,10.024285714285714,0.419007807970047,0.433021992444992,0.2162319863178252,0.4188939262589636,KEEP,observation_noise,0.0013011840041300745
2024-02-29,8.76,28.21,3.28,0.4454116225242615,0.4431708455085754,0.8536120057106018,8,0.2172767952635684,,0,1,interpolated,0.0,0.0,0.5700000000000003,38.670000000000016,9.971428571428572,0.4197672605514526,0.4321080446243286,0.2167543907906968,0.4464579881128204,KEEP,observation_noise,0.0013011840041300745
2024-03-01,8.09,0.62,14.41,0.4274075329303741,0.4400939345359802,0.8190843462944031,8,0.2177991997364401,0.2177991997364401,1,0,observed,1.0,1.0,-0.6699999999999999,35.08000000000001,11.068571428571428,0.4454116225242615,0.4431708455085754,0.2172767952635684,0.4296257648133907,KEEP,observation_noise,0.0013011840041300745
2024-03-02,4.49,0.01,17.3,0.422672688961029,0.4367913007736206,0.8100899457931519,8,0.2133034780671168,,0,1,interpolated,0.0,0.0,-3.6,34.76000000000001,11.59,0.4274075329303741,0.4400939345359802,0.2177991997364401,0.4236202468555313,KEEP,observation_noise,0.0013011840041300745
2024-03-03,8.31,0.19,10.6,0.4229949116706848,0.435321182012558,0.8105864524841309,8,0.2088077563977936,,0,1,interpolated,0.0,0.0,3.82,31.32000000000001,11.528571428571428,0.422672688961029,0.4367913007736206,0.2133034780671168,0.4244747193144514,KEEP,observation_noise,0.0013011840041300745
2024-03-04,10.85,2.02,13.78,0.4311646521091461,0.4367624223232269,0.8263028860092163,8,0.2043120347284703,,0,1,interpolated,0.0,0.0,2.539999999999999,31.23000000000001,11.997142857142856,0.4229949116706848,0.435321182012558,0.2088077563977936,0.428962754027037,KEEP,observation_noise,0.0013011840041300745
2024-03-05,9.8,30.83,3.05,0.4451755285263061,0.4474807381629944,0.8531479239463806,8,0.1998163130591471,,0,1,interpolated,0.0,0.0,-1.049999999999999,62.000000000000014,10.93,0.4311646521091461,0.4367624223232269,0.2043120347284703,0.44677756586055845,KEEP,observation_noise,0.0013011840041300745
2024-03-06,10.2,0.53,5.57,0.4329355359077453,0.443063348531723,0.8297211527824402,8,0.1953205913898238,,0,1,interpolated,0.0,0.0,0.3999999999999986,62.41000000000001,9.712857142857144,0.4451755285263061,0.4474807381629944,0.1998163130591471,0.4328131288225659,KEEP,observation_noise,0.0013011840041300745
2024-03-07,9.21,0.76,11.51,0.4281120300292969,0.4404578804969787,0.8204445838928223,8,0.1908248697205006,,0,1,interpolated,0.0,0.0,-0.9899999999999984,34.96000000000001,10.888571428571428,0.4329355359077453,0.443063348531723,0.1953205913898238,0.42606885929022964,KEEP,observation_noise,0.0013011840041300745
2024-03-08,8.71,0.14,18.41,0.4243289232254028,0.4383633434772491,0.8132416605949402,8,0.1863291480511774,,0,1,interpolated,0.0,0.0,-0.5,34.48000000000001,11.46,0.4281120300292969,0.4404578804969787,0.1908248697205006,0.42552668832751334,KEEP,observation_noise,0.0013011840041300745
2024-03-09,7.36,0.3,16.85,0.4239886701107025,0.4368672966957092,0.8125358819961548,8,0.1818334263818541,,0,1,interpolated,0.0,0.0,-1.3500000000000003,34.77000000000001,11.395714285714288,0.4243289232254028,0.4383633434772491,0.1863291480511774,0.4258199076692278,KEEP,observation_noise,0.0013011840041300745
2024-03-10,8.43,0.0,21.28,0.4209438562393188,0.4356199204921722,0.806678831577301,8,0.1773377047125309,,0,1,interpolated,0.0,0.0,1.0699999999999994,34.58000000000001,12.921428571428567,0.4239886701107025,0.4368672966957092,0.1818334263818541,0.42092732779367914,KEEP,observation_noise,0.0013011840041300745
2024-03-11,10.58,6.76,15.88,0.4464801549911499,0.4445327222347259,0.8556667566299438,8,0.1728419830432077,0.1728419830432077,1,0,observed,1.0,1.0,2.1500000000000004,39.32000000000001,13.221428571428572,0.4209438562393188,0.4356199204921722,0.1773377047125309,0.44757124324168207,KEEP,observation_noise,0.0013011840041300745
2024-03-12,10.5,19.3,13.27,0.4476431310176849,0.4525312781333923,0.8578702211380005,8,0.1713188084650818,,0,1,interpolated,0.0,0.0,-0.08,27.790000000000013,14.68142857142857,0.4464801549911499,0.4445327222347259,0.1728419830432077,0.4462763836789009,KEEP,observation_noise,0.0013011840041300745
2024-03-13,10.26,0.34,19.69,0.4319908618927002,0.4473529160022735,0.827885627746582,8,0.1697956338869558,,0,1,interpolated,0.0,0.0,-0.2400000000000002,27.60000000000001,16.69857142857143,0.4476431310176849,0.4525312781333923,0.1713188084650818,0.4303002016716321,KEEP,observation_noise,0.0013011840041300745
2024-03-14,11.48,0.0,18.53,0.4290391802787781,0.4438292980194092,0.822187602519989,8,0.1682724593088299,,0,1,interpolated,0.0,0.0,1.2200000000000006,26.84000000000001,17.701428571428572,0.4319908618927002,0.4473529160022735,0.1697956338869558,0.4281484837503922,KEEP,observation_noise,0.0013011840041300745
2024-03-15,12.66,0.0,21.29,0.4289917647838592,0.4419507682323456,0.8220864534378052,8,0.166749284730704,,0,1,interpolated,0.0,0.0,1.1799999999999995,26.700000000000014,18.112857142857145,0.4290391802787781,0.4438292980194092,0.1682724593088299,0.4272802321633272,KEEP,observation_noise,0.0013011840041300745
2024-03-16,13.86,0.29,21.11,0.423225849866867,0.4399017691612243,0.8111193180084229,8,0.1652261101525781,0.1652261101525781,1,0,observed,1.0,1.0,1.1999999999999993,26.69000000000001,18.72142857142857,0.4289917647838592,0.4419507682323456,0.166749284730704,0.4254151163562989,KEEP,observation_noise,0.0013011840041300745
2024-03-17,13.01,9.01,3.82,0.4307630360126495,0.4402241706848144,0.8255487680435181,8,0.1666002764506967,,0,1,interpolated,0.0,0.0,-0.8499999999999996,35.70000000000002,16.227142857142855,0.423225849866867,0.4399017691612243,0.1652261101525781,0.43054117616437104,KEEP,observation_noise,0.0013011840041300745
2024-03-18,10.69,0.02,21.21,0.4253411889076233,0.4387326538562774,0.8151586651802063,8,0.1679744427488153,,0,1,interpolated,0.0,0.0,-2.3200000000000003,28.96000000000001,16.98857142857143,0.4307630360126495,0.4402241706848144,0.1666002764506967,0.4241708380346382,KEEP,observation_noise,0.0013011840041300745
2024-03-19,11.93,1.34,11.79,0.4273392558097839,0.4380906820297241,0.8189842700958252,8,0.1693486090469338,,0,1,interpolated,0.0,0.0,1.2400000000000002,11.00000000000001,16.777142857142856,0.4253411889076233,0.4387326538562774,0.1679744427488153,0.4256811546405859,KEEP,observation_noise,0.0013011840041300745
2024-03-20,8.52,1.61,17.95,0.4234732985496521,0.4361221492290497,0.8115670680999756,8,0.1707227753450524,,0,1,interpolated,0.0,0.0,-3.41,12.270000000000012,16.52857142857143,0.4273392558097839,0.4380906820297241,0.1693486090469338,0.42313130952140376,KEEP,observation_noise,0.0013011840041300745
2024-03-21,8.55,0.44,18.54,0.42039355635643,0.4347365498542785,0.8055728673934937,8,0.172096941643171,,0,1,interpolated,0.0,0.0,0.0300000000000011,12.710000000000012,16.529999999999998,0.4234732985496521,0.4361221492290497,0.1707227753450524,0.41961268831953047,KEEP,observation_noise,0.0013011840041300745
2024-03-22,11.03,0.09,21.5,0.4203477799892425,0.4334360063076019,0.8055866956710815,8,0.1734711079412895,,0,1,interpolated,0.0,0.0,2.479999999999998,12.800000000000011,16.56,0.42039355635643,0.4347365498542785,0.172096941643171,0.4178535609443768,KEEP,observation_noise,0.0013011840041300745
2024-03-23,15.09,10.43,3.96,0.443847507238388,0.4390258491039276,0.850653886795044,8,0.1748452742394081,,0,1,interpolated,0.0,0.0,4.0600000000000005,22.94000000000001,14.11,0.4203477799892425,0.4334360063076019,0.1734711079412895,0.4429701525554208,KEEP,observation_noise,0.0013011840041300745
2024-03-24,13.88,51.62,5.19,0.4434016644954681,0.4468987286090851,0.8497507572174072,8,0.1762194405375267,,0,1,interpolated,0.0,0.0,-1.209999999999999,65.55000000000001,14.305714285714286,0.443847507238388,0.4390258491039276,0.1748452742394081,0.444876888155524,KEEP,observation_noise,0.0013011840041300745
2024-03-25,13.16,18.69,3.92,0.4536199569702148,0.4517894685268402,0.8693081736564636,8,0.1775936068356452,,0,1,interpolated,0.0,0.0,-0.7200000000000006,84.22000000000001,11.835714285714284,0.4434016644954681,0.4468987286090851,0.1762194405375267,0.4546389282862076,KEEP,observation_noise,0.0013011840041300745
2024-03-26,11.47,19.16,6.17,0.4454607963562011,0.4558592140674591,0.8536727428436279,8,0.1789677731337638,,0,1,interpolated,0.0,0.0,-1.6899999999999995,102.04000000000002,11.032857142857145,0.4536199569702148,0.4517894685268402,0.1775936068356452,0.4471843268804895,KEEP,observation_noise,0.0013011840041300745
2024-03-27,11.42,0.0,23.18,0.4394280910491943,0.4512970149517059,0.8421147465705872,8,0.1803419394318824,,0,1,interpolated,0.0,0.0,-0.0500000000000007,100.43,11.78,0.4454607963562011,0.4558592140674591,0.1789677731337638,0.44088462681259577,KEEP,observation_noise,0.0013011840041300745
2024-03-28,13.03,17.97,5.36,0.4647584557533264,0.465433657169342,0.8906883597373962,8,0.1817161057300009,,0,1,interpolated,0.0,0.0,1.6099999999999994,117.96,9.897142857142857,0.4394280910491943,0.4512970149517059,0.1803419394318824,0.46517228940063454,KEEP,observation_noise,0.0013011840041300745
2024-03-29,15.12,0.76,22.76,0.4448793530464172,0.4625977873802185,0.8525474071502686,8,0.1830902720281195,,0,1,interpolated,0.0,0.0,2.09,118.63,10.077142857142857,0.4647584557533264,0.465433657169342,0.1817161057300009,0.44344359049638693,KEEP,observation_noise,0.0013011840041300745
2024-03-30,15.84,0.11,16.31,0.4375566840171814,0.4572354257106781,0.8385308980941772,8,0.1844644383262381,,0,1,interpolated,0.0,0.0,0.7200000000000006,108.31000000000002,11.84142857142857,0.4448793530464172,0.4625977873802185,0.1830902720281195,0.43833015044787904,KEEP,observation_noise,0.0013011840041300745
2024-03-31,15.39,1.0,6.75,0.4572293758392334,0.4621358513832092,0.8762197494506836,8,0.1858386046243566,,0,1,interpolated,0.0,0.0,-0.4499999999999993,57.69000000000001,12.064285714285717,0.4375566840171814,0.4572354257106781,0.1844644383262381,0.4572415990031599,KEEP,observation_noise,0.0013011840041300745
2024-04-01,14.68,0.06,23.62,0.4439436197280884,0.4610896110534668,0.8507710099220276,8,0.1872127709224752,,0,1,interpolated,0.0,0.0,-0.7100000000000009,39.06000000000002,14.87857142857143,0.4572293758392334,0.4621358513832092,0.1858386046243566,0.44430296845572265,KEEP,observation_noise,0.0013011840041300745
2024-04-02,15.62,5.49,12.2,0.4563730359077453,0.4621192216873169,0.8746050000190735,8,0.1885869372205938,,0,1,interpolated,0.0,0.0,0.9399999999999996,25.39000000000001,15.74,0.4439436197280884,0.4610896110534668,0.1872127709224752,0.45925368818137907,KEEP,observation_noise,0.0013011840041300745
2024-04-03,16.48,80.4,3.03,0.4711048007011413,0.4805188775062561,0.9027792811393738,8,0.1899611035187123,,0,1,interpolated,0.0,0.0,0.8600000000000012,105.79000000000002,12.86142857142857,0.4563730359077453,0.4621192216873169,0.1885869372205938,0.4721961889554239,KEEP,observation_noise,0.0013011840041300745
2024-04-04,14.27,0.86,9.71,0.4554168879985809,0.474385529756546,0.8727888464927673,8,0.1913352698168309,,0,1,interpolated,0.0,0.0,-2.210000000000001,88.68000000000002,13.482857142857142,0.4711048007011413,0.4805188775062561,0.1899611035187123,0.45805974641058855,KEEP,observation_noise,0.0013011840041300745
2024-04-05,14.15,0.01,15.21,0.4513751566410064,0.4700090885162353,0.8650215864181519,8,0.1927094361149495,,0,1,interpolated,0.0,0.0,-0.1199999999999992,87.93000000000002,12.404285714285717,0.4554168879985809,0.474385529756546,0.1913352698168309,0.45054013673355714,KEEP,observation_noise,0.0013011840041300745
2024-04-06,14.7,1.14,13.23,0.4577625095844269,0.46978959441185,0.8772411942481995,8,0.194083602413068,,0,1,interpolated,0.0,0.0,0.5499999999999989,88.96000000000002,11.964285714285714,0.4513751566410064,0.4700090885162353,0.1927094361149495,0.4566734544033313,KEEP,observation_noise,0.0013011840041300745
2024-04-07,16.51,0.11,17.71,0.4505826532840729,0.4687438309192657,0.8635498285293579,8,0.1954577687111866,,0,1,interpolated,0.0,0.0,1.8100000000000025,88.07000000000002,13.53,0.4577625095844269,0.46978959441185,0.194083602413068,0.45075037052394773,KEEP,observation_noise,0.0013011840041300745
2024-04-08,16.08,24.05,6.1,0.4680286049842834,0.4739371240139007,0.8969845771789551,8,0.1968319350093052,,0,1,interpolated,0.0,0.0,-0.4300000000000032,112.06000000000002,11.027142857142858,0.4505826532840729,0.4687438309192657,0.1954577687111866,0.46906221724650776,KEEP,observation_noise,0.0013011840041300745
2024-04-09,13.26,8.61,14.64,0.4571312069892883,0.4746853709220886,0.8760362267494202,8,0.1982061013074237,,0,1,interpolated,0.0,0.0,-2.8199999999999985,115.18000000000002,11.375714285714286,0.4680286049842834,0.4739371240139007,0.1968319350093052,0.45749613663640015,KEEP,observation_noise,0.0013011840041300745
2024-04-10,12.88,0.0,25.02,0.4498365223407745,0.4701036810874939,0.8621329665184021,8,0.1995802676055423,0.1995802676055423,1,0,observed,1.0,1.0,-0.379999999999999,34.780000000000015,14.517142857142858,0.4571312069892883,0.4746853709220886,0.1982061013074237,0.4504189039900426,KEEP,observation_noise,0.0013011840041300745
2024-04-11,14.65,0.18,10.01,0.4533099830150604,0.4685835540294647,0.8687281012535095,8,0.1945916132384771,,0,1,interpolated,0.0,0.0,1.7699999999999996,34.100000000000016,14.56,0.4498365223407745,0.4701036810874939,0.1995802676055423,0.4558719309209126,KEEP,observation_noise,0.0013011840041300745
2024-04-12,16.16,0.0,21.38,0.4485763013362884,0.4665791690349579,0.859693706035614,8,0.1896029588714119,,0,1,interpolated,0.0,0.0,1.5099999999999998,34.09000000000002,15.441428571428572,0.4533099830150604,0.4685835540294647,0.1945916132384771,0.4491281240839583,KEEP,observation_noise,0.0013011840041300745
2024-04-13,17.59,0.0,23.9,0.4426619708538055,0.4639700353145599,0.8483595252037048,8,0.1846143045043466,,0,1,interpolated,0.0,0.0,1.4299999999999995,32.95000000000002,16.965714285714284,0.4485763013362884,0.4665791690349579,0.1896029588714119,0.44194264007343514,KEEP,observation_noise,0.0013011840041300745
2024-04-14,17.52,0.0,23.21,0.4442749619483948,0.4617983102798462,0.8514664173126221,8,0.1796256501372814,,0,1,interpolated,0.0,0.0,-0.0700000000000002,32.84000000000002,17.75142857142857,0.4426619708538055,0.4639700353145599,0.1846143045043466,0.44417069525167047,KEEP,observation_noise,0.0013011840041300745
2024-04-15,16.95,9.74,4.49,0.4659015536308288,0.4709696769714355,0.8929373621940613,8,0.1746369957702162,,0,1,interpolated,0.0,0.0,-0.5700000000000003,18.530000000000012,17.52142857142857,0.4442749619483948,0.4617983102798462,0.1796256501372814,0.46785938461202714,KEEP,observation_noise,0.0013011840041300745
2024-04-16,17.31,0.53,17.99,0.4514259099960327,0.4689962565898895,0.8651273250579834,8,0.169648341403151,,0,1,interpolated,0.0,0.0,0.3599999999999994,10.450000000000014,18.0,0.4659015536308288,0.4709696769714355,0.1746369957702162,0.45167583542644985,KEEP,observation_noise,0.0013011840041300745
2024-04-17,16.91,0.05,18.47,0.4484793841838836,0.4658640325069427,0.8594983816146851,8,0.1646596870360858,,0,1,interpolated,0.0,0.0,-0.3999999999999986,10.500000000000014,17.064285714285713,0.4514259099960327,0.4689962565898895,0.169648341403151,0.4485382220332941,KEEP,observation_noise,0.0013011840041300745
2024-04-18,16.24,0.05,23.39,0.4469640552997589,0.4641819596290588,0.8565747141838074,8,0.1596710326690205,,0,1,interpolated,0.0,0.0,-0.6700000000000017,10.370000000000015,18.97571428571428,0.4484793841838836,0.4658640325069427,0.1646596870360858,0.4449661333957363,KEEP,observation_noise,0.0013011840041300745
2024-04-19,17.2,0.0,22.79,0.4418419301509857,0.4614089429378509,0.8467655777931213,8,0.1546823783019553,,0,1,interpolated,0.0,0.0,0.9600000000000009,10.370000000000015,19.177142857142854,0.4469640552997589,0.4641819596290588,0.1596710326690205,0.4433820858802884,KEEP,observation_noise,0.0013011840041300745
2024-04-20,17.26,6.92,5.51,0.4611767530441284,0.4671639502048492,0.8838597536087036,8,0.1496937239348901,,0,1,interpolated,0.0,0.0,0.0600000000000022,17.290000000000013,16.55,0.4418419301509857,0.4614089429378509,0.1546823783019553,0.46144694864979063,KEEP,observation_noise,0.0013011840041300745
2024-04-21,17.34,13.69,5.06,0.4632145166397095,0.4726511240005493,0.8877540826797485,8,0.1447050695678249,,0,1,interpolated,0.0,0.0,0.0799999999999983,30.98000000000001,13.957142857142856,0.4611767530441284,0.4671639502048492,0.1496937239348901,0.466067902422415,KEEP,observation_noise,0.0013011840041300745
2024-04-22,16.05,1.36,6.92,0.454275369644165,0.4705742597579956,0.8706282377243042,8,0.1397164152007596,,0,1,interpolated,0.0,0.0,-1.2899999999999991,22.600000000000016,14.304285714285712,0.4632145166397095,0.4726511240005493,0.1447050695678249,0.45550903345209104,KEEP,observation_noise,0.0013011840041300745
2024-04-23,16.63,8.61,7.55,0.4547019004821777,0.4686653017997741,0.8714557886123657,8,0.1347277608336944,,0,1,interpolated,0.0,0.0,0.5799999999999983,30.68000000000001,12.812857142857142,0.454275369644165,0.4705742597579956,0.1397164152007596,0.45722511094972557,KEEP,observation_noise,0.0013011840041300745
2024-04-24,16.4,1.91,16.77,0.4495968520641327,0.4672430753707886,0.8615875840187073,8,0.1297391064666292,,0,1,interpolated,0.0,0.0,-0.2300000000000004,32.54000000000001,12.57,0.4547019004821777,0.4686653017997741,0.1347277608336944,0.4483570197802642,KEEP,observation_noise,0.0013011840041300745
2024-04-25,16.67,0.0,26.41,0.4452682435512543,0.4644618332386017,0.8533211946487427,8,0.124750452099564,0.124750452099564,1,0,observed,1.0,1.0,0.2700000000000031,32.490000000000016,13.001428571428573,0.4495968520641327,0.4672430753707886,0.1297391064666292,0.4449862873993927,KEEP,observation_noise,0.0013011840041300745
2024-04-26,16.79,0.49,7.86,0.4528353214263916,0.4645370841026306,0.8678171634674072,8,0.127401402380091,,0,1,interpolated,0.0,0.0,0.1199999999999974,32.98000000000002,10.868571428571428,0.4452682435512543,0.4644618332386017,0.124750452099564,0.45221150623905676,KEEP,observation_noise,0.0013011840041300745
2024-04-27,18.3,1.45,15.76,0.4493030607700348,0.464998185634613,0.861091136932373,8,0.130052352660618,,0,1,interpolated,0.0,0.0,1.5100000000000016,27.510000000000016,12.332857142857142,0.4528353214263916,0.4645370841026306,0.127401402380091,0.4514343481740706,KEEP,observation_noise,0.0013011840041300745
2024-04-28,19.54,0.03,18.87,0.4506891667842865,0.4634836912155151,0.8637303709983826,8,0.1327033029411451,,0,1,interpolated,0.0,0.0,1.2399999999999984,13.850000000000012,14.305714285714288,0.4493030607700348,0.464998185634613,0.130052352660618,0.45156733988451664,KEEP,observation_noise,0.0013011840041300745
2024-04-29,18.72,41.65,9.32,0.4684763252735138,0.4755721986293793,0.897830605506897,8,0.1353542532216721,,0,1,interpolated,0.0,0.0,-0.8200000000000003,54.140000000000015,14.64857142857143,0.4506891667842865,0.4634836912155151,0.1327033029411451,0.4685900633076236,KEEP,observation_noise,0.0013011840041300745
2024-04-30,17.41,1.62,9.08,0.4597607851028442,0.4734155535697937,0.8810659050941467,8,0.1380052035021992,,0,1,interpolated,0.0,0.0,-1.3099999999999987,47.150000000000006,14.867142857142856,0.4684763252735138,0.4755721986293793,0.1353542532216721,0.45959797628186116,KEEP,observation_noise,0.0013011840041300745
2024-05-01,15.61,5.35,7.83,0.4643458425998688,0.477378636598587,0.8899507522583008,8,0.1406561537827262,,0,1,interpolated,0.0,0.0,-1.8000000000000007,50.59000000000001,13.59,0.4597607851028442,0.4734155535697937,0.1380052035021992,0.4657915854737212,KEEP,observation_noise,0.0013011840041300745
2024-05-02,15.16,0.0,22.93,0.4524769484996795,0.4724975228309631,0.8671779632568359,8,0.1433071040632533,,0,1,interpolated,0.0,0.0,-0.4499999999999993,50.59000000000001,13.092857142857143,0.4643458425998688,0.477378636598587,0.1406561537827262,0.4512073821268369,KEEP,observation_noise,0.0013011840041300745
2024-05-03,17.92,0.0,26.08,0.4469909369945526,0.4686362743377685,0.856619656085968,8,0.1459580543437803,,0,1,interpolated,0.0,0.0,2.7600000000000016,50.10000000000001,15.695714285714288,0.4524769484996795,0.4724975228309631,0.1433071040632533,0.4456372958663248,KEEP,observation_noise,0.0013011840041300745
2024-05-04,19.7,0.01,25.55,0.4437004625797272,0.465408444404602,0.8503273725509644,8,0.1486090046243073,,0,1,interpolated,0.0,0.0,1.7799999999999976,48.66,17.094285714285714,0.4469909369945526,0.4686362743377685,0.1459580543437803,0.44293931726494656,KEEP,observation_noise,0.0013011840041300745
2024-05-05,19.64,0.62,9.9,0.4557677805423736,0.466338038444519,0.8735150098800659,8,0.1512599549048344,,0,1,interpolated,0.0,0.0,-0.0599999999999987,49.25000000000001,15.812857142857142,0.4437004625797272,0.465408444404602,0.1486090046243073,0.4547478034719251,KEEP,observation_noise,0.0013011840041300745
2024-05-06,19.1,24.68,9.68,0.4555264413356781,0.4721158742904663,0.8730047345161438,8,0.1539109051853614,,0,1,interpolated,0.0,0.0,-0.5399999999999991,32.28000000000001,15.864285714285714,0.4557677805423736,0.466338038444519,0.1512599549048344,0.4554771929907122,KEEP,observation_noise,0.0013011840041300745
2024-05-07,17.66,1.86,17.74,0.4468206763267517,0.4673462212085724,0.8562779426574707,8,0.1565618554658885,,0,1,interpolated,0.0,0.0,-1.4400000000000013,32.52000000000001,17.101428571428574,0.4555264413356781,0.4721158742904663,0.1539109051853614,0.44480072972172635,KEEP,observation_noise,0.0013011840041300745
2024-05-08,14.99,1.31,12.24,0.4441799223423004,0.4640266597270965,0.8512541055679321,8,0.1592128057464155,,0,1,interpolated,0.0,0.0,-2.67,28.48000000000001,17.731428571428573,0.4468206763267517,0.4673462212085724,0.1565618554658885,0.4434827484269465,KEEP,observation_noise,0.0013011840041300745
2024-05-09,15.16,0.0,28.56,0.4384685456752777,0.4606545567512512,0.8402951955795288,8,0.1618637560269426,,0,1,interpolated,0.0,0.0,0.1699999999999999,28.48000000000001,18.535714285714285,0.4441799223423004,0.4640266597270965,0.1592128057464155,0.4399971083172771,KEEP,observation_noise,0.0013011840041300745
2024-05-10,18.48,0.0,28.31,0.4340947270393371,0.4573903381824493,0.8319501280784607,8,0.1645147063074696,0.1645147063074696,1,0,observed,1.0,1.0,3.3200000000000003,28.48000000000001,18.854285714285712,0.4384685456752777,0.4606545567512512,0.1618637560269426,0.43699581553682015,KEEP,observation_noise,0.0013011840041300745
2024-05-11,19.12,0.88,19.44,0.444276750087738,0.456558346748352,0.8515007495880127,8,0.1665687753916506,,0,1,interpolated,0.0,0.0,0.6400000000000006,29.35000000000001,17.981428571428573,0.4340947270393371,0.4573903381824493,0.1645147063074696,0.44275670766714087,KEEP,observation_noise,0.0013011840041300745
2024-05-12,18.57,56.99,3.81,0.4755595028400421,0.4782465100288391,0.9113645553588868,8,0.1686228444758316,,0,1,interpolated,0.0,0.0,-0.5500000000000007,85.72000000000001,17.11142857142857,0.444276750087738,0.456558346748352,0.1665687753916506,0.4764633072171975,KEEP,observation_noise,0.0013011840041300745
2024-05-13,17.27,0.42,25.08,0.4528389871120453,0.4739051163196563,0.8678443431854248,8,0.1706769135600125,,0,1,interpolated,0.0,0.0,-1.3000000000000007,61.46000000000001,19.31142857142857,0.4755595028400421,0.4782465100288391,0.1686228444758316,0.45383867335949657,KEEP,observation_noise,0.0013011840041300745
2024-05-14,17.46,0.0,30.67,0.4415283203125,0.4671735763549804,0.8461353778839111,8,0.1727309826441935,,0,1,interpolated,0.0,0.0,0.1900000000000012,59.60000000000001,21.158571428571427,0.4528389871120453,0.4739051163196563,0.1706769135600125,0.4404268015676915,KEEP,observation_noise,0.0013011840041300745
2024-05-15,18.48,0.02,22.4,0.4414392411708832,0.4633624255657196,0.8459539413452148,8,0.1747850517283744,,0,1,interpolated,0.0,0.0,1.0199999999999996,58.31,22.610000000000003,0.4415283203125,0.4671735763549804,0.1727309826441935,0.4413241555847346,KEEP,observation_noise,0.0013011840041300745
2024-05-16,16.37,0.5,27.87,0.4395433664321899,0.4594183564186096,0.8423684239387512,8,0.1768391208125554,,0,1,interpolated,0.0,0.0,-2.1099999999999994,58.81,22.51142857142857,0.4414392411708832,0.4633624255657196,0.1747850517283744,0.4403555826892144,KEEP,observation_noise,0.0013011840041300745
2024-05-17,19.0,0.0,29.26,0.4345433712005615,0.4557563364505768,0.8327598571777344,8,0.1788931898967364,,0,1,interpolated,0.0,0.0,2.629999999999999,58.81,22.647142857142857,0.4395433664321899,0.4594183564186096,0.1768391208125554,0.43416766795736206,KEEP,observation_noise,0.0013011840041300745
2024-05-18,20.11,0.0,29.02,0.4281240105628967,0.4523256421089172,0.8204874992370605,8,0.1809472589809173,,0,1,interpolated,0.0,0.0,1.1099999999999994,57.93000000000001,24.01571428571429,0.4345433712005615,0.4557563364505768,0.1788931898967364,0.4280108953973366,KEEP,observation_noise,0.0013011840041300745
2024-05-19,19.61,0.05,28.11,0.4303716123104095,0.4498353600502014,0.8247920870780945,8,0.1830013280650983,,0,1,interpolated,0.0,0.0,-0.5,0.9900000000000072,27.487142857142857,0.4281240105628967,0.4523256421089172,0.1809472589809173,0.43142027495248914,KEEP,observation_noise,0.0013011840041300745
2024-05-20,19.53,0.25,21.78,0.4276176691055298,0.4474422037601471,0.8194950222969055,8,0.1850553971492793,,0,1,interpolated,0.0,0.0,-0.0799999999999983,0.8200000000000072,27.015714285714285,0.4303716123104095,0.4498353600502014,0.1830013280650983,0.4259193908149525,KEEP,observation_noise,0.0013011840041300745
2024-05-21,19.27,0.0,26.21,0.4263012707233429,0.4452584385871887,0.8169599175453186,8,0.1871094662334602,,0,1,interpolated,0.0,0.0,-0.2600000000000015,0.8200000000000072,26.37857142857143,0.4276176691055298,0.4474422037601471,0.1850553971492793,0.42686059557544453,KEEP,observation_noise,0.0013011840041300745
2024-05-22,19.49,0.01,12.51,0.4280823171138763,0.4441678524017334,0.8204152584075928,8,0.1891635353176412,,0,1,interpolated,0.0,0.0,0.2199999999999988,0.810000000000007,24.965714285714284,0.4263012707233429,0.4452584385871887,0.1871094662334602,0.4269391600343843,KEEP,observation_noise,0.0013011840041300745
2024-05-23,21.38,0.0,15.97,0.4285329282283783,0.4433159530162811,0.8212458491325378,8,0.1912176044018222,,0,1,interpolated,0.0,0.0,1.8900000000000008,0.3100000000000071,23.265714285714285,0.4280823171138763,0.4441678524017334,0.1891635353176412,0.4305550604511116,KEEP,observation_noise,0.0013011840041300745
2024-05-24,19.73,0.21,18.31,0.4244053363800049,0.4414750933647156,0.8133471012115479,8,0.1932716734860032,,0,1,interpolated,0.0,0.0,-1.6499999999999986,0.5200000000000071,21.70142857142857,0.4285329282283783,0.4433159530162811,0.1912176044018222,0.4255121539146796,KEEP,observation_noise,0.0013011840041300745
2024-05-25,19.6,0.0,25.67,0.4197131693363189,0.4390458464622497,0.8043923377990723,8,0.1953257425701841,0.1953257425701841,1,0,observed,1.0,1.0,-0.129999999999999,0.5200000000000071,21.222857142857144,0.4244053363800049,0.4414750933647156,0.1932716734860032,0.4210167947382973,KEEP,observation_noise,0.0013011840041300745
2024-05-26,21.5,16.05,22.08,0.4476674795150757,0.4478457868099212,0.8579007983207703,8,0.2037484746904917,,0,1,interpolated,0.0,0.0,1.8999999999999984,16.520000000000007,20.36142857142857,0.4197131693363189,0.4390458464622497,0.1953257425701841,0.4469577299477017,KEEP,observation_noise,0.0013011840041300745
2024-05-27,20.68,17.08,8.03,0.4617779552936554,0.4594237804412842,0.8849191069602966,8,0.2121712068107993,,0,1,interpolated,0.0,0.0,-0.8200000000000003,33.35000000000001,18.397142857142857,0.4476674795150757,0.4478457868099212,0.2037484746904917,0.46285640681225526,KEEP,observation_noise,0.0013011840041300745
2024-05-28,17.8,30.41,9.92,0.4547364711761474,0.4698580503463745,0.871536374092102,8,0.220593938931107,,0,1,interpolated,0.0,0.0,-2.879999999999999,63.760000000000005,16.07,0.4617779552936554,0.4594237804412842,0.2121712068107993,0.4530226365158327,KEEP,observation_noise,0.0013011840041300745
2024-05-29,18.65,0.0,30.73,0.4387774765491485,0.459631085395813,0.8409029245376587,8,0.2290166710514146,,0,1,interpolated,0.0,0.0,0.8499999999999979,63.75000000000001,18.67285714285714,0.4547364711761474,0.4698580503463745,0.220593938931107,0.4379933799832641,KEEP,observation_noise,0.0013011840041300745
2024-05-30,20.02,0.0,17.43,0.4430563747882843,0.456540048122406,0.8491001725196838,8,0.2374394031717222,,0,1,interpolated,0.0,0.0,1.370000000000001,63.75000000000001,18.881428571428568,0.4387774765491485,0.459631085395813,0.2290166710514146,0.4425689565450599,KEEP,observation_noise,0.0013011840041300745
2024-05-31,19.01,6.2,15.55,0.4434509873390198,0.4580096006393432,0.849860668182373,8,0.2458621352920298,,0,1,interpolated,0.0,0.0,-1.009999999999998,69.74000000000001,18.487142857142857,0.4430563747882843,0.456540048122406,0.2374394031717222,0.4437260753574016,KEEP,observation_noise,0.0013011840041300745
2024-06-01,20.15,0.19,24.0,0.4361947476863861,0.4542882144451141,0.8359499573707581,8,0.2542848674123374,,0,1,interpolated,0.0,0.0,1.139999999999997,69.93,18.24857142857143,0.4434509873390198,0.4580096006393432,0.2458621352920298,0.43560970871272914,KEEP,observation_noise,0.0013011840041300745
2024-06-02,19.03,0.4,20.05,0.432651162147522,0.4518383145332336,0.8291686177253723,8,0.2627075995326451,,0,1,interpolated,0.0,0.0,-1.1199999999999974,54.28000000000001,17.958571428571428,0.4361947476863861,0.4542882144451141,0.2542848674123374,0.4318827318055234,KEEP,observation_noise,0.0013011840041300745
2024-06-03,18.94,0.2,26.86,0.4288074076175689,0.4492065012454986,0.8217589259147644,8,0.2711303316529527,,0,1,interpolated,0.0,0.0,-0.0899999999999998,37.400000000000006,20.648571428571437,0.432651162147522,0.4518383145332336,0.2627075995326451,0.43084842125755685,KEEP,observation_noise,0.0013011840041300745
2024-06-04,18.94,0.91,25.9,0.4295383095741272,0.4470299482345581,0.8231769800186157,8,0.2795530637732603,0.2795530637732603,1,0,observed,1.0,1.0,0.0,7.900000000000007,22.93142857142857,0.4288074076175689,0.4492065012454986,0.2711303316529527,0.4307993913969297,KEEP,observation_noise,0.0013011840041300745
2024-06-05,19.98,0.04,25.42,0.4279231131076813,0.4446702003479004,0.8200885653495789,8,0.2797405181206048,,0,1,interpolated,0.0,0.0,1.0399999999999991,7.940000000000007,22.172857142857143,0.4295383095741272,0.4470299482345581,0.2795530637732603,0.4297386011649991,KEEP,observation_noise,0.0013011840041300745
2024-06-06,20.88,0.05,16.58,0.4260320365428924,0.4433216154575348,0.8164620399475098,8,0.2799279724679492,,0,1,interpolated,0.0,0.0,0.8999999999999986,7.990000000000007,22.05142857142857,0.4279231131076813,0.4446702003479004,0.2797405181206048,0.42875165482572275,KEEP,observation_noise,0.0013011840041300745
2024-06-07,21.93,0.28,22.52,0.4188448190689087,0.4406741559505462,0.8027219772338867,8,0.2801154268152936,,0,1,interpolated,0.0,0.0,1.0500000000000007,2.0700000000000074,23.04714285714286,0.4260320365428924,0.4433216154575348,0.2799279724679492,0.4161394185099505,KEEP,observation_noise,0.0013011840041300745
2024-06-08,21.87,22.6,10.04,0.4413799047470093,0.4441530108451843,0.8458894491195679,8,0.2803028811626381,,0,1,interpolated,0.0,0.0,-0.0599999999999987,24.480000000000008,21.052857142857142,0.4188448190689087,0.4406741559505462,0.2801154268152936,0.44112354845744,KEEP,observation_noise,0.0013011840041300745
2024-06-09,21.01,24.55,10.31,0.4397793710231781,0.4479088187217712,0.8428233861923218,8,0.2804903355099826,,0,1,interpolated,0.0,0.0,-0.8599999999999994,48.63000000000001,19.66142857142857,0.4413799047470093,0.4441530108451843,0.2803028811626381,0.4421829082037818,KEEP,observation_noise,0.0013011840041300745
2024-06-10,21.81,0.32,20.73,0.4265899062156677,0.4444136023521423,0.817596435546875,8,0.280677789857327,,0,1,interpolated,0.0,0.0,0.7999999999999972,48.75000000000001,18.785714285714285,0.4397793710231781,0.4479088187217712,0.2804903355099826,0.4285051117236593,KEEP,observation_noise,0.0013011840041300745
2024-06-11,22.42,0.08,21.3,0.4209066331386566,0.4413436651229858,0.8066499829292297,8,0.2808652442046714,,0,1,interpolated,0.0,0.0,0.610000000000003,47.92000000000001,18.128571428571423,0.4265899062156677,0.4444136023521423,0.280677789857327,0.42214793800176903,KEEP,observation_noise,0.0013011840041300745
2024-06-12,23.3,0.07,23.47,0.4193171262741089,0.4389455914497375,0.8036003112792969,8,0.2810526985520159,,0,1,interpolated,0.0,0.0,0.879999999999999,47.95000000000001,17.849999999999998,0.4209066331386566,0.4413436651229858,0.2808652442046714,0.41811559311988206,KEEP,observation_noise,0.0013011840041300745
2024-06-13,23.79,0.04,28.37,0.4138941466808319,0.4363049268722534,0.793226957321167,8,0.2812401528993603,,0,1,interpolated,0.0,0.0,0.4899999999999984,47.940000000000005,19.53428571428572,0.4193171262741089,0.4389455914497375,0.2810526985520159,0.4134300192663402,KEEP,observation_noise,0.0013011840041300745
2024-06-14,24.97,0.43,22.97,0.4130147695541382,0.4340481758117676,0.791530966758728,8,0.2814276072467048,0.2814276072467048,1,0,observed,1.0,1.0,1.1799999999999995,48.09,19.59857142857143,0.4138941466808319,0.4363049268722534,0.2812401528993603,0.41288653504121053,KEEP,observation_noise,0.0013011840041300745
2024-06-15,24.57,0.03,20.22,0.4133229851722717,0.4321305751800537,0.7920956015586853,8,0.2867025125214185,,0,1,interpolated,0.0,0.0,-0.3999999999999986,25.520000000000007,21.052857142857142,0.4130147695541382,0.4340481758117676,0.2814276072467048,0.41487437467340565,KEEP,observation_noise,0.0013011840041300745
2024-06-16,23.89,0.28,21.15,0.4242537021636963,0.4323258996009826,0.8130673766136169,8,0.2919774177961323,,0,1,interpolated,0.0,0.0,-0.6799999999999997,1.250000000000007,22.60142857142857,0.4133229851722717,0.4321305751800537,0.2867025125214185,0.4231617206737641,KEEP,observation_noise,0.0013011840041300745
2024-06-17,23.13,32.81,6.78,0.4536595046520233,0.4474311470985412,0.8694275617599487,8,0.297252323070846,,0,1,interpolated,0.0,0.0,-0.7600000000000016,33.74000000000001,20.60857142857143,0.4242537021636963,0.4323258996009826,0.2919774177961323,0.45395895044584694,KEEP,observation_noise,0.0013011840041300745
2024-06-18,22.63,7.56,27.2,0.4340498447418213,0.4508640766143799,0.8317760229110718,8,0.3025272283455597,,0,1,interpolated,0.0,0.0,-0.5,41.22000000000001,21.45142857142857,0.4536595046520233,0.4474311470985412,0.297252323070846,0.4318416667092331,KEEP,observation_noise,0.0013011840041300745
2024-06-19,24.64,0.01,24.01,0.4229117631912231,0.4426232874393463,0.8104419708251953,8,0.3078021336202735,,0,1,interpolated,0.0,0.0,2.0100000000000016,41.16000000000001,21.52857142857143,0.4340498447418213,0.4508640766143799,0.3025272283455597,0.4228400620256803,KEEP,observation_noise,0.0013011840041300745
2024-06-20,22.64,25.57,4.42,0.4596570432186126,0.4559248983860016,0.8809192180633545,8,0.3130770388949872,,0,1,interpolated,0.0,0.0,-2.0,66.69000000000001,18.107142857142858,0.4229117631912231,0.4426232874393463,0.3078021336202735,0.4593294353771922,KEEP,observation_noise,0.0013011840041300745
2024-06-21,22.95,5.02,20.6,0.4460805356502533,0.463596761226654,0.8549053072929382,8,0.318351944169701,,0,1,interpolated,0.0,0.0,0.3099999999999987,71.28,17.768571428571427,0.4596570432186126,0.4559248983860016,0.3130770388949872,0.44445445488850077,KEEP,observation_noise,0.0013011840041300745
2024-06-22,24.89,32.79,5.61,0.46480393409729,0.4683982133865356,0.890823483467102,8,0.3236268494444147,,0,1,interpolated,0.0,0.0,1.9400000000000013,104.04,15.681428571428572,0.4460805356502533,0.463596761226654,0.318351944169701,0.46792329623347295,KEEP,observation_noise,0.0013011840041300745
2024-06-23,24.72,31.87,4.5,0.4675390124320984,0.4753176569938659,0.8959736824035645,8,0.3289017547191284,,0,1,interpolated,0.0,0.0,-0.1700000000000017,135.63,13.302857142857144,0.46480393409729,0.4683982133865356,0.3236268494444147,0.4676414965345392,KEEP,observation_noise,0.0013011840041300745
2024-06-24,23.97,1.81,10.09,0.4555872678756714,0.4702518284320831,0.8731073141098022,8,0.3341766599938422,,0,1,interpolated,0.0,0.0,-0.75,104.63,13.775714285714288,0.4675390124320984,0.4753176569938659,0.3289017547191284,0.4593967531250504,KEEP,observation_noise,0.0013011840041300745
2024-06-25,23.38,4.17,7.95,0.4617053568363189,0.4706102609634399,0.8848025798797607,8,0.3394515652685559,,0,1,interpolated,0.0,0.0,-0.5899999999999999,101.24,11.025714285714288,0.4555872678756714,0.4702518284320831,0.3341766599938422,0.4634876069360049,KEEP,observation_noise,0.0013011840041300745
2024-06-26,22.7,2.51,8.4,0.4589670598506927,0.4702853560447693,0.8796130418777466,8,0.3447264705432696,,0,1,interpolated,0.0,0.0,-0.6799999999999997,103.74,8.795714285714286,0.4617053568363189,0.4706102609634399,0.3394515652685559,0.45857837071035873,KEEP,observation_noise,0.0013011840041300745
2024-06-27,22.7,35.03,4.88,0.4796870350837707,0.4833757877349853,0.9193158745765686,8,0.3500013758179834,,0,1,interpolated,0.0,0.0,0.0,113.20000000000002,8.861428571428572,0.4589670598506927,0.4702853560447693,0.3447264705432696,0.48027670934801353,KEEP,observation_noise,0.0013011840041300745
2024-06-28,23.59,8.22,10.71,0.4673666656017303,0.4861262738704681,0.8957910537719727,8,0.3552762810926971,,0,1,interpolated,0.0,0.0,0.8900000000000006,116.4,7.448571428571428,0.4796870350837707,0.4833757877349853,0.3500013758179834,0.4660528147797417,KEEP,observation_noise,0.0013011840041300745
2024-06-29,24.21,12.71,9.45,0.4793590903282165,0.4890025556087494,0.918692708015442,8,0.3605511863674109,,0,1,interpolated,0.0,0.0,0.620000000000001,96.32000000000002,7.997142857142857,0.4673666656017303,0.4861262738704681,0.3552762810926971,0.47911348503288903,KEEP,observation_noise,0.0013011840041300745
2024-06-30,25.34,42.16,8.78,0.4857392609119415,0.4969933331012726,0.9309003353118896,8,0.3658260916421246,,0,1,interpolated,0.0,0.0,1.129999999999999,106.61,8.608571428571429,0.4793590903282165,0.4890025556087494,0.3605511863674109,0.4864533953174258,KEEP,observation_noise,0.0013011840041300745
2024-07-01,24.75,60.07,5.23,0.4905332028865814,0.5057972073554993,0.9400724768638612,8,0.3711009969168384,,0,1,interpolated,0.0,0.0,-0.5899999999999999,164.87,7.9142857142857155,0.4857392609119415,0.4969933331012726,0.3658260916421246,0.49098725258289505,KEEP,observation_noise,0.0013011840041300745
2024-07-02,26.21,30.73,17.41,0.4819900095462799,0.5004482865333557,0.923719882965088,8,0.3763759021915521,,0,1,interpolated,0.0,0.0,1.4600000000000009,191.43,9.265714285714283,0.4905332028865814,0.5057972073554993,0.3711009969168384,0.4830475653462907,KEEP,observation_noise,0.0013011840041300745
2024-07-03,26.99,0.35,22.96,0.4727949500083923,0.4942133724689483,0.9061065912246704,8,0.3816508074662659,,0,1,interpolated,0.0,0.0,0.7799999999999976,189.27,11.345714285714283,0.4819900095462799,0.5004482865333557,0.3763759021915521,0.4736498976140946,KEEP,observation_noise,0.0013011840041300745
2024-07-04,26.69,1.22,17.09,0.4683087766170501,0.4894477725028991,0.8975214958190918,8,0.3869257127409796,,0,1,interpolated,0.0,0.0,-0.2999999999999971,155.46,13.09,0.4727949500083923,0.4942133724689483,0.3816508074662659,0.4705518754001437,KEEP,observation_noise,0.0013011840041300745
2024-07-05,26.8,0.26,17.96,0.4631857275962829,0.4851165413856506,0.8876782059669495,8,0.3922006180156933,,0,1,interpolated,0.0,0.0,0.1099999999999994,147.5,14.125714285714285,0.4683087766170501,0.4894477725028991,0.3869257127409796,0.4642224426627655,KEEP,observation_noise,0.0013011840041300745
2024-07-06,27.52,0.1,23.23,0.457698792219162,0.4807891845703125,0.8771491646766663,8,0.3974755232904071,,0,1,interpolated,0.0,0.0,0.7199999999999989,134.89,16.094285714285714,0.4631857275962829,0.4851165413856506,0.3922006180156933,0.45914186395399703,KEEP,observation_noise,0.0013011840041300745
2024-07-07,27.66,0.04,22.73,0.4546690881252289,0.4765604734420776,0.8713412880897522,8,0.4027504285651208,,0,1,interpolated,0.0,0.0,0.1400000000000005,92.77000000000002,18.087142857142855,0.457698792219162,0.4807891845703125,0.3974755232904071,0.45357976137259803,KEEP,observation_noise,0.0013011840041300745
2024-07-08,27.66,0.09,22.97,0.4527516365051269,0.4728099703788757,0.8676784038543701,8,0.4080253338398345,,0,1,interpolated,0.0,0.0,0.0,32.79000000000001,20.62142857142857,0.4546690881252289,0.4765604734420776,0.4027504285651208,0.45142849616064756,KEEP,observation_noise,0.0013011840041300745
2024-07-09,27.49,0.19,21.53,0.4529224634170532,0.4699537456035614,0.8680521845817566,8,0.4133002391145483,,0,1,interpolated,0.0,0.0,-0.1700000000000017,2.250000000000014,21.21,0.4527516365051269,0.4728099703788757,0.4080253338398345,0.45347798691499763,KEEP,observation_noise,0.0013011840041300745
2024-07-10,26.98,26.02,9.27,0.4753156900405884,0.4784587621688843,0.910952925682068,8,0.418575144389262,,0,1,interpolated,0.0,0.0,-0.509999999999998,27.92000000000001,19.254285714285714,0.4529224634170532,0.4699537456035614,0.4133002391145483,0.47520443382997446,KEEP,observation_noise,0.0013011840041300745
2024-07-11,25.36,68.09,7.58,0.4819160401821136,0.493021160364151,0.9235328435897828,8,0.4238500496639757,,0,1,interpolated,0.0,0.0,-1.620000000000001,94.79000000000002,17.895714285714288,0.4753156900405884,0.4784587621688843,0.418575144389262,0.4815459118057802,KEEP,observation_noise,0.0013011840041300745
2024-07-12,25.43,2.57,17.52,0.4667948484420776,0.4890520870685577,0.8946396708488464,8,0.4291249549386895,,0,1,interpolated,0.0,0.0,0.0700000000000002,97.1,17.832857142857144,0.4819160401821136,0.493021160364151,0.4238500496639757,0.4681557467941852,KEEP,observation_noise,0.0013011840041300745
2024-07-13,26.07,10.99,13.13,0.482125461101532,0.4914336204528808,0.9239485263824464,8,0.4343998602134032,,0,1,interpolated,0.0,0.0,0.6400000000000006,107.99000000000002,16.389999999999997,0.4667948484420776,0.4890520870685577,0.4291249549386895,0.4815064555524054,KEEP,observation_noise,0.0013011840041300745
2024-07-14,25.58,29.86,4.06,0.4964039921760559,0.5057083368301392,0.9512941837310792,8,0.439674765488117,,0,1,interpolated,0.0,0.0,-0.490000000000002,137.81,13.722857142857142,0.482125461101532,0.4914336204528808,0.4343998602134032,0.4953792219405445,KEEP,observation_noise,0.0013011840041300745
2024-07-15,25.98,73.66,9.06,0.4947826266288757,0.5142875909805298,0.9482596516609192,8,0.6437345740683281,,0,1,climatology,0.0,0.0,0.4000000000000021,211.38,11.735714285714286,0.4964039921760559,0.5057083368301392,0.439674765488117,0.4932261972685119,KEEP,observation_noise,0.0013011840041300745
2024-07-16,26.0,15.07,13.84,0.4890332221984863,0.5081571340560913,0.9371777772903442,8,0.5910292424246486,,0,1,climatology,0.0,0.0,0.0199999999999995,226.26,10.63714285714286,0.4947826266288757,0.5142875909805298,0.6437345740683281,0.4908801205522857,KEEP,observation_noise,0.0013011840041300745
2024-07-17,27.55,0.11,23.83,0.4810784757137298,0.5029404163360596,0.9220426082611084,8,0.5383239107809691,,0,1,climatology,0.0,0.0,1.5500000000000007,200.35,12.717142857142855,0.4890332221984863,0.5081571340560913,0.5910292424246486,0.4805105543902082,KEEP,observation_noise,0.0013011840041300745
2024-07-18,27.75,2.19,17.61,0.4756177961826324,0.4987551271915436,0.9114638566970824,8,0.4856185791372896,,0,1,climatology,0.0,0.0,0.1999999999999993,134.45,14.15,0.4810784757137298,0.5029404163360596,0.5383239107809691,0.47446103243583815,KEEP,observation_noise,0.0013011840041300745
2024-07-19,27.7,12.39,17.13,0.4937295019626617,0.5052100419998169,0.946151852607727,8,0.4329132474936101,,0,1,climatology,0.0,0.0,-0.0500000000000007,144.27,14.094285714285714,0.4756177961826324,0.4987551271915436,0.4856185791372896,0.49441290113228614,KEEP,observation_noise,0.0013011840041300745
2024-07-20,28.11,12.23,23.15,0.4816368222236633,0.5029228925704956,0.9230350852012634,8,0.5001935404270588,,0,1,climatology,0.0,0.0,0.4100000000000001,145.51000000000002,15.525714285714288,0.4937295019626617,0.5052100419998169,0.4329132474936101,0.4810611471503182,KEEP,observation_noise,0.0013011840041300745
2024-07-21,28.37,1.95,19.56,0.4793000817298889,0.4981751143932342,0.9185521006584167,8,0.5674738333605075,,0,1,climatology,0.0,0.0,0.2600000000000015,117.6,17.74,0.4816368222236633,0.5029228925704956,0.5001935404270588,0.4804374701759139,KEEP,observation_noise,0.0013011840041300745
2024-07-22,28.76,1.08,24.73,0.4702887237071991,0.493519127368927,0.901280403137207,8,0.6347541262939562,,0,1,climatology,0.0,0.0,0.3900000000000005,45.02000000000002,19.978571428571428,0.4793000817298889,0.4981751143932342,0.5674738333605075,0.4709503359160858,KEEP,observation_noise,0.0013011840041300745
2024-07-23,28.62,3.3,22.25,0.4752061367034912,0.4911808967590332,0.9107025265693665,8,0.702034419227405,,0,1,climatology,0.0,0.0,-0.1400000000000005,33.250000000000014,21.18,0.4702887237071991,0.493519127368927,0.6347541262939562,0.47515130868768934,KEEP,observation_noise,0.0013011840041300745
2024-07-24,28.5,5.59,13.28,0.4733753800392151,0.4900096654891968,0.9072087407112122,8,0.7693147121608537,,0,1,climatology,0.0,0.0,-0.120000000000001,38.73000000000002,19.67285714285714,0.4752061367034912,0.4911808967590332,0.702034419227405,0.47286667300401664,KEEP,observation_noise,0.0013011840041300745
2024-07-25,29.49,4.66,23.37,0.4628199338912964,0.4858653843402862,0.8869714736938477,8,0.5694127448132206,,0,1,climatology,0.0,0.0,0.9899999999999984,41.20000000000002,20.49571428571429,0.4733753800392151,0.4900096654891968,0.7693147121608537,0.46298050958989345,KEEP,observation_noise,0.0013011840041300745
2024-07-26,28.88,4.52,17.93,0.4636598825454712,0.4829220175743103,0.8885804414749146,8,0.5269902336343665,,0,1,climatology,0.0,0.0,-0.6099999999999994,33.33000000000001,20.61,0.4628199338912964,0.4858653843402862,0.5694127448132206,0.46524370788825403,KEEP,observation_noise,0.0013011840041300745
2024-07-27,29.5,1.38,24.52,0.454586923122406,0.4789896011352539,0.8711516857147217,8,0.4845677224555124,,0,1,climatology,0.0,0.0,0.620000000000001,22.48000000000001,20.805714285714284,0.4636598825454712,0.4829220175743103,0.5269902336343665,0.4550225548547774,KEEP,observation_noise,0.0013011840041300745
2024-07-28,29.33,0.16,25.88,0.4496541023254394,0.4749929904937744,0.8617376685142517,8,0.4421452112766583,,0,1,climatology,0.0,0.0,-0.1700000000000017,20.690000000000012,21.708571428571428,0.454586923122406,0.4789896011352539,0.4845677224555124,0.45089286333866385,KEEP,observation_noise,0.0013011840041300745
2024-07-29,29.03,0.07,26.23,0.4484555125236511,0.4714787602424621,0.8595032095909119,8,0.5187983446088231,0.5187983446088231,1,0,observed,1.0,1.0,-0.2999999999999971,19.68000000000001,21.922857142857143,0.4496541023254394,0.4749929904937744,0.4421452112766583,0.4504110045968606,KEEP,observation_noise,0.0013011840041300745
2024-07-30,28.79,0.16,25.96,0.4454149007797241,0.4680293202400207,0.8535951972007751,8,0.5119297750893035,,0,1,interpolated,0.0,0.0,-0.240000000000002,16.540000000000017,22.45285714285714,0.4484555125236511,0.4714787602424621,0.5187983446088231,0.4445100890159709,KEEP,observation_noise,0.0013011840041300745
2024-07-31,29.08,0.0,26.24,0.441249132156372,0.4644834399223327,0.8456775546073914,8,0.505061205569784,,0,1,interpolated,0.0,0.0,0.2899999999999991,10.950000000000014,24.304285714285715,0.4454149007797241,0.4680293202400207,0.5119297750893035,0.4423698493393945,KEEP,observation_noise,0.0013011840041300745
2024-08-01,29.48,0.0,24.72,0.4380414485931396,0.461083322763443,0.839448094367981,8,0.4981926360502643,,0,1,interpolated,0.0,0.0,0.4000000000000021,6.290000000000013,24.49714285714285,0.441249132156372,0.4644834399223327,0.505061205569784,0.4361459347373795,KEEP,observation_noise,0.0013011840041300745
2024-08-02,29.79,0.0,25.71,0.433881014585495,0.4576341509819031,0.8315354585647583,8,0.4913240665307448,,0,1,interpolated,0.0,0.0,0.3099999999999987,1.7700000000000142,25.60857142857143,0.4380414485931396,0.461083322763443,0.4981926360502643,0.43471840283618873,KEEP,observation_noise,0.0013011840041300745
2024-08-03,30.04,0.19,24.29,0.4319460391998291,0.4546833634376526,0.8278259634971619,8,0.4844554970112252,0.4844554970112252,1,0,observed,1.0,1.0,0.25,0.5800000000000143,25.575714285714287,0.433881014585495,0.4576341509819031,0.4913240665307448,0.43385124338036296,KEEP,observation_noise,0.0013011840041300745
2024-08-04,30.1,1.36,22.73,0.427632212638855,0.4517685174942016,0.8195785880088806,8,0.4745653582639245,,0,1,interpolated,0.0,0.0,0.0600000000000022,1.7800000000000145,25.125714285714285,0.4319460391998291,0.4546833634376526,0.4844554970112252,0.42909625795652345,KEEP,observation_noise,0.0013011840041300745
2024-08-05,29.78,1.48,20.79,0.4275809228420257,0.4491462707519531,0.8193470239639282,8,0.4646752195166237,,0,1,interpolated,0.0,0.0,-0.3200000000000003,3.190000000000014,24.34857142857143,0.427632212638855,0.4517685174942016,0.4745653582639245,0.426518779347186,KEEP,observation_noise,0.0013011840041300745
2024-08-06,29.21,0.24,24.79,0.4226683974266052,0.4463002681732178,0.8100543022155762,8,0.454785080769323,,0,1,interpolated,0.0,0.0,-0.5700000000000003,3.2700000000000147,24.18142857142857,0.4275809228420257,0.4491462707519531,0.4646752195166237,0.42328642350633294,KEEP,observation_noise,0.0013011840041300745
2024-08-07,29.25,0.24,25.59,0.421191930770874,0.4436622858047485,0.8072191476821899,8,0.4448949420220223,,0,1,interpolated,0.0,0.0,0.0399999999999991,3.5100000000000144,24.08857142857143,0.4226683974266052,0.4463002681732178,0.454785080769323,0.42145474718145615,KEEP,observation_noise,0.0013011840041300745
2024-08-08,29.97,0.37,26.43,0.4156416952610016,0.4405185282230377,0.7964921593666077,8,0.4350048032747216,0.4350048032747216,1,0,observed,1.0,1.0,0.7199999999999989,3.880000000000014,24.33285714285714,0.421191930770874,0.4436622858047485,0.4448949420220223,0.41665748740283054,KEEP,observation_noise,0.0013011840041300745
2024-08-09,29.59,1.65,20.85,0.4166952967643738,0.4383844435214996,0.7985897064208984,8,0.4299747812915092,,0,1,interpolated,0.0,0.0,-0.379999999999999,5.530000000000014,23.638571428571428,0.4156416952610016,0.4405185282230377,0.4350048032747216,0.4173989722590449,KEEP,observation_noise,0.0013011840041300745
2024-08-10,29.03,0.0,25.51,0.4154089391231537,0.4360936880111694,0.796168327331543,8,0.4249447593082968,,0,1,interpolated,0.0,0.0,-0.5599999999999987,5.340000000000014,23.812857142857144,0.4166952967643738,0.4383844435214996,0.4299747812915092,0.41535585381832246,KEEP,observation_noise,0.0013011840041300745
2024-08-11,28.36,0.01,26.46,0.4094951748847961,0.4334045946598053,0.784770667552948,8,0.4199147373250844,,0,1,interpolated,0.0,0.0,-0.6700000000000017,3.990000000000014,24.345714285714287,0.4154089391231537,0.4360936880111694,0.4249447593082968,0.409718312723716,KEEP,observation_noise,0.0013011840041300745
2024-08-12,28.33,0.01,24.71,0.4085370302200317,0.4310353398323059,0.7829676866531372,8,0.4148847153418719,,0,1,interpolated,0.0,0.0,-0.0300000000000011,2.5200000000000142,24.90571428571429,0.4094951748847961,0.4334045946598053,0.4199147373250844,0.40980238384161144,KEEP,observation_noise,0.0013011840041300745
2024-08-13,28.52,0.5,23.81,0.4067629873752594,0.4287879467010498,0.7795462608337402,8,0.4098546933586595,0.4098546933586595,1,0,observed,1.0,1.0,0.1900000000000012,2.7800000000000145,24.76571428571429,0.4085370302200317,0.4310353398323059,0.4148847153418719,0.4086601976013712,KEEP,observation_noise,0.0013011840041300745
2024-08-14,29.16,1.98,23.24,0.4071275591850281,0.4267871379852295,0.7802319526672363,8,0.3836602172656487,,0,1,interpolated,0.0,0.0,0.6400000000000006,4.520000000000014,24.43,0.4067629873752594,0.4287879467010498,0.4098546933586595,0.4070662070253711,KEEP,observation_noise,0.0013011840041300745
2024-08-15,28.93,1.52,21.49,0.4050129950046539,0.4247498512268066,0.7762272357940674,8,0.3574657411726379,,0,1,interpolated,0.0,0.0,-0.2300000000000004,5.670000000000014,23.724285714285717,0.4071275591850281,0.4267871379852295,0.3836602172656487,0.40448696644443677,KEEP,observation_noise,0.0013011840041300745
2024-08-16,28.41,0.24,22.6,0.4041413068771362,0.4231264293193817,0.7745164036750793,8,0.3312712650796271,,0,1,interpolated,0.0,0.0,-0.5199999999999996,4.260000000000014,23.974285714285717,0.4050129950046539,0.4247498512268066,0.3574657411726379,0.40343138353631247,KEEP,observation_noise,0.0013011840041300745
2024-08-17,28.17,0.01,24.73,0.4014842808246612,0.4211826622486114,0.7694247364997864,8,0.3050767889866163,,0,1,interpolated,0.0,0.0,-0.2399999999999984,4.270000000000014,23.86285714285714,0.4041413068771362,0.4231264293193817,0.3312712650796271,0.40163255065935327,KEEP,observation_noise,0.0013011840041300745
2024-08-18,28.62,0.98,21.88,0.4050671458244324,0.4197603762149811,0.7762864828109741,8,0.2788823128936055,0.2788823128936055,1,0,observed,1.0,1.0,0.4499999999999993,5.240000000000014,23.208571428571425,0.4014842808246612,0.4211826622486114,0.3050767889866163,0.40576056054701465,KEEP,observation_noise,0.0013011840041300745
2024-08-19,28.99,4.57,16.77,0.4187793731689453,0.4209078550338745,0.8025910258293152,8,0.2703225149851971,,0,1,interpolated,0.0,0.0,0.3699999999999974,9.800000000000017,22.07428571428571,0.4050671458244324,0.4197603762149811,0.2788823128936055,0.4185932351471144,KEEP,observation_noise,0.0013011840041300745
2024-08-20,29.22,2.04,21.98,0.4075702428817749,0.4199760556221008,0.7810009121894836,8,0.2617627170767888,,0,1,interpolated,0.0,0.0,0.2300000000000004,11.340000000000014,21.812857142857144,0.4187793731689453,0.4209078550338745,0.2703225149851971,0.40824956315649125,KEEP,observation_noise,0.0013011840041300745
2024-08-21,29.96,0.74,21.9,0.3972918689250946,0.4170119166374206,0.7613537907600403,8,0.2532029191683804,,0,1,interpolated,0.0,0.0,0.740000000000002,10.100000000000014,21.62142857142857,0.4075702428817749,0.4199760556221008,0.2617627170767888,0.399553603053158,KEEP,observation_noise,0.0013011840041300745
2024-08-22,29.92,1.94,20.81,0.3946243524551391,0.4147776663303375,0.7562254071235657,8,0.2446431212599721,,0,1,interpolated,0.0,0.0,-0.0399999999999991,10.520000000000016,21.524285714285718,0.3972918689250946,0.4170119166374206,0.2532029191683804,0.39512142631237085,KEEP,observation_noise,0.0013011840041300745
2024-08-23,30.02,3.24,19.54,0.3924642205238342,0.4129184186458587,0.7521576881408691,8,0.2360833233515637,,0,1,interpolated,0.0,0.0,0.0999999999999978,13.520000000000014,21.08714285714285,0.3946243524551391,0.4147776663303375,0.2446431212599721,0.3928577063267314,KEEP,observation_noise,0.0013011840041300745
2024-08-24,29.92,6.52,19.2,0.3913989961147308,0.4114596247673034,0.7501055598258972,8,0.2275235254431553,,0,1,interpolated,0.0,0.0,-0.0999999999999978,20.030000000000012,20.297142857142852,0.3924642205238342,0.4129184186458587,0.2360833233515637,0.3934741188908443,KEEP,observation_noise,0.0013011840041300745
2024-08-25,29.55,12.33,15.48,0.4130748808383941,0.4139194190502167,0.7915867567062378,8,0.218963727534747,,0,1,interpolated,0.0,0.0,-0.370000000000001,31.380000000000013,19.382857142857144,0.3913989961147308,0.4114596247673034,0.2275235254431553,0.413227718611552,KEEP,observation_noise,0.0013011840041300745
2024-08-26,29.83,1.52,23.63,0.3977589309215545,0.4127651751041412,0.7622898817062378,8,0.2104039296263386,,0,1,interpolated,0.0,0.0,0.2799999999999976,28.330000000000013,20.36285714285714,0.4130748808383941,0.4139194190502167,0.218963727534747,0.3979076833823577,KEEP,observation_noise,0.0013011840041300745
2024-08-27,29.37,6.02,21.33,0.3981263041496277,0.4105396270751953,0.7629651427268982,8,0.2018441317179302,,0,1,interpolated,0.0,0.0,-0.4599999999999973,32.31000000000002,20.27,0.3977589309215545,0.4127651751041412,0.2104039296263386,0.39811941020807057,KEEP,observation_noise,0.0013011840041300745
2024-08-28,28.3,17.94,9.43,0.4535959959030151,0.4299773573875427,0.8693178296089172,8,0.1932843338095219,,0,1,interpolated,0.0,0.0,-1.0700000000000005,49.51000000000001,18.488571428571426,0.3981263041496277,0.4105396270751953,0.2018441317179302,0.4541859407141318,KEEP,observation_noise,0.0013011840041300745
2024-08-29,27.64,81.77,3.79,0.4954304099082947,0.4821989834308624,0.9494506120681764,8,0.1847245359011135,,0,1,interpolated,0.0,0.0,-0.6600000000000001,129.34,16.057142857142857,0.4535959959030151,0.4299773573875427,0.1932843338095219,0.4947537949442675,KEEP,observation_noise,0.0013011840041300745
2024-08-30,28.19,30.3,5.1,0.474019318819046,0.4852311611175537,0.9084427952766418,8,0.1761647379927052,,0,1,interpolated,0.0,0.0,0.5500000000000007,156.40000000000003,13.994285714285713,0.4954304099082947,0.4821989834308624,0.1847245359011135,0.4753090993952126,KEEP,observation_noise,0.0013011840041300745
2024-08-31,27.94,0.88,23.64,0.448213130235672,0.4671690762042999,0.8589860200881958,8,0.1676049400842968,,0,1,interpolated,0.0,0.0,-0.25,150.76000000000002,14.628571428571428,0.474019318819046,0.4852311611175537,0.1761647379927052,0.44651789475765447,KEEP,observation_noise,0.0013011840041300745
2024-09-01,27.12,0.04,23.91,0.4370381236076355,0.4582408964633941,0.8375443816184998,8,0.1590451421758885,,0,1,interpolated,0.0,0.0,-0.8200000000000003,138.47000000000003,15.832857142857142,0.448213130235672,0.4671690762042999,0.1676049400842968,0.4358038071053884,KEEP,observation_noise,0.0013011840041300745
2024-09-02,27.27,0.01,21.81,0.4297104179859161,0.4533005356788635,0.8234553337097168,8,0.1504853442674801,,0,1,interpolated,0.0,0.0,0.1499999999999985,136.96,15.572857142857142,0.4370381236076355,0.4582408964633941,0.1590451421758885,0.4296199896162358,KEEP,observation_noise,0.0013011840041300745
2024-09-03,27.13,0.08,20.73,0.429686427116394,0.4501317143440246,0.8234487771987915,8,0.1419255463590717,,0,1,interpolated,0.0,0.0,-0.1400000000000005,131.02,15.487142857142858,0.4297104179859161,0.4533005356788635,0.1504853442674801,0.43231020200111475,KEEP,observation_noise,0.0013011840041300745
2024-09-04,26.88,0.05,22.19,0.4281539022922516,0.4475943148136139,0.8205314874649048,8,0.1333657484506634,,0,1,interpolated,0.0,0.0,-0.25,113.13,17.31,0.429686427116394,0.4501317143440246,0.1419255463590717,0.4283974079589936,KEEP,observation_noise,0.0013011840041300745
2024-09-05,27.16,0.02,21.78,0.423102468252182,0.4449833333492279,0.8108290433883667,8,0.124805950542255,,0,1,interpolated,0.0,0.0,0.2800000000000011,31.380000000000027,19.88,0.4281539022922516,0.4475943148136139,0.1333657484506634,0.4245069527143475,KEEP,observation_noise,0.0013011840041300745
2024-09-06,27.81,0.01,21.55,0.4192303717136383,0.4424331784248352,0.8034529685974121,8,0.1162461526338466,,0,1,interpolated,0.0,0.0,0.6499999999999986,1.0900000000000285,22.23,0.423102468252182,0.4449833333492279,0.124805950542255,0.41669692304899664,KEEP,observation_noise,0.0013011840041300745
2024-09-07,28.07,0.12,21.27,0.4168161749839782,0.4400106370449066,0.798774003982544,8,0.1076863547254382,0.1076863547254382,1,0,observed,1.0,1.0,0.2600000000000015,0.3300000000000284,21.891428571428573,0.4192303717136383,0.4424331784248352,0.1162461526338466,0.41729379488496815,KEEP,observation_noise,0.0013011840041300745
2024-09-08,28.07,0.01,22.24,0.4160157442092895,0.4377913773059845,0.7972682118415833,8,0.105824034777875,,0,1,interpolated,0.0,0.0,0.0,0.3000000000000284,21.65285714285714,0.4168161749839782,0.4400106370449066,0.1076863547254382,0.4161737403070778,KEEP,observation_noise,0.0013011840041300745
2024-09-09,28.71,0.04,22.43,0.4143491685390472,0.4356725513935089,0.7940280437469482,8,0.1039617148303118,,0,1,interpolated,0.0,0.0,0.6400000000000006,0.3300000000000284,21.74142857142857,0.4160157442092895,0.4377913773059845,0.105824034777875,0.414373505299332,KEEP,observation_noise,0.0013011840041300745
2024-09-10,29.05,1.4,18.17,0.4232402443885803,0.434832215309143,0.8110734224319458,8,0.1020993948827486,,0,1,interpolated,0.0,0.0,0.3399999999999998,1.6500000000000283,21.375714285714285,0.4143491685390472,0.4356725513935089,0.1039617148303118,0.42267752064249636,KEEP,observation_noise,0.0013011840041300745
2024-09-11,29.06,1.52,17.21,0.420877456665039,0.4337520599365234,0.806624174118042,8,0.1002370749351853,,0,1,interpolated,0.0,0.0,0.009999999999998,3.1200000000000285,20.664285714285715,0.4232402443885803,0.434832215309143,0.1020993948827486,0.4194500900948457,KEEP,observation_noise,0.0013011840041300745
2024-09-12,28.82,0.99,20.22,0.4116417169570923,0.4312870502471924,0.7888794541358948,8,0.0983747549876221,,0,1,interpolated,0.0,0.0,-0.2399999999999984,4.090000000000028,20.44142857142857,0.420877456665039,0.4337520599365234,0.1002370749351853,0.4110246801039185,KEEP,observation_noise,0.0013011840041300745
2024-09-13,29.08,0.74,21.93,0.4065966606140136,0.4286788403987884,0.7792304754257202,8,0.0965124350400589,,0,1,interpolated,0.0,0.0,0.259999999999998,4.820000000000029,20.49571428571429,0.4116417169570923,0.4312870502471924,0.0983747549876221,0.4035743336127271,KEEP,observation_noise,0.0013011840041300745
2024-09-14,28.81,0.24,20.47,0.4120556712150574,0.4269553422927856,0.7896831035614014,8,0.0946501150924957,,0,1,interpolated,0.0,0.0,-0.2699999999999996,4.940000000000028,20.381428571428568,0.4065966606140136,0.4286788403987884,0.0965124350400589,0.41102574032417555,KEEP,observation_noise,0.0013011840041300745
2024-09-15,29.24,1.34,17.39,0.4125507175922394,0.42580646276474,0.7906251549720764,8,0.0927877951449324,,0,1,interpolated,0.0,0.0,0.4299999999999997,6.270000000000029,19.68857142857143,0.4120556712150574,0.4269553422927856,0.0946501150924957,0.41074919367592644,KEEP,observation_noise,0.0013011840041300745
2024-09-16,29.28,2.6,17.36,0.4073069989681244,0.4240145683288574,0.7805988788604736,8,0.0909254751973692,,0,1,interpolated,0.0,0.0,0.0400000000000027,8.830000000000028,18.964285714285715,0.4125507175922394,0.42580646276474,0.0927877951449324,0.40873763670017427,KEEP,observation_noise,0.0013011840041300745
2024-09-17,29.16,0.28,21.19,0.4019313156604767,0.4217514097690582,0.7703112363815308,8,0.089063155249806,0.089063155249806,1,0,observed,1.0,1.0,-0.120000000000001,7.710000000000028,19.395714285714288,0.4073069989681244,0.4240145683288574,0.0909254751973692,0.40039486738002406,KEEP,observation_noise,0.0013011840041300745
2024-09-18,29.02,1.46,20.73,0.4004572033882141,0.4197615683078766,0.7674267292022705,8,0.0892681188495139,,0,1,interpolated,0.0,0.0,-0.1400000000000005,7.650000000000029,19.898571428571422,0.4019313156604767,0.4217514097690582,0.089063155249806,0.4010547304414672,KEEP,observation_noise,0.0013011840041300745
2024-09-19,29.37,1.3,20.06,0.3995427191257477,0.418214350938797,0.7657326459884644,8,0.0894730824492218,,0,1,interpolated,0.0,0.0,0.3500000000000014,7.960000000000028,19.875714285714285,0.4004572033882141,0.4197615683078766,0.0892681188495139,0.4007845847231534,KEEP,observation_noise,0.0013011840041300745
2024-09-20,28.47,4.01,13.73,0.4049583673477173,0.4175774455070495,0.7760815024375916,8,0.0896780460489298,,0,1,interpolated,0.0,0.0,-0.9000000000000021,11.230000000000029,18.704285714285717,0.3995427191257477,0.418214350938797,0.0894730824492218,0.40398545120830737,KEEP,observation_noise,0.0013011840041300745
2024-09-21,27.71,30.95,10.9,0.4449476599693298,0.4300019443035126,0.8527966141700745,8,0.0898830096486377,,0,1,interpolated,0.0,0.0,-0.759999999999998,41.940000000000026,17.337142857142858,0.4049583673477173,0.4175774455070495,0.0896780460489298,0.44349384258974306,KEEP,observation_noise,0.0013011840041300745
2024-09-22,26.18,136.93,9.91,0.4346597790718078,0.4460895955562591,0.8330281972885132,8,0.0900879732483457,,0,1,interpolated,0.0,0.0,-1.5300000000000011,177.53000000000003,16.26857142857143,0.4449476599693298,0.4300019443035126,0.0898830096486377,0.4346550413796791,KEEP,observation_noise,0.0013011840041300745
2024-09-23,24.17,0.21,17.44,0.4154794812202453,0.434147298336029,0.7962446212768555,8,0.0902929368480536,,0,1,interpolated,0.0,0.0,-2.009999999999998,175.14000000000004,16.28,0.4346597790718078,0.4460895955562591,0.0900879732483457,0.4167940495893057,KEEP,observation_noise,0.0013011840041300745
2024-09-24,24.69,0.22,18.12,0.4138824641704559,0.4291645288467407,0.7932177782058716,8,0.0904979004477616,,0,1,interpolated,0.0,0.0,0.5199999999999996,175.08000000000004,15.841428571428574,0.4154794812202453,0.434147298336029,0.0902929368480536,0.4140666977555703,KEEP,observation_noise,0.0013011840041300745
2024-09-25,25.38,6.05,9.66,0.4232684373855591,0.4283066391944885,0.8111811280250549,8,0.0907028640474695,,0,1,interpolated,0.0,0.0,0.6899999999999977,179.67000000000002,14.260000000000002,0.4138824641704559,0.4291645288467407,0.0904979004477616,0.42308918586653,KEEP,observation_noise,0.0013011840041300745
2024-09-26,26.27,0.84,19.9,0.4121874272823334,0.426534354686737,0.7899163365364075,8,0.0909078276471774,,0,1,interpolated,0.0,0.0,0.8900000000000006,179.21,14.237142857142857,0.4232684373855591,0.4283066391944885,0.0907028640474695,0.41637092230775913,KEEP,observation_noise,0.0013011840041300745
2024-09-27,25.97,0.7,17.94,0.4098353981971741,0.4244595468044281,0.7854100465774536,8,0.0911127912468854,0.0911127912468854,1,0,observed,1.0,1.0,-0.3000000000000007,175.90000000000003,14.838571428571427,0.4121874272823334,0.426534354686737,0.0909078276471774,0.41018277079345705,KEEP,observation_noise,0.0013011840041300745
2024-09-28,25.73,0.15,15.99,0.4062662720680237,0.4227108955383301,0.7786014080047607,8,0.1061934700126012,,0,1,interpolated,0.0,0.0,-0.2399999999999984,145.10000000000002,15.565714285714288,0.4098353981971741,0.4244595468044281,0.0911127912468854,0.4061203649810289,KEEP,observation_noise,0.0013011840041300745
2024-09-29,25.03,0.08,18.44,0.4047713279724121,0.4209395349025726,0.7757360339164734,8,0.121274148778317,,0,1,interpolated,0.0,0.0,-0.6999999999999993,8.250000000000028,16.784285714285716,0.4062662720680237,0.4227108955383301,0.1061934700126012,0.40587706507419447,KEEP,observation_noise,0.0013011840041300745
2024-09-30,25.26,0.2,18.45,0.4017986059188843,0.4192595481872558,0.7700295448303223,8,0.1363548275440328,,0,1,interpolated,0.0,0.0,0.2300000000000004,8.240000000000027,16.928571428571427,0.4047713279724121,0.4209395349025726,0.121274148778317,0.4024479501483142,KEEP,observation_noise,0.0013011840041300745
2024-10-01,25.2,0.4,17.33,0.4036824405193329,0.418012261390686,0.7736548185348511,8,0.1514355063097487,,0,1,interpolated,0.0,0.0,-0.0600000000000022,8.420000000000028,16.815714285714286,0.4017986059188843,0.4192595481872558,0.1363548275440328,0.40499963454107807,KEEP,observation_noise,0.0013011840041300745
2024-10-02,21.46,15.25,4.08,0.4214256405830383,0.4204578399658203,0.8076473474502563,8,0.1665161850754645,,0,1,interpolated,0.0,0.0,-3.7399999999999984,17.62000000000003,16.018571428571427,0.4036824405193329,0.418012261390686,0.1514355063097487,0.41931913175142604,KEEP,observation_noise,0.0013011840041300745
2024-10-03,21.75,16.41,6.49,0.4361837208271026,0.4310927987098694,0.8358871936798096,8,0.1815968638411803,,0,1,interpolated,0.0,0.0,0.2899999999999991,33.190000000000026,14.102857142857143,0.4214256405830383,0.4204578399658203,0.1665161850754645,0.4360842266763996,KEEP,observation_noise,0.0013011840041300745
2024-10-04,22.53,5.34,17.19,0.4146703481674194,0.4268560111522674,0.7946495413780212,8,0.1966775426068961,,0,1,interpolated,0.0,0.0,0.7800000000000011,37.83000000000003,13.995714285714286,0.4361837208271026,0.4310927987098694,0.1815968638411803,0.415707914002648,KEEP,observation_noise,0.0013011840041300745
2024-10-05,23.13,0.17,13.09,0.4045479297637939,0.4228942394256592,0.7752389311790466,8,0.211758221372612,,0,1,interpolated,0.0,0.0,0.5999999999999979,37.85000000000003,13.581428571428573,0.4146703481674194,0.4268560111522674,0.1966775426068961,0.4035385154284309,KEEP,observation_noise,0.0013011840041300745
2024-10-06,23.83,16.06,10.65,0.4239265620708465,0.4260488450527191,0.8123873472213745,8,0.2268389001383278,,0,1,interpolated,0.0,0.0,0.6999999999999993,53.83000000000003,12.468571428571426,0.4045479297637939,0.4228942394256592,0.211758221372612,0.4250223734584173,KEEP,observation_noise,0.0013011840041300745
2024-10-07,21.53,25.41,4.63,0.4249853491783142,0.427955687046051,0.8145289421081543,8,0.2419195789040436,,0,1,interpolated,0.0,0.0,-2.299999999999997,79.04000000000002,10.494285714285716,0.4239265620708465,0.4260488450527191,0.2268389001383278,0.4257144569323078,KEEP,observation_noise,0.0013011840041300745
2024-10-08,21.12,14.21,8.27,0.4166685938835144,0.4259369075298309,0.7985156774520874,8,0.2570002576697595,,0,1,interpolated,0.0,0.0,-0.4100000000000001,92.85000000000004,9.2,0.4249853491783142,0.427955687046051,0.2419195789040436,0.41735399476206914,KEEP,observation_noise,0.0013011840041300745
2024-10-09,21.62,0.79,16.16,0.4108444452285766,0.4233990311622619,0.7873702049255371,8,0.2720809364354753,,0,1,interpolated,0.0,0.0,0.5,78.39000000000004,10.925714285714289,0.4166685938835144,0.4259369075298309,0.2570002576697595,0.4095100261415513,KEEP,observation_noise,0.0013011840041300745
2024-10-10,21.41,0.35,17.28,0.4074260294437408,0.4217546582221985,0.7807809114456177,8,0.2871616152011911,,0,1,interpolated,0.0,0.0,-0.2100000000000008,62.330000000000034,12.46714285714286,0.4108444452285766,0.4233990311622619,0.2720809364354753,0.4057276494351359,KEEP,observation_noise,0.0013011840041300745
2024-10-11,21.28,0.01,18.87,0.402222990989685,0.4198457300662994,0.7708947062492371,8,0.3022422939669069,,0,1,interpolated,0.0,0.0,-0.129999999999999,57.00000000000004,12.70714285714286,0.4074260294437408,0.4217546582221985,0.2871616152011911,0.40083999533955195,KEEP,observation_noise,0.0013011840041300745
2024-10-12,21.02,0.0,18.69,0.4017300307750702,0.4183383285999298,0.769887387752533,8,0.3173229727326228,0.3173229727326228,1,0,observed,1.0,1.0,-0.2600000000000015,56.830000000000034,13.507142857142858,0.402222990989685,0.4198457300662994,0.3022422939669069,0.4007350722544348,KEEP,observation_noise,0.0013011840041300745
2024-10-13,21.75,0.0,18.97,0.4007977247238159,0.4170361757278442,0.7680985927581787,8,0.339265261347849,,0,1,interpolated,0.0,0.0,0.7300000000000004,40.77000000000003,14.695714285714288,0.4017300307750702,0.4183383285999298,0.3173229727326228,0.4014097603605918,KEEP,observation_noise,0.0013011840041300745
2024-10-14,23.14,0.75,7.63,0.4061199724674225,0.416730523109436,0.7783089280128479,8,0.3612075499630753,,0,1,interpolated,0.0,0.0,1.3900000000000006,16.11000000000003,15.124285714285715,0.4007977247238159,0.4170361757278442,0.339265261347849,0.4055409526937721,KEEP,observation_noise,0.0013011840041300745
2024-10-15,23.93,4.05,9.25,0.4095602631568908,0.416718065738678,0.7848634123802185,8,0.3831498385783016,,0,1,interpolated,0.0,0.0,0.7899999999999991,5.950000000000032,15.264285714285714,0.4061199724674225,0.416730523109436,0.3612075499630753,0.4088020014307818,KEEP,observation_noise,0.0013011840041300745
2024-10-16,23.59,1.13,13.55,0.4060156345367431,0.4162374138832092,0.7780809998512268,8,0.4050921271935278,,0,1,interpolated,0.0,0.0,-0.3399999999999998,6.290000000000032,14.891428571428571,0.4095602631568908,0.416718065738678,0.3831498385783016,0.40304157794927126,KEEP,observation_noise,0.0013011840041300745
2024-10-17,23.47,0.27,10.16,0.4069336354732513,0.4157182574272156,0.779837965965271,8,0.4270344158087541,,0,1,interpolated,0.0,0.0,-0.120000000000001,6.210000000000033,13.874285714285715,0.4060156345367431,0.4162374138832092,0.4050921271935278,0.4050521931358074,KEEP,observation_noise,0.0013011840041300745
2024-10-18,25.02,2.15,13.47,0.4179531931877136,0.4176971018314361,0.8010072708129883,8,0.4489767044239804,,0,1,interpolated,0.0,0.0,1.5500000000000007,8.350000000000032,13.102857142857143,0.4069336354732513,0.4157182574272156,0.4270344158087541,0.4178436702981092,KEEP,observation_noise,0.0013011840041300745
2024-10-19,23.0,41.03,6.31,0.4273633956909179,0.4280407130718231,0.8189594149589539,8,0.4709189930392066,,0,1,interpolated,0.0,0.0,-2.02,49.38000000000003,11.334285714285713,0.4179531931877136,0.4176971018314361,0.4489767044239804,0.42481304906449585,KEEP,observation_noise,0.0013011840041300745
2024-10-20,18.25,0.02,12.75,0.4098390340805053,0.4221574068069458,0.7854629755020142,8,0.4928612816544329,,0,1,interpolated,0.0,0.0,-4.75,49.400000000000034,10.445714285714288,0.4273633956909179,0.4280407130718231,0.4709189930392066,0.4096643951666615,KEEP,observation_noise,0.0013011840041300745
2024-10-21,21.22,1.53,12.82,0.4094539284706116,0.4195030331611633,0.7846929430961609,8,0.5148035702696592,,0,1,interpolated,0.0,0.0,2.969999999999999,50.18000000000003,11.187142857142858,0.4098390340805053,0.4221574068069458,0.4928612816544329,0.40943048997833265,KEEP,observation_noise,0.0013011840041300745
2024-10-22,23.18,22.03,3.43,0.4410924017429352,0.4356711506843567,0.8453505635261536,8,0.5367458588848855,,0,1,interpolated,0.0,0.0,1.9600000000000009,68.16000000000004,10.355714285714289,0.4094539284706116,0.4195030331611633,0.5148035702696592,0.4437399306903004,KEEP,observation_noise,0.0013011840041300745
2024-10-23,21.33,5.07,10.38,0.4168853163719177,0.4294714629650116,0.7990054488182068,8,0.5586881475001118,,0,1,interpolated,0.0,0.0,-1.8500000000000012,72.10000000000002,9.902857142857144,0.4410924017429352,0.4356711506843567,0.5367458588848855,0.416056852903289,KEEP,observation_noise,0.0013011840041300745
2024-10-24,20.45,0.0,11.79,0.411722332239151,0.4251158833503723,0.7890148162841797,8,0.580630436115338,,0,1,interpolated,0.0,0.0,-0.879999999999999,71.83000000000003,10.135714285714286,0.4168853163719177,0.4294714629650116,0.5586881475001118,0.413818384112073,KEEP,observation_noise,0.0013011840041300745
2024-10-25,20.77,0.0,12.27,0.4197031557559967,0.4251204431056976,0.8043296933174133,8,0.6025727247305643,,0,1,interpolated,0.0,0.0,0.3200000000000003,69.68000000000004,9.964285714285714,0.411722332239151,0.4251158833503723,0.580630436115338,0.4213973709669398,KEEP,observation_noise,0.0013011840041300745
2024-10-26,21.13,1.08,7.35,0.4182965457439422,0.4272388815879822,0.8016581535339355,8,0.6245150133457905,,0,1,interpolated,0.0,0.0,0.3599999999999994,29.730000000000032,10.11285714285714,0.4197031557559967,0.4251204431056976,0.6025727247305643,0.41824387806477986,KEEP,observation_noise,0.0013011840041300745
2024-10-27,20.72,9.3,8.87,0.4204059243202209,0.4258451759815216,0.8056735992431641,8,0.6464573019610168,,0,1,interpolated,0.0,0.0,-0.4100000000000001,39.01000000000003,9.558571428571428,0.4182965457439422,0.4272388815879822,0.6245150133457905,0.41969735009455333,KEEP,observation_noise,0.0013011840041300745
2024-10-28,19.48,2.96,9.28,0.4136146306991577,0.4246841073036194,0.7927039861679077,8,0.668399590576243,,0,1,interpolated,0.0,0.0,-1.2399999999999984,40.44000000000003,9.052857142857142,0.4204059243202209,0.4258451759815216,0.6464573019610168,0.4128878420902889,KEEP,observation_noise,0.0013011840041300745
2024-10-29,19.45,0.97,7.33,0.4090603291988373,0.4232876300811767,0.7839753031730652,8,0.6903418791914693,,0,1,interpolated,0.0,0.0,-0.0300000000000011,19.38000000000003,9.61,0.4136146306991577,0.4246841073036194,0.668399590576243,0.40779711080397457,KEEP,observation_noise,0.0013011840041300745
2024-10-30,20.01,0.01,14.5,0.4125529527664184,0.4225569069385528,0.7906410694122314,8,0.7122841678066956,,0,1,interpolated,0.0,0.0,0.5600000000000023,14.320000000000029,10.198571428571428,0.4090603291988373,0.4232876300811767,0.6903418791914693,0.41155772246571803,KEEP,observation_noise,0.0013011840041300745
2024-10-31,19.34,0.0,7.01,0.4185470938682556,0.4232495725154876,0.8021332025527954,8,0.7342264564219219,,0,1,interpolated,0.0,0.0,-0.6700000000000017,14.320000000000029,9.515714285714283,0.4125529527664184,0.4225569069385528,0.7122841678066956,0.41858049866364216,KEEP,observation_noise,0.0013011840041300745
2024-11-01,19.94,62.7,2.61,0.4907912909984588,0.4655636250972748,0.9406960606575012,8,0.7561687450371481,,0,1,interpolated,0.0,0.0,0.6000000000000014,77.02000000000004,8.135714285714286,0.4185470938682556,0.4232495725154876,0.7342264564219219,0.4924466881947816,KEEP,observation_noise,0.0013011840041300745
2024-11-02,20.73,129.88,5.28,0.4658264815807342,0.4830852746963501,0.8926975131034851,8,0.7781110336523744,,0,1,interpolated,0.0,0.0,0.7899999999999991,205.82000000000005,7.839999999999999,0.4907912909984588,0.4655636250972748,0.7561687450371481,0.4637070694108909,KEEP,observation_noise,0.0013011840041300745
2024-11-03,19.72,0.0,15.73,0.4469647407531738,0.4654271006584167,0.8566187620162964,8,0.8000533222676007,,0,1,interpolated,0.0,0.0,-1.0100000000000016,196.52000000000004,8.82,0.4658264815807342,0.4830852746963501,0.7781110336523744,0.44693755401672197,KEEP,observation_noise,0.0013011840041300745
2024-11-04,19.25,0.02,14.32,0.4400176405906677,0.4587866067886352,0.8432827591896057,8,0.8219956108828269,,0,1,interpolated,0.0,0.0,-0.4699999999999988,193.58000000000007,9.54,0.4469647407531738,0.4654271006584167,0.8000533222676007,0.44087912357015674,KEEP,observation_noise,0.0013011840041300745
2024-11-05,19.54,3.52,10.98,0.4370479583740234,0.4557540118694305,0.8376082181930542,8,0.8439378994980532,,0,1,interpolated,0.0,0.0,0.2899999999999991,196.13000000000005,10.061428571428571,0.4400176405906677,0.4587866067886352,0.8219956108828269,0.4360495662282353,KEEP,observation_noise,0.0013011840041300745
2024-11-06,16.43,0.98,13.01,0.4360866844654083,0.4533331990242004,0.8357334733009338,8,0.8658801881132795,0.8658801881132795,1,0,observed,0.9632603894800236,1.0,-3.1099999999999994,197.10000000000005,9.848571428571429,0.4370479583740234,0.4557540118694305,0.8439378994980532,0.43556490443033286,KEEP,observation_noise,0.0013011840041300745
2024-11-07,16.42,0.03,14.03,0.4342179894447326,0.4514592587947845,0.8320815563201904,8,0.8672509301083823,,0,1,interpolated,0.0,0.0,-0.009999999999998,197.13000000000005,10.85142857142857,0.4360866844654083,0.4533331990242004,0.8658801881132795,0.432626660814661,KEEP,observation_noise,0.0013011840041300745
2024-11-08,15.9,0.0,14.2,0.4358642995357513,0.4501611888408661,0.8353023529052734,8,0.8686216721034851,,0,1,interpolated,0.0,0.0,-0.5200000000000014,134.43000000000006,12.507142857142856,0.4342179894447326,0.4514592587947845,0.8672509301083823,0.43557509058483906,KEEP,observation_noise,0.0013011840041300745
2024-11-09,17.74,0.0,9.99,0.4349507093429565,0.4488316774368286,0.833579421043396,8,0.8699924140985879,,0,1,interpolated,0.0,0.0,1.839999999999998,4.550000000000057,13.179999999999998,0.4358642995357513,0.4501611888408661,0.8686216721034851,0.4335375955271059,KEEP,observation_noise,0.0013011840041300745
2024-11-10,18.08,8.84,3.32,0.4667149782180786,0.4636457562446594,0.8944769501686096,8,0.8713631560936906,,0,1,interpolated,0.0,0.0,0.3399999999999998,13.390000000000056,11.407142857142858,0.4349507093429565,0.4488316774368286,0.8699924140985879,0.4669687567708329,KEEP,observation_noise,0.0013011840041300745
2024-11-11,18.61,1.3,11.99,0.4502783715724945,0.4669375717639923,0.8629950284957886,8,0.8727338980887934,,0,1,interpolated,0.0,0.0,0.5300000000000011,14.67000000000006,11.074285714285711,0.4667149782180786,0.4636457562446594,0.8713631560936906,0.4502530673600844,KEEP,observation_noise,0.0013011840041300745
2024-11-12,18.55,0.01,12.83,0.4427160620689392,0.4613098800182342,0.8484326601028442,8,0.8741046400838962,,0,1,interpolated,0.0,0.0,-0.0599999999999987,11.16000000000006,11.338571428571427,0.4502783715724945,0.4669375717639923,0.8727338980887934,0.44233419758410714,KEEP,observation_noise,0.0013011840041300745
2024-11-13,17.91,0.05,13.14,0.4406945407390594,0.4585177004337311,0.8445277810096741,8,0.8754753820789989,,0,1,interpolated,0.0,0.0,-0.6400000000000006,10.230000000000055,11.357142857142858,0.4427160620689392,0.4613098800182342,0.8741046400838962,0.439470263481989,KEEP,observation_noise,0.0013011840041300745
2024-11-14,18.25,0.0,12.18,0.4409686625003814,0.4569097757339477,0.8450514674186707,8,0.8768461240741017,,0,1,interpolated,0.0,0.0,0.3399999999999998,10.200000000000056,11.092857142857143,0.4406945407390594,0.4585177004337311,0.8754753820789989,0.4403277560960812,KEEP,observation_noise,0.0013011840041300745
2024-11-15,19.37,0.52,3.49,0.4494477808475494,0.4582970142364502,0.8613846302032471,8,0.8782168660692045,,0,1,interpolated,0.0,0.0,1.120000000000001,10.720000000000056,9.562857142857142,0.4409686625003814,0.4569097757339477,0.8768461240741017,0.44808855963102384,KEEP,observation_noise,0.0013011840041300745
2024-11-16,19.88,0.04,6.46,0.4441066980361938,0.4578293859958648,0.8511147499084473,8,0.8795876080643072,,0,1,interpolated,0.0,0.0,0.509999999999998,10.760000000000057,9.058571428571428,0.4494477808475494,0.4582970142364502,0.8782168660692045,0.44498411385822434,KEEP,observation_noise,0.0013011840041300745
2024-11-17,19.42,1.14,4.22,0.4385490119457245,0.4562857151031494,0.8404243588447571,8,0.88095835005941,,0,1,interpolated,0.0,0.0,-0.4599999999999973,3.060000000000057,9.187142857142858,0.4441066980361938,0.4578293859958648,0.8795876080643072,0.4375445138717538,KEEP,observation_noise,0.0013011840041300745
2024-11-18,15.31,0.37,8.9,0.4355115592479706,0.4541689753532409,0.8346320390701294,8,0.8823290920545128,,0,1,interpolated,0.0,0.0,-4.110000000000001,2.1300000000000567,8.745714285714287,0.4385490119457245,0.4562857151031494,0.88095835005941,0.43664285853419005,KEEP,observation_noise,0.0013011840041300745
2024-11-19,12.76,0.05,11.75,0.4342785477638244,0.4524555504322052,0.8323115110397339,8,0.8836998340496156,,0,1,interpolated,0.0,0.0,-2.5500000000000007,2.170000000000057,8.59142857142857,0.4355115592479706,0.4541689753532409,0.8823290920545128,0.4352281570324835,KEEP,observation_noise,0.0013011840041300745
2024-11-20,14.44,0.01,11.43,0.4325307607650757,0.4511536061763763,0.8289681673049927,8,0.8850705760447184,,0,1,interpolated,0.0,0.0,1.6799999999999995,2.1300000000000567,8.347142857142858,0.4342785477638244,0.4524555504322052,0.8836998340496156,0.43148685991591784,KEEP,observation_noise,0.0013011840041300745
2024-11-21,15.49,0.0,10.35,0.4339761137962341,0.4498947858810425,0.8317080140113831,8,0.8864413180398212,,0,1,interpolated,0.0,0.0,1.0500000000000007,2.1300000000000567,8.085714285714285,0.4325307607650757,0.4511536061763763,0.8850705760447184,0.43329689580215097,KEEP,observation_noise,0.0013011840041300745
2024-11-22,15.1,0.47,9.69,0.4326257705688476,0.4485402703285217,0.8290682435035706,8,0.887812060034924,,0,1,interpolated,0.0,0.0,-0.3900000000000005,2.080000000000057,8.971428571428572,0.4339761137962341,0.4498947858810425,0.8864413180398212,0.43191826777134856,KEEP,observation_noise,0.0013011840041300745
2024-11-23,13.69,1.02,8.72,0.4340024590492248,0.447692334651947,0.8317107558250427,8,0.8891828020300268,,0,1,interpolated,0.0,0.0,-1.41,3.0600000000000565,9.294285714285715,0.4326257705688476,0.4485402703285217,0.887812060034924,0.43521797573681353,KEEP,observation_noise,0.0013011840041300745
2024-11-24,12.6,0.24,11.51,0.4331677258014679,0.4466776251792907,0.8301180601119995,8,0.8905535440251295,,0,1,interpolated,0.0,0.0,-1.09,2.160000000000057,10.335714285714287,0.4340024590492248,0.447692334651947,0.8891828020300268,0.4345123127808727,KEEP,observation_noise,0.0013011840041300745
2024-11-25,13.33,0.0,12.3,0.435508131980896,0.4461911022663116,0.8346794247627258,8,0.8919242860202322,,0,1,interpolated,0.0,0.0,0.7300000000000004,1.7900000000000569,10.821428571428571,0.4331677258014679,0.4466776251792907,0.8905535440251295,0.43243472309038444,KEEP,observation_noise,0.0013011840041300745
2024-11-26,14.92,35.71,2.41,0.4494316577911377,0.4560112357139587,0.8614075779914856,8,0.893295028015335,,0,1,interpolated,0.0,0.0,1.59,37.45000000000006,9.487142857142857,0.435508131980896,0.4461911022663116,0.8919242860202322,0.44944903045567847,KEEP,observation_noise,0.0013011840041300745
2024-11-27,12.38,10.28,5.01,0.4428855776786804,0.452425479888916,0.8487348556518555,8,0.8946657700104378,,0,1,interpolated,0.0,0.0,-2.539999999999999,47.72000000000006,8.569999999999999,0.4494316577911377,0.4560112357139587,0.893295028015335,0.4437802439097754,KEEP,observation_noise,0.0013011840041300745
2024-11-28,11.86,6.06,8.1,0.4380359649658203,0.4495924711227417,0.8395116329193115,8,0.8960365120055406,,0,1,interpolated,0.0,0.0,-0.5200000000000014,53.78000000000006,8.248571428571429,0.4428855776786804,0.452425479888916,0.8946657700104378,0.4390755498044615,KEEP,observation_noise,0.0013011840041300745
2024-11-29,11.41,5.64,6.34,0.4339154064655304,0.4475486874580383,0.8315272927284241,8,0.8974072540006434,,0,1,interpolated,0.0,0.0,-0.4499999999999993,58.95000000000006,7.77,0.4380359649658203,0.4495924711227417,0.8960365120055406,0.4349171458430252,KEEP,observation_noise,0.0013011840041300745
2024-11-30,11.82,0.32,9.76,0.431499183177948,0.445584088563919,0.8269335031509399,8,0.8987779959957461,,0,1,interpolated,0.0,0.0,0.4100000000000001,58.25000000000006,7.918571428571428,0.4339154064655304,0.4475486874580383,0.8974072540006434,0.4340030397246848,KEEP,observation_noise,0.0013011840041300745
2024-12-01,13.47,0.07,11.11,0.4288995862007141,0.444318026304245,0.8219047784805298,8,0.9001487379908489,0.9001487379908489,1,0,observed,0.8004416783778354,1.0,1.6500000000000004,58.080000000000055,7.861428571428571,0.431499183177948,0.445584088563919,0.8987779959957461,0.42995464708619363,KEEP,observation_noise,0.0013011840041300745
2024-12-02,15.1,0.86,10.36,0.4295875132083893,0.4433437287807464,0.8232700824737549,8,0.8998278841055178,,0,1,interpolated,0.0,0.0,1.629999999999999,58.940000000000055,7.584285714285714,0.4288995862007141,0.444318026304245,0.9001487379908489,0.4266836980693484,KEEP,observation_noise,0.0013011840041300745
2024-12-03,14.39,0.01,11.46,0.428424060344696,0.4421678781509399,0.8210889101028442,8,0.8995070302201869,,0,1,interpolated,0.0,0.0,-0.7099999999999991,23.24000000000005,8.877142857142857,0.4295875132083893,0.4433437287807464,0.8998278841055178,0.42739699236599865,KEEP,observation_noise,0.0013011840041300745
2024-12-04,11.23,0.02,8.07,0.4271092116832733,0.4409587681293487,0.818507194519043,8,0.8991861763348558,,0,1,interpolated,0.0,0.0,-3.16,12.980000000000055,9.314285714285711,0.428424060344696,0.4421678781509399,0.8995070302201869,0.4230964192718315,KEEP,observation_noise,0.0013011840041300745
2024-12-05,11.88,0.11,7.54,0.4252516627311706,0.4397866129875183,0.8150042295455933,8,0.8988653224495248,,0,1,interpolated,0.0,0.0,0.6500000000000004,7.030000000000056,9.234285714285717,0.4271092116832733,0.4409587681293487,0.8991861763348558,0.4245162077899996,KEEP,observation_noise,0.0013011840041300745
2024-12-06,12.21,0.35,6.48,0.4238974452018738,0.4384546279907226,0.8124080896377563,8,0.8985444685641937,,0,1,interpolated,0.0,0.0,0.33,1.7400000000000568,9.254285714285714,0.4252516627311706,0.4397866129875183,0.8988653224495248,0.4263236933562576,KEEP,observation_noise,0.0013011840041300745
2024-12-07,10.24,0.68,9.47,0.4280875921249389,0.43787682056427,0.8203753232955933,8,0.8982236146788626,,0,1,interpolated,0.0,0.0,-1.9700000000000009,2.100000000000057,9.212857142857144,0.4238974452018738,0.4384546279907226,0.8985444685641937,0.42697893272859355,KEEP,observation_noise,0.0013011840041300745
2024-12-08,9.13,1.72,9.78,0.4250187575817108,0.4371381998062134,0.8144529461860657,8,0.8979027607935316,,0,1,interpolated,0.0,0.0,-1.1099999999999994,3.750000000000057,9.022857142857143,0.4280875921249389,0.43787682056427,0.8982236146788626,0.4245530252665486,KEEP,observation_noise,0.0013011840041300745
2024-12-09,9.49,0.01,6.91,0.4216791093349457,0.4359203279018402,0.8080530166625977,8,0.8975819069082005,,0,1,interpolated,0.0,0.0,0.3599999999999994,2.9000000000000563,8.53,0.4250187575817108,0.4371381998062134,0.8979027607935316,0.42170492929500863,KEEP,observation_noise,0.0013011840041300745
2024-12-10,10.43,0.0,8.47,0.4216636717319488,0.4350475966930389,0.8080394864082336,8,0.8972610530228695,,0,1,interpolated,0.0,0.0,0.9399999999999996,2.8900000000000565,8.102857142857143,0.4216791093349457,0.4359203279018402,0.8975819069082005,0.42526882796960663,KEEP,observation_noise,0.0013011840041300745
2024-12-11,11.69,1.07,8.26,0.4217717051506042,0.4345426559448242,0.8083081245422363,8,0.8969401991375384,,0,1,interpolated,0.0,0.0,1.2599999999999998,3.940000000000057,8.13,0.4216636717319488,0.4350475966930389,0.8972610530228695,0.4214314472232272,KEEP,observation_noise,0.0013011840041300745
2024-12-12,11.38,0.78,8.76,0.4212519526481628,0.434036910533905,0.8072726726531982,8,0.8966193452522073,,0,1,interpolated,0.0,0.0,-0.3099999999999987,4.610000000000057,8.304285714285715,0.4217717051506042,0.4345426559448242,0.8969401991375384,0.4223160780339189,KEEP,observation_noise,0.0013011840041300745
2024-12-13,11.28,0.62,5.88,0.4201729893684387,0.433286190032959,0.8052017688751221,8,0.8962984913668763,,0,1,interpolated,0.0,0.0,-0.1000000000000014,4.880000000000057,8.218571428571428,0.4212519526481628,0.434036910533905,0.8966193452522073,0.42075062520629747,KEEP,observation_noise,0.0013011840041300745
2024-12-14,8.42,0.13,8.55,0.4197383522987366,0.4321646690368652,0.8043580055236816,8,0.8959776374815452,,0,1,interpolated,0.0,0.0,-2.8599999999999994,4.330000000000057,8.087142857142856,0.4201729893684387,0.433286190032959,0.8962984913668763,0.41918042771946507,KEEP,observation_noise,0.0013011840041300745
2024-12-15,9.32,0.54,5.15,0.4191413521766662,0.4312725961208343,0.8032873868942261,8,0.8956567835962143,,0,1,interpolated,0.0,0.0,0.9000000000000004,3.150000000000057,7.425714285714285,0.4197383522987366,0.4321646690368652,0.8959776374815452,0.4180392940383284,KEEP,observation_noise,0.0013011840041300745
2024-12-16,9.38,0.39,7.12,0.4167360663414001,0.4303178191184997,0.7986629605293274,8,0.8953359297108832,,0,1,interpolated,0.0,0.0,0.0600000000000005,3.530000000000057,7.455714285714286,0.4191413521766662,0.4312725961208343,0.8956567835962143,0.41601828158717336,KEEP,observation_noise,0.0013011840041300745
2024-12-17,9.79,0.15,7.04,0.4167312383651733,0.4295070171356201,0.7986747026443481,8,0.8950150758255521,,0,1,interpolated,0.0,0.0,0.4099999999999983,3.680000000000057,7.251428571428571,0.4167360663414001,0.4303178191184997,0.8953359297108832,0.416326390131379,KEEP,observation_noise,0.0013011840041300745
2024-12-18,8.25,0.68,6.62,0.4267848134040832,0.4308337867259979,0.8179332613945007,8,0.8946942219402211,,0,1,interpolated,0.0,0.0,-1.5399999999999991,3.290000000000057,7.017142857142857,0.4167312383651733,0.4295070171356201,0.8950150758255521,0.42452768467009805,KEEP,observation_noise,0.0013011840041300745
2024-12-19,8.65,5.96,7.92,0.4300467371940613,0.4368027448654175,0.8241632580757141,8,0.89437336805489,,0,1,interpolated,0.0,0.0,0.4000000000000003,8.470000000000056,6.897142857142858,0.4267848134040832,0.4308337867259979,0.8946942219402211,0.42939956187918155,KEEP,observation_noise,0.0013011840041300745
2024-12-20,9.6,1.24,10.42,0.4223677217960357,0.4334908127784729,0.8094192147254944,8,0.894052514169559,,0,1,interpolated,0.0,0.0,0.9499999999999992,9.090000000000057,7.5457142857142845,0.4300467371940613,0.4368027448654175,0.89437336805489,0.42060285500743944,KEEP,observation_noise,0.0013011840041300745
2024-12-21,9.86,3.46,3.49,0.4231868684291839,0.4324085414409637,0.8110238909721375,8,0.8937316602842279,,0,1,interpolated,0.0,0.0,0.2599999999999998,12.42000000000006,6.822857142857143,0.4223677217960357,0.4334908127784729,0.894052514169559,0.4224976728672344,KEEP,observation_noise,0.0013011840041300745
2024-12-22,6.92,0.03,9.83,0.4193567037582397,0.4307997822761535,0.8036938905715942,8,0.8934108063988968,,0,1,interpolated,0.0,0.0,-2.9399999999999995,11.910000000000055,7.491428571428571,0.4231868684291839,0.4324085414409637,0.8937316602842279,0.41768612472544336,KEEP,observation_noise,0.0013011840041300745
2024-12-23,8.03,0.0,11.2,0.4174336493015289,0.4297297596931457,0.799981951713562,8,0.8930899525135658,,0,1,interpolated,0.0,0.0,1.1099999999999994,11.520000000000056,8.074285714285713,0.4193567037582397,0.4307997822761535,0.8934108063988968,0.4175553816993779,KEEP,observation_noise,0.0013011840041300745
2024-12-24,8.74,0.0,11.66,0.414627730846405,0.4288070499897003,0.7946214079856873,8,0.8927690986282347,,0,1,interpolated,0.0,0.0,0.7100000000000009,11.370000000000058,8.734285714285715,0.4174336493015289,0.4297297596931457,0.8930899525135658,0.4135928762226511,KEEP,observation_noise,0.0013011840041300745
2024-12-25,10.04,0.62,8.29,0.4233185052871704,0.429641842842102,0.8113150000572205,8,0.8924482447429037,,0,1,interpolated,0.0,0.0,1.299999999999999,11.310000000000056,8.972857142857142,0.414627730846405,0.4288070499897003,0.8927690986282347,0.4256865122094786,KEEP,observation_noise,0.0013011840041300745
2024-12-26,10.89,0.36,8.85,0.4184542894363403,0.4290499091148376,0.801923394203186,8,0.8921273908575726,0.8921273908575726,1,0,observed,0.2353944990965668,1.0,0.8500000000000014,5.710000000000057,9.105714285714283,0.4233185052871704,0.429641842842102,0.8924482447429037,0.41740802077224576,KEEP,observation_noise,0.0013011840041300745
